ZCR_Mean,ZCR_Std,STE_Mean,STE_Max,Pitch_Mean,Spectral_Centroid,Spectral_Rolloff,Kurtosis,Skewness,MFCC_1,MFCC_2,MFCC_3,MFCC_4,MFCC_5,MFCC_6,MFCC_7,MFCC_8,MFCC_9,MFCC_10,MFCC_11,MFCC_12,MFCC_13,Delta_MFCC_1,Delta_MFCC_2,Delta_MFCC_3,Delta_MFCC_4,Delta_MFCC_5,Delta_MFCC_6,Delta_MFCC_7,Delta_MFCC_8,Delta_MFCC_9,Delta_MFCC_10,Delta_MFCC_11,Delta_MFCC_12,Delta_MFCC_13,Delta2_MFCC_1,Delta2_MFCC_2,Delta2_MFCC_3,Delta2_MFCC_4,Delta2_MFCC_5,Delta2_MFCC_6,Delta2_MFCC_7,Delta2_MFCC_8,Delta2_MFCC_9,Delta2_MFCC_10,Delta2_MFCC_11,Delta2_MFCC_12,Delta2_MFCC_13,Dosya_Adi,Duygu
0.3318986971952908,0.1053799602200704,0.030467566,0.18727571,2315.2068,8323.265195532518,13405.76104246018,26.797247,-0.08380305,-348.99548,-20.605753,-46.514503,36.936802,-48.882282,4.5416336,-55.480392,15.425868,-33.917274,12.058121,-21.128986,-4.703605,-13.466189,-0.4143348,0.07667155,0.17723733,0.02103553,0.009293638,0.13924384,0.07754317,-0.06830451,0.022448212,-0.031091793,0.0043754526,0.0039461814,-0.0012418557,-0.055980004,0.02510672,0.09253332,-0.0039343713,0.027083516,0.021827586,0.05456039,-0.017734298,0.034852985,0.0057968553,0.008175659,0.009708352,-0.010906041,G15_D02_C_08_Uzgun_C4.wav,Sad
0.144779108502538,0.0639733123685413,0.01777973,0.048169564,2158.9785,4843.54769356277,8781.502567814086,4.138969,0.017051648,-417.64633,56.97703,-71.99453,34.58959,-23.533278,22.519625,-25.19854,-3.422355,-18.54837,-14.291715,-36.890152,3.8418167,-23.766417,0.13728236,-0.0024890609,-0.060768288,-0.0070456294,-0.0661527,0.01105036,0.049045593,-0.044004243,0.029015038,0.036031302,0.012536925,0.01508765,0.020810215,-0.13272282,-0.12961496,0.059021354,0.019855974,-0.031946164,0.01078699,0.08219796,0.040420115,0.022868732,0.014892832,0.04683573,-0.017604632,0.016186131,G15_D05_E_26_mutlu_C2.wav,Happy
0.3110322584384273,0.0991331731343899,0.0324268,0.1929711,2304.907,8028.084820986086,13312.439580628708,24.273813,0.021899357,-366.86963,-22.056929,-57.725266,19.003372,-60.246105,-3.5667186,-47.18626,18.413095,-31.495346,-1.9717033,-15.309256,10.86949,-19.648012,-0.12893234,0.34646186,-0.010224249,-0.3697885,-0.04167953,0.034768775,0.035125833,0.07142464,-0.031148825,0.08112102,0.037741087,0.052166652,0.009854943,-0.06185218,0.068654,0.12020323,-0.03345577,0.046982598,0.040269025,0.031924807,-0.0050293063,0.07359279,-0.016520172,0.019049164,-0.031731684,0.028902015,G15_D02_C_08_Notr_C1.wav,Neutral
0.3850196100050403,0.1630839182082459,0.019638544,0.36905015,1859.9346,10047.254445280809,15392.202758789062,101.01199,0.019432537,-492.1251,-26.49534,6.5623517,5.81487,-15.983713,3.549022,-27.401293,6.8582506,-27.710545,-14.128693,0.7062734,-8.384569,0.39813578,-0.27915117,0.15119009,0.26582673,-0.059930958,-0.07417176,0.009519842,0.143076,0.014115157,-0.07052941,-0.098696716,-0.047746252,0.010867238,0.0011691893,-0.2832327,-0.04345237,0.08473458,0.027066758,0.039899565,0.017526295,-0.0017369986,0.0032467074,0.022032958,-0.021165948,0.02594501,-0.0064011966,0.0030038108,G15_D01_C_05_Uzgun_C4.wav,Sad
0.2344872060448232,0.1204256164979946,0.015913123,0.05606741,2178.149,7618.663237975288,13701.0986328125,6.9390383,-0.07778579,-433.6898,-34.315533,-47.262527,-10.293837,-39.26394,-28.371943,-28.187523,6.6936812,-23.286833,3.4771278,-11.1441345,-9.473183,-1.3083018,-0.02601321,-0.14085132,-0.050240457,0.09223229,-0.06073874,0.1478601,0.065004654,0.033419494,0.008641773,0.05367378,0.035554394,-0.07676826,0.07333868,0.15083127,0.12388369,0.04052108,-0.0037117992,0.008981583,-0.0070720487,0.015183458,-0.004972495,0.009434548,0.0008292367,0.017464163,-0.0013256115,0.028727168,G15_D02_C_08_Mutlu_C2.wav,Happy
0.1628302291147132,0.0789822773683916,0.010975761,0.051197287,2041.5394,5313.765162448297,10108.46954878429,15.48464,-0.12145517,-413.33047,72.401665,-40.385925,54.649517,-16.074022,22.62125,-33.200363,6.616294,-27.383528,-5.2596955,-18.323912,-0.6055128,-23.39459,0.39132333,0.08159967,-0.0015126939,-0.2677955,-0.18346749,0.10650645,-0.05875562,0.06517754,-0.05197405,-0.03708712,-0.019978324,0.0021756093,0.030611118,-0.10929314,0.002876353,0.045506284,-0.08660379,0.020162933,0.009873961,0.038902793,-0.018902056,0.022862498,-0.018760348,-0.009440259,0.022537945,0.03824052,G15_D06_E_55_notr_C1.wav,Neutral
0.0904368524966032,0.0820739510197423,0.008614069,0.029502552,1860.403,2927.835658598945,4931.9812277088995,7.8681936,0.22066584,-521.8067,130.05052,-76.10501,38.603706,-12.489688,-6.8349085,6.568995,-29.537292,4.5202074,-16.552275,-16.458797,6.532801,-15.726861,-0.78819525,-0.051610883,0.09841407,0.2408636,0.18024811,0.09981401,0.10594517,0.033965338,0.002092009,0.038420174,-0.014615424,-0.039239172,-0.0137485,0.15268376,-0.12387425,0.09229694,-0.031193195,0.060697738,-0.014716433,-0.017267717,0.06574223,-0.016367743,0.02795999,0.015250414,-0.024949703,0.04331925,G15_D04_K_28_Saskin_C5.wav,Surprised
0.220283954326923,0.0933774362380447,0.029932354,0.089886084,2097.1255,6724.578191264851,11813.446514423076,6.1970844,0.20112574,-359.57806,-4.271182,-75.47434,18.20191,-46.322002,4.786703,-51.489178,4.02001,-39.374725,3.2747326,-8.691927,-17.647425,-7.6012716,-0.26734614,-0.2968635,0.08230308,-0.09102586,-0.06132069,0.22646369,0.12218773,-0.015339206,0.056864507,0.20204839,0.05765872,0.017022884,-0.06639574,-0.037128232,0.036860004,0.041567244,-0.0075380844,0.027782056,-0.00012653205,0.018716102,0.011749156,-0.0121405125,0.01754458,0.018007344,0.018549204,-0.008785603,G15_D01_C_05_Mutlu_C2.wav,Happy
0.1606919642857142,0.0822920190594531,0.02144498,0.09545504,2248.518,5054.393897719551,8689.447265625,10.208949,0.04137892,-407.94135,40.676765,-77.1465,38.755787,-21.112514,15.076886,-18.567884,-3.0563338,-21.965887,-14.287146,-34.070488,0.6054454,-22.223608,-0.33073586,0.8283739,0.22266872,-0.122645676,0.00032042913,-0.19199249,0.020951761,0.022722855,0.03868415,-0.07178543,-0.122637175,-0.028242595,0.023169348,-0.07788091,0.09697838,0.14028293,-0.005213822,0.117423706,-0.03532467,0.0479227,-0.020170677,0.049903575,-0.060589094,0.033560097,-0.03466692,0.06419401,G15_D05_E_26_ofkeli_C3.wav,Angry
0.1026255933544303,0.0756083606258821,0.011913708,0.07252867,2060.3052,3128.4083858926233,5167.287319521361,23.33269,0.011578579,-502.20837,87.119354,-73.31473,39.8442,-4.164362,-24.673271,11.630288,-12.207782,-23.047009,-28.440943,-7.26042,-1.3726318,-18.058653,-0.8205772,-0.18734725,0.21811609,0.10973923,0.16171925,0.274004,0.11760805,-0.06190225,-0.03148947,0.082297616,0.024617454,-0.057680566,-0.012869195,-0.10090018,-0.2178701,0.07659202,0.01818829,0.04298426,0.04137157,-0.012334908,0.03214232,0.03608187,0.02757816,0.05552059,0.049044725,0.022446893,G15_D03_K_19_Saskin_C5.wav,Surprised
0.2519246419270833,0.1209759752024384,0.020657193,0.064709246,2059.9238,6867.727397196693,11981.134033203123,6.324379,0.17310771,-382.0506,13.669507,-62.6226,-0.94048494,-42.872295,5.2324,-47.054405,10.867494,-36.637108,5.0346446,-17.4798,-9.758977,16.403036,-0.289812,0.024472093,0.057218853,0.016624091,0.09970663,0.029028948,0.10183121,0.0049267053,0.053903382,0.013037602,-0.016513545,-0.0027900722,0.05882933,-0.14537475,0.04449841,0.114239626,0.019180944,0.023883687,-0.0030780395,0.026532428,-0.025951635,0.028774375,-0.003154756,-0.049338628,-0.0125955595,-0.006904403,G15_D01_C_05_Notr_C1.wav,Neutral
0.0749148105053191,0.0696554965784878,0.007395824,0.02921019,1434.2032,2641.5988506414105,4696.223612034574,12.559878,-0.32197887,-514.0421,161.31348,-63.4143,27.277647,-25.966091,-1.3070726,16.920536,-28.347795,3.544838,-13.981816,-9.857354,3.9891417,-23.816174,-0.5750532,0.18081641,-0.009283539,-0.1974892,-0.12331109,0.13454387,0.22297217,0.090883255,0.07204596,0.13170734,0.08021068,0.05765547,0.044416793,-0.19040865,-0.31407452,0.17230769,-0.03288109,0.01811045,0.015921606,-0.014191549,0.039238624,-0.023014518,0.004305459,0.0049001775,0.008611777,0.039288554,G15_D04_K_28_Notr_C1.wav,Neutral
0.1232419390108142,0.0739487883589173,0.013336804,0.049133264,1945.3104,4975.68924763221,9228.045980438932,18.807407,0.21173976,-427.8439,53.53721,-55.362564,51.414257,-31.23699,7.217043,-34.178524,-15.654431,-18.350891,-7.61036,-27.996998,-3.3802779,-30.256231,-0.40843135,0.48000613,0.051424332,-0.10552365,0.18999255,-0.0036644728,0.047322858,0.035366487,0.057972208,0.033707432,0.021103332,0.079875425,0.011929102,-0.46102718,-0.23293202,0.15229052,-0.04539222,0.053819787,-0.021976674,0.0788884,0.014465327,0.05660395,0.03344722,0.024543356,-0.0061262944,0.061533514,G15_D06_E_55_ofkeli_C3.wav,Angry
0.071540279664855,0.058196715258304,0.009546318,0.024591072,1716.9169,2585.22529444915,4556.535007642663,4.8234773,-0.1654669,-509.28952,127.414375,-72.98159,40.079754,-1.8342118,-24.087244,11.002748,-21.26542,-25.775745,-22.769777,-8.328964,-4.8151317,-17.603123,0.09778084,-0.16457415,-0.34428218,-0.041841894,-0.27337116,0.022041002,0.058499668,-0.12815918,-0.0018426854,0.018270513,0.11674385,0.06340238,-0.08879164,0.3244489,-0.030539382,0.16934513,-0.13878009,-0.007746883,-0.016648224,-0.035251603,0.04869306,-0.052166946,-0.0127134565,-0.01115905,-0.010283201,0.0127589395,G15_D03_K_19_Mutlu_C2.wav,Happy
0.0706356006040892,0.0620562189144274,0.011081213,0.05069484,1635.696,2512.2592223622514,4398.376873257435,14.522547,0.05028407,-506.6358,144.33284,-72.275505,45.375145,-6.127182,-29.929485,14.209254,-16.320494,-24.176397,-25.259228,-8.877258,-3.0573237,-16.633814,-0.6098521,-0.031191822,0.042443328,-0.18054536,0.10647554,0.122101426,0.14518097,0.25829828,0.13092935,0.124289684,0.034095827,-0.06889463,-0.020534424,-0.30961177,-0.2675322,0.0943258,-0.007174212,0.08543932,0.12920487,-0.04590084,-0.010140234,0.08085998,0.03219046,-0.001952385,-0.024458075,-0.025021443,G15_D03_K_19_Ofkeli_C3.wav,Angry
0.086329004786036,0.0723941344586245,0.0070701297,0.037143834,2076.0764,2943.4964684591705,5000.423616976352,16.62068,-0.03485817,-541.53503,113.40658,-71.56791,44.271526,0.19927117,-4.042559,12.582283,-16.51115,5.907062,-14.410765,-8.465696,8.176925,-15.23561,0.5990495,-0.21514851,-0.52593094,0.014748937,-0.118210666,0.06693893,-0.006552851,-0.18242408,0.0042039193,0.034350753,0.089475244,0.029621877,-0.0051738564,-0.16253151,0.07335621,0.1304108,-0.0834743,0.024630355,-0.017618792,-0.0035397965,0.020461587,-0.04608264,0.051829915,0.028751267,0.005776673,0.009655191,G15_D04_K_28_Uzgun_C4.wav,Sad
0.1231620727211796,0.0596540297498662,0.014300763,0.054993607,1993.8097,4798.141083881053,9197.217844127012,7.3055,-0.117416695,-397.01505,74.76346,-56.785355,48.431164,-28.071022,9.74689,-38.8349,-15.71228,-18.024591,-13.617013,-28.46433,7.8024416,-35.968273,-0.31963748,0.30551675,0.1843799,-0.13187952,-0.113576844,-0.05286032,0.040233795,0.03725494,0.068055466,0.017136073,0.07231258,-0.017787816,0.000683291,-0.07729004,-0.0085513545,0.09137227,-0.07265846,-0.019311037,0.0065717236,0.050898835,0.027203856,-0.020588784,0.011361468,0.022055436,-0.0066284854,0.034385912,G15_D06_E_55_mutlu_C2.wav,Happy
0.139123420356583,0.1069965881358991,0.008850985,0.028785018,1877.8435,4514.9845465590715,8590.533007200234,6.9437504,0.122646436,-445.35138,91.42419,-42.168327,40.10782,-26.153107,28.85852,-38.139248,1.7382951,2.2424474,1.6264105,-29.516886,0.0180224,-13.172257,0.01680581,-0.14630534,0.04468404,0.079619184,-0.12235861,0.012810979,0.047566764,-0.030394187,0.052399114,-0.060874354,-0.04938646,0.039952066,-0.0012281173,-0.09550471,-0.09950948,0.0532484,0.026078254,-0.12049373,0.0046149706,0.09978659,-0.017815132,0.01915067,0.021929616,0.036383487,0.0015364008,0.045136705,G15_D05_E_26_notr_C1.wav,Neutral
0.2086363181089743,0.1143148121431241,0.014514985,0.08429256,2152.2058,6508.353892001995,11649.959810697115,21.064354,0.46595716,-395.264,32.510345,-29.719997,18.151615,-21.457338,-5.212452,-33.38031,13.484082,-16.234552,-24.196455,-19.500376,-0.52194667,-8.305155,0.15921046,0.08621103,0.033065487,-0.12212949,-0.09605286,0.0022873217,-0.072021365,-0.048371904,-0.03111762,0.023374936,-0.05108372,-0.04413394,0.037212986,-0.1861012,0.03294442,0.049036615,-0.021808395,-0.02763252,-0.0028273852,0.05734837,-0.035642907,0.014906372,0.010641147,0.04312678,0.0068640676,0.0117210215,G12_D08_E_13_Notr_C1.wav,Neutral
0.1020844006147541,0.0753548485207156,0.01805497,0.079886824,1708.9514,3487.6326966662923,5598.844614497951,8.236396,-0.0594075,-482.8165,95.90375,-82.979225,-21.399555,-5.187793,-31.456966,2.511175,-33.446407,-20.118176,0.8712086,-9.405656,-18.391068,-14.126502,0.002402165,0.49250847,-0.07537954,-0.43952686,-0.25241876,-0.011569226,0.034279346,-0.011451553,0.024621027,0.048227727,0.015179887,0.015057326,0.09335087,0.16166255,-0.003056759,0.12831011,-0.08708483,-0.08216931,0.06704762,0.006532089,0.01901398,0.027358321,0.03300594,0.0013188409,-0.01230948,-0.0031398383,G12_D06_K_8_Notr_C1.wav,Neutral
0.1480912012411347,0.1029045019553065,0.015632795,0.081857465,2033.3982,4440.456138363878,7230.472905585107,15.657133,0.63464093,-485.51407,63.4357,-88.88597,34.557655,-13.970934,-38.13573,25.827633,-41.88696,-11.955593,-14.723635,-22.727272,-2.2978039,-10.54575,-0.21609876,-0.0097956555,0.09310344,0.06566003,0.271431,0.05765679,-0.14133157,-0.025026001,-0.003029884,0.04015861,0.043764904,-0.025862899,0.0056564724,-0.12986562,0.006568796,0.09191552,-0.028236618,0.022697125,0.061071992,0.0031605195,0.039144374,-0.007032475,0.00949425,0.037518572,-0.00049624825,0.024278251,G12_D04_E_8_Sask─▒n_C5 .wav,Surprised
0.2876211660879629,0.1099538206133304,0.018643707,0.10843749,1968.104,7190.863916907999,11856.341145833334,17.941061,0.28593662,-371.8061,25.092411,-29.453838,10.558171,-33.5279,-4.34511,-40.880375,19.626133,-22.371416,-13.646895,-2.2318945,-21.451197,4.6531377,-0.2348547,0.3744318,0.09714945,-0.2206663,-0.17845103,-0.070388146,-0.0031955366,0.04184574,0.016250808,0.053371277,-0.019110601,0.06117637,0.14317994,-0.17183986,-0.040277027,0.07117962,-0.03125584,0.0021900248,-0.033669833,0.11571564,-0.029094202,0.010989902,0.039259728,0.0031325128,0.058303565,-0.02905333,G12_D02_K_21_Notr_C1.wav,Neutral
0.1271705530375318,0.1130128289546487,0.015292325,0.07746245,2241.3354,3879.73871627928,6305.557460639313,8.841582,0.1769904,-488.4437,76.20933,-86.007454,-4.352621,-0.7393001,-39.514755,0.19300465,-17.344034,-15.835348,-15.271721,-15.529551,-7.597753,-12.204725,-0.52504104,-0.04979501,0.36295027,0.058895625,0.25237614,0.21751674,-0.14667733,-0.038597807,0.060605682,0.019466415,0.043837473,-0.015612598,-0.010915803,-0.16035579,-0.046482258,0.15066124,0.05794543,-0.004007375,0.05161976,0.026118457,0.011873514,0.018983921,0.01630541,-0.011525162,0.0066596656,0.03204928,G12_D05_E_8_Sask─▒n_C5.wav,Surprised
0.2129870939399696,0.1693919197699471,0.015600471,0.06257266,2335.497,5265.916979601721,8096.746176861702,15.0810375,-0.068141446,-493.00323,64.5754,-94.77163,48.4719,1.8336055,-37.52089,20.663214,-44.681953,17.88229,-23.14384,-15.729428,13.903726,-19.364422,-0.30305347,-0.56667304,-0.12475695,0.36874858,-0.019013263,0.10187349,0.18238407,-0.13777602,-0.03565906,0.09055678,0.009276492,-0.014477263,0.010206647,-0.20292701,-0.09411844,0.36299232,-0.07962805,-0.053601205,0.08164653,-0.04877568,0.10099876,-0.07523892,0.025991965,0.0027934106,-0.03932666,0.05382472,G12_D07_E_20_Sask─▒n_C5.wav,Surprised
0.1509293265964673,0.1094471772564614,0.01410266,0.050738655,1996.3423,4404.652866369208,7543.057649031929,9.352351,0.7194069,-472.34085,83.12729,-91.32015,20.461767,-24.42344,-54.041576,25.887594,-35.271664,-15.734406,-15.059126,-18.223984,-5.6019473,-13.6368265,0.06557558,0.15060644,-0.0044995807,-0.11771862,-0.24014986,-0.048126392,0.12937783,0.05319185,0.057837125,-0.008223899,0.019488236,0.029639352,-0.057828944,-0.13662183,-0.09914906,0.09305172,0.014121377,0.05848127,0.07730437,0.020152137,0.09801714,0.03226574,-0.004671693,-0.02606135,-0.049972203,-0.0037035993,G12_D04_E_8_Notr_C1.wav,Neutral
0.3303860751065341,0.1140042078506412,0.03660193,0.17677085,1744.3802,8604.17599782843,12577.164667302912,15.472801,-0.020777553,-336.9012,-3.7054062,-0.06882513,21.923689,-26.353144,21.893185,-35.914913,18.971916,-26.439085,-11.624132,-7.042444,-17.476812,-3.8974822,-0.18431477,0.53479916,-0.076651596,-0.055060375,0.20566711,-0.04225371,0.020453328,0.017381476,0.08266647,0.028869657,0.058889795,-0.03482533,-0.0059665088,-0.2231316,0.007511464,0.03563071,0.046954855,0.025113171,-0.009980413,0.04651735,-0.01034506,0.028129488,-0.02044053,0.026205957,-0.014187732,0.0073996414,G12_D01_K_21_Ofkeli_C3.wav,Angry
0.3614612926136363,0.1001847864125031,0.02431067,0.16808492,1812.022,8552.23302719328,12763.425514914772,26.891848,0.045923147,-353.72787,11.375737,-8.023817,12.739427,-14.590547,23.771933,-39.16982,18.310244,-39.520653,-15.475836,-3.0063627,-20.63505,5.646619,-0.14538497,0.06491902,0.18342043,-0.20192172,-0.123444,0.1461024,0.077561766,-0.068357594,0.023121381,0.06678947,-0.009242776,0.06354441,-0.027852124,-0.18825893,0.02529617,0.0016758129,-0.0038456242,0.051621042,-0.01626853,0.027242962,-0.028503321,0.045583986,-0.0023423107,0.008949622,-0.0037569103,0.00622081,G12_D01_K_21_Mutlu_C2.wav,Happy
0.2130035607993197,0.1343361911579548,0.006948984,0.04401207,2251.5208,5349.593220299579,8718.017578125,45.100582,-0.09361109,-536.51843,81.33554,-69.369675,26.556438,12.102536,-45.38118,12.6771145,-30.08196,16.158163,-26.41464,-13.440428,12.879172,-15.153965,-0.07487929,0.31361946,0.015582402,-0.27176136,-0.14712313,0.021552878,0.08427725,-0.012807512,-0.05452934,-0.009451555,0.054250106,0.053178918,0.06713092,-0.12773381,-0.24631487,0.1581014,0.06318146,-0.013121005,0.009293394,-0.047905475,0.16163635,0.02640975,0.04880228,-0.000687733,-0.0649455,0.018323652,G12_D07_E_20_Notr_C1.wav,Neutral
0.2092240496379573,0.2690472239300954,0.009459777,0.03191266,1051.345,6689.779471662014,12132.712610756478,8.653927,0.8737153,-514.0065,75.9943,20.659153,-4.1651073,-11.604166,-9.303427,-19.83154,-24.844948,6.862601,-18.728209,-9.1516905,-2.9019172,-25.539587,-0.4196221,0.22334471,-0.004224562,-0.21612531,-0.06681882,0.031046053,0.16717893,-0.02912876,0.01429195,0.05834625,-0.018323323,0.05739866,-0.033111066,-0.24879307,0.02320485,0.022040423,-0.10358122,-0.012178469,0.075320005,0.10053488,0.048823625,-0.035456996,0.0030057235,0.00090612145,0.055048898,0.029368494,G12_D03_E_20_Mutlu_C2.wav,Happy
0.2656495897032374,0.2306002035954176,0.015333546,0.09990983,2363.5518,5872.809951481912,8856.730377416816,26.001516,0.062986605,-487.9279,88.25131,-81.38675,26.901667,16.21222,-27.707645,-0.39196274,-35.193485,13.958109,-27.434587,-13.257045,9.863009,-19.434307,-0.29170462,0.13907239,0.2710583,-0.23368396,-0.08788065,-0.048826274,-0.10554545,0.06191332,0.112524904,0.13707325,-0.045224346,-0.105025336,0.098034754,-0.29412913,-0.06789716,0.15772204,0.051284038,0.09302838,0.0706554,-0.04824357,-0.005046889,0.014317775,0.033565875,-0.008834431,-0.037706222,-0.021107005,G12_D07_E_20_Mutlu_C2.wav,Happy
0.3507390745501285,0.096707196201104,0.024207108,0.18871826,1757.5326,8411.13865767144,12864.89872871144,33.342396,-0.016466333,-349.25092,11.263469,-8.167456,6.371821,-30.573502,12.547618,-28.147238,24.73462,-35.34888,-12.064839,-2.7287211,-13.4138565,4.35227,-0.36668897,0.22670925,-0.019526258,-0.21313997,-0.057332586,0.03444757,0.021112809,0.027249163,0.040644854,-0.002695851,0.049748708,0.011076819,0.030542376,0.081929766,0.05295012,-0.032344572,-0.13224697,-0.014101252,0.028256796,0.071729854,-0.07144946,0.03669876,0.027364338,0.044598106,0.04793918,-0.031017907,G12_D01_K_21_Notr_C1.wav,Neutral
0.2916339130224458,0.1259432510443823,0.01151292,0.039061647,2141.899,7490.863982187509,11836.461759868422,7.322242,0.10446604,-451.1732,-9.868654,-41.40309,15.281082,-36.470055,-4.6078916,-36.648853,13.628186,-12.499351,-8.008337,-1.719479,-21.668612,3.0532749,0.12830783,0.014813332,0.048454463,0.05412168,0.06609171,0.25286767,-0.045356307,-0.19285952,0.031422824,-0.067517065,0.004573301,-0.058734715,-0.08761534,-0.3636554,0.06724557,0.08052287,-0.001479013,0.031960916,0.051264033,0.021361176,0.030692218,0.034076612,-0.033563472,0.04667532,-0.00530862,0.00055934326,G12_D02_K_21_Sask─▒n_C5.wav,Surprised
0.1785793304443359,0.1446958983080016,0.010527108,0.06280185,1334.915,6954.8829556165,15274.190711975098,23.482649,-0.0082574,-449.0045,64.63959,34.896107,-15.349453,-32.963028,-26.881147,-2.9004827,-8.633002,-2.181636,-9.870258,-24.832726,7.807764,-23.643608,-0.5822591,1.2955391,0.21306127,-0.1576024,-0.040218674,-0.06428953,-0.021290964,-0.08842941,0.14203762,-0.17630376,-0.040314175,-0.030568637,-0.07938172,0.21013701,0.40405446,0.047648482,-0.019838113,0.0623768,-0.007797394,-0.06791951,-0.08436969,-0.014401324,-0.005719791,0.021222942,-0.034106556,0.019166615,G12_D03_E_20_Ofkeli_C3.wav,Angry
0.2071730090725806,0.1119613892892207,0.018538339,0.058919113,2069.048,6320.830594867944,11055.500108825148,8.227833,0.44897944,-383.56296,21.267288,-49.56247,14.140917,-29.56136,-10.150619,-49.50555,15.729375,-18.67232,-19.323143,2.361571,-28.39838,0.11434677,0.3875974,-0.3400963,-0.1387741,0.0015895094,-0.19349036,0.049635153,0.07564061,-0.09164834,0.010848395,0.09170592,0.03227107,0.11670906,0.010544942,0.2135273,0.0047503216,-0.027949952,0.05812606,-0.012848522,0.013298258,-0.010959874,0.06734682,-0.0029406562,-0.018218797,0.016536485,0.035576735,0.004102988,G12_D02_K_21_Mutlu_C2.wav,Happy
0.1845443093565088,0.2225789162505083,0.006958474,0.023903197,1514.7095,6371.909404535285,12869.01942145895,8.696284,1.1973759,-524.63434,73.26325,32.83609,-3.1719246,5.6531157,-5.164693,-24.050028,-26.205582,-5.1078,-8.461561,-15.089361,9.366756,-24.905334,-0.2641391,0.2174776,0.045173533,-0.040957395,-0.066409126,-0.015173178,0.13724782,0.008509176,0.055441834,0.019230787,0.008622627,0.05290993,-0.008787911,0.0008238166,-0.028116515,-0.16064586,0.026520899,0.016500862,-0.055508833,0.09652509,0.075022765,-0.009130254,-0.050729223,-0.014973996,-0.0052923593,0.07101541,G12_D03_E_20_Uzgun_C4.wav,Sad
0.1459853916952054,0.1107549043802266,0.01986412,0.07410072,2275.3635,4135.543489618207,6677.180811215753,8.2860775,0.58764154,-476.79126,71.47353,-113.296745,9.837281,7.1674037,-54.498814,6.279582,-19.491903,-20.247757,-13.519077,-13.417129,-15.864162,-12.371237,0.055895034,-0.11381782,-0.31333175,0.16404103,-0.061871834,-0.05150314,0.14249575,-0.016918553,0.044745594,0.048855685,0.055989843,0.045700908,0.00028429684,0.24073185,0.048988007,0.02664222,-0.07230068,-0.04581702,0.011031562,-0.036360186,0.025449596,0.0109764505,0.0006267064,0.01589896,0.009882379,-0.0055745947,G12_D04_E_8_Mutlu_C2.wav,Happy
0.0752455258200354,0.0443037323921339,0.0046419557,0.0168518,1772.1392,2952.513736784102,5061.835106382979,7.7587233,0.52031666,-597.9724,115.083565,-88.60726,17.882786,-0.5523115,-64.377594,-9.156292,-10.541866,-33.99054,-6.034255,-4.288003,-14.967602,-3.6867554,-0.08387848,0.2654715,-0.1320395,-0.14868625,0.024459697,0.0045395913,0.10729967,0.15118955,-0.0029917913,0.0643402,0.119381845,-0.023555651,-0.05528792,-0.036273923,-0.11788283,0.19575387,0.008785997,-0.019873794,0.08400544,0.03846725,-0.014429968,-0.0068292636,0.008110755,0.0044756164,0.014750464,0.028889358,G05_D06_C_9_Angry_C3.wav,Angry
0.0924112589151651,0.0718055611300574,0.017182235,0.0953184,1930.4093,3123.651909934909,5331.221846846847,19.446297,0.25371647,-448.12708,136.0714,-75.084305,64.62971,3.7614765,-25.950565,10.438623,-16.169563,1.0529497,-18.760405,-18.519936,6.7768636,-20.183619,-0.2599555,0.3427056,-0.06825305,-0.10302406,-0.12081625,-0.16426843,-0.0075148963,0.091893665,0.0073980526,-0.027046988,0.028418971,0.03369743,0.0046935095,0.027453965,-0.22420582,0.11506679,-0.07259721,-0.019033043,0.033067524,-0.010647611,0.021878526,0.0010928994,0.03665283,0.0412036,-0.028667035,-0.0069418983,G05_D05_E_21_Angry_C3.wav,Angry
0.0749052930998322,0.0583552539267104,0.0032073592,0.009948539,1479.3279,2714.1700715347406,4883.022231543624,8.961267,0.33011866,-595.796,162.47708,-44.437744,47.596233,4.0175776,-12.623731,22.93628,-23.172808,-18.120983,-2.1717806,-9.898522,-3.1942549,-5.482085,0.040166866,0.50319964,0.007316077,-0.16541936,-0.0778813,-0.037799735,-0.014624282,-0.015914673,-0.13881287,-0.14410643,-0.026008472,0.03216935,0.03463678,-0.026501931,-0.25930116,0.16549587,-0.053575482,-0.06465388,-0.08895382,-0.103099935,0.093956724,0.10706384,0.05997887,0.02492665,-0.026497971,0.025102435,G05_D02_E_23_Neutral_C1.wav,Neutral
0.0537420468317174,0.0414333891548488,0.016110227,0.05202925,1463.3197,2366.4158128186527,4254.003635734072,4.3667293,0.40971112,-493.23517,106.584755,-87.421616,-6.99644,-29.574814,-36.636787,-4.6782246,-33.14232,-23.96869,-19.193247,-16.29478,-4.820038,-25.141031,-0.47045657,0.04581468,0.21553172,-0.093092255,0.004344882,0.17096323,0.054773316,-0.017876707,0.031533845,0.11296834,0.06309532,-0.021817826,0.024047935,0.026355432,-0.054596886,0.093223564,0.04095534,0.009681338,-0.005363698,-0.0057291794,0.01751688,-0.013520183,-0.008323476,0.042207606,0.03222269,0.0015463964,G05_D01_C_9_Happy_C2..wav,Happy
0.1108668870192307,0.0580248258862302,0.013850115,0.038200684,2064.5283,3129.8857734436315,5180.120192307692,12.399552,0.5085643,-456.51038,162.13708,-90.801414,55.926388,-0.2849016,-26.685232,13.911845,-14.048897,4.440323,-15.850385,-14.714483,7.639168,-21.204275,-0.78378516,0.21642461,0.32863015,-0.026771123,-0.06604465,-0.0547947,0.01021021,0.051671952,-0.0051341015,0.039740797,-0.027212378,-0.023554659,0.08898122,-0.063702114,-0.22135381,0.09993014,-0.13376087,-0.02374951,0.0017594293,0.045628984,0.12834844,-0.018256387,0.013765855,0.049373046,0.0051632766,0.05587951,G05_D05_E_21_Neutral_C1.wav,Neutral
0.0703107114239926,0.043745082300741,0.00738262,0.026008343,1978.64,2724.8048447392066,4757.0398351648355,9.082604,1.17922,-546.60455,126.5448,-84.403305,4.226302,5.941214,-26.394653,-18.07704,-27.426508,-12.890885,-21.068783,-20.151539,1.5857003,-15.341827,-0.5054897,0.3825346,0.063452,-0.08185461,-0.18185788,-0.100813776,0.09851384,0.1250338,-0.012246317,-0.07955757,0.010909496,0.060933083,-0.0017234746,0.14821853,-0.18737024,0.21099901,-0.0102096945,0.026871176,0.08033368,0.06761063,0.09145284,0.0037539415,0.046730988,0.07094596,-0.00929299,0.036883686,G05_D03_K_19_Happy_C2.wav,Happy
0.0539749199425795,0.0533662013495169,0.00493448,0.012457157,1309.7642,2358.576997017757,4270.34562720848,5.2284966,0.7149078,-570.80457,167.00865,-40.862106,37.82687,4.08148,-5.5990014,21.693329,-31.473858,-23.32739,0.31946415,-12.42491,-9.0504875,-7.855778,-0.3770861,0.33553755,0.15321131,-0.11141648,-0.25508726,-0.19605327,-0.034800336,0.021625606,-0.008241283,0.003546516,-0.029119117,0.028372027,0.10233439,0.15785101,-0.23844753,0.030604484,-0.10092096,0.019587113,0.050545607,-0.032800257,0.057234146,0.020634964,-0.03139515,0.0018791108,0.004745672,0.015690466,G05_D02_E_23_Happy_C2.wav,Happy
0.0898585464015151,0.0671633727020899,0.016105134,0.06965325,1889.9236,3081.0147563705295,5045.612373737374,11.920031,0.2403482,-480.6915,129.13898,-73.52915,54.60391,1.09587,-56.345814,2.6603904,-5.723257,-13.538191,-5.2553954,-13.042347,-12.678395,-6.6439896,-0.20565607,0.18755746,-0.06683582,-0.020507298,-0.036991697,-0.07329318,0.0077579287,0.064519286,0.03952077,-0.02195399,-0.02871871,-0.0006398673,-0.02372854,0.032438174,-0.23336183,0.053579357,0.03474334,0.014054604,0.048724778,-0.005788779,-0.023997271,-0.008637251,-0.013976569,0.020189853,0.0128712915,-0.025522746,G05_D04_K_21_Angry_C3.wav,Angry
0.0987751788403614,0.0607948049988334,0.0017088297,0.0071222805,1984.9097,3661.216284838216,6327.334337349397,27.742813,2.0102406,-669.7615,119.08468,-68.932465,33.855587,10.843926,-43.78702,0.6412439,-19.47613,-22.537472,-5.2298098,-7.361142,-8.548956,-10.361734,-0.4186633,-0.14668585,-0.027933832,-0.20658125,0.09044095,-0.03759475,-0.13357924,0.015914425,-0.057378452,-0.014007353,-0.010346406,-0.067352995,-0.03193383,-0.33709595,-0.12838842,0.099473044,-0.008536702,-0.005704408,0.00092862255,-0.039927177,0.0059548407,0.005504245,-0.003377044,-0.0048643304,0.0076111397,0.006487476,G05_D06_C_9_Neutral_C1.wav,Neutral
0.0792093848580441,0.0514057605262621,0.0036996754,0.01803684,1808.6971,2895.911606907714,5007.270307570978,32.3263,1.5438668,-602.97577,149.01431,-73.14403,5.150627,2.2899706,-29.50378,-5.7443056,-15.070112,-15.0003805,-17.793861,-14.720694,1.6112359,-11.986329,-0.13375333,0.24884953,0.2719819,-0.30604237,-0.26899338,-0.0726544,0.04297194,0.07529265,-0.047433496,0.027813446,0.038146343,0.016545828,0.13409849,-0.22278985,-0.079701364,0.10284103,0.0018092284,-0.009371618,0.009984887,0.027978726,0.046731573,0.023218941,0.029015616,-0.0056053735,-0.014321142,0.02393257,G05_D03_K_19_Neutral_C1.wav,Neutral
0.0841056368998344,0.0657824015061488,0.008521126,0.032877184,1963.3936,2996.347774692945,5321.787044701987,11.471612,1.1093719,-524.91144,134.06592,-71.13538,23.436684,5.9130535,-21.752525,-8.468479,-24.471552,-9.014529,-24.287395,-25.223946,-1.5711794,-20.81195,-0.09490603,0.1336618,0.10591689,-0.26148182,-0.19910784,-0.04404879,-0.030248288,0.098758586,0.1267269,0.045836706,-0.032416653,-0.025287002,0.04103843,-0.10155506,-0.19233628,0.055191964,0.0057815653,0.025438417,0.096181765,0.021371745,-0.015181108,-0.002627976,0.030882042,-0.006440551,-0.05123556,0.007112166,G05_D03_K_19_Angry_C3.wav,Angry
0.0767803011632492,0.0687197992094779,0.004733526,0.014959971,1598.7545,2706.374531626223,4864.57511829653,6.0260153,0.111174315,-562.1854,162.89958,-57.68591,54.637722,8.316978,2.535281,27.643576,-33.685383,-13.384912,0.9846165,-13.486421,-4.9782133,-7.890933,-0.27300352,0.023311386,0.10928403,-0.10735781,-0.062770106,-0.039106857,0.025368249,0.054413937,-0.011947192,0.029909573,-0.010179201,-0.03557395,0.023339009,-0.14982437,-0.14379437,0.0035379934,0.0033738138,0.09111083,0.07374608,-0.028696986,-0.0047315694,0.01111502,-0.018831482,-0.012711961,0.0054990076,-0.011135392,G05_D02_E_23_Angry_C3.wav,Angry
0.0898975317028985,0.0588852964685599,0.014498754,0.044174,2090.909,3016.657634087039,5091.304347826087,4.8235846,0.34110746,-479.36142,143.94934,-91.13591,57.95524,9.3799515,-57.219208,0.86560714,-4.0207915,-9.802208,-5.4910736,-12.448465,-11.722891,-8.044129,-0.059072025,-0.11462966,-0.33432254,0.28428397,-0.03108581,-0.07812237,0.04404942,-0.018483717,0.036491968,-0.02709515,0.014343245,0.011625461,-0.062686555,0.04584639,-0.14110453,0.12319898,-0.069910266,-0.0062317336,0.0368988,-0.010293004,0.060880195,0.012194697,0.012278051,0.027242959,-0.016251758,-0.019418515,G05_D04_K_21_Happy_C2.wav,Happy
0.0763947541291291,0.0680741935446128,0.010612363,0.034730736,1583.9062,3106.7085075992463,5440.66722972973,4.9668074,0.37617075,-538.9802,90.09652,-71.21244,25.573257,-34.671917,-42.54904,5.669398,-27.840935,-21.935236,-20.344496,-17.734457,-8.230693,-25.829695,-0.21987113,0.1364822,0.053858772,-0.14577124,0.09095468,-0.05107462,-0.061583363,0.09961115,-0.07200132,0.03561784,0.09157003,-0.026088102,0.11094043,-0.23143445,-0.08249447,0.17409724,-0.0747303,-0.0559173,0.04577336,0.054714046,0.07673771,0.015865395,0.002590944,0.023278471,0.02567912,0.026780458,G05_D01_C_9_Neutral_C1.wav,Neutral
0.0989478808295107,0.0496211145281166,0.009147752,0.03087286,1980.3141,3208.211386160552,5447.032683486239,10.756274,0.75892115,-507.08926,150.32826,-87.70036,58.099342,14.868603,-43.8468,4.1455545,-13.578486,-9.245659,7.5280538,-9.536848,-13.894161,-1.9112905,-0.15896174,0.35602108,-0.08503154,-0.06130804,-0.05085508,-0.10164147,-0.09297079,-0.116539516,-0.033464834,0.07399088,0.050062127,0.029164849,0.007959566,0.0724269,-0.19515124,0.13225047,-0.025205798,-0.0323789,0.04075935,0.016963521,0.05383184,0.037647285,-0.0228363,-0.012903914,-0.007145614,-0.008759346,G05_D04_K_21_Neutral_C1.wav,Neutral
0.0658814735019329,0.05341293671297,0.0152985705,0.05973954,2017.8655,2600.818802261057,4550.499355670103,6.2348013,0.2398122,-504.91605,101.31949,-86.42262,13.345778,-22.584385,-45.362495,-11.388999,-32.647556,-20.176397,-21.56472,-21.859573,-6.9505987,-24.175697,-0.17577225,0.24187693,0.02352979,-0.2305281,0.102676585,0.13228488,0.039197344,0.14280988,0.112008005,0.07674664,-0.019482618,-0.04574671,0.09064548,-0.09578022,-0.07725559,0.14487557,0.0036710144,0.029724216,0.042614296,-0.016757755,0.01973187,0.0061510955,2.391068e-05,-0.0017897112,-0.00516504,0.04108191,G05_D01_C_9_Angry_C3.wav,Angry
0.0806583770333904,0.0478722611790954,0.0057188175,0.02126004,2137.7307,2857.5647054481783,4701.466181506849,10.203707,0.95168215,-595.8349,122.36053,-101.118004,24.780512,14.192507,-59.57279,-21.96656,-13.77538,-20.715195,-12.186934,-10.360417,-8.846049,-13.029034,-0.40330198,0.0027564093,0.24209505,-0.035693023,-0.06645833,0.10296406,0.021878373,0.0051457263,0.062353943,-0.050984576,-0.046240952,0.006136878,-0.073313765,0.012384539,-0.046474524,0.0789717,0.051893268,0.040476445,0.03151002,-0.003465881,0.019330543,0.016726134,0.006660317,0.030026896,0.0023807369,-0.023682723,G05_D06_C_9_Happy_C2.wav,Happy
0.0670829665492957,0.0565647597515834,0.014343608,0.035558183,1707.2401,2896.2217911063217,5615.492957746479,4.436353,0.81418854,-473.50616,138.19995,-77.6733,67.30643,-5.827857,-21.4427,17.098934,-26.865662,0.90230334,-10.526119,-19.11159,0.57508266,-21.068733,0.40449712,-0.39720213,-0.42653912,0.15219302,0.01041694,-0.08410317,-0.095532775,-0.098356605,0.049337942,-0.00022529816,-0.02441399,-0.009085513,-0.0302321,0.033868015,-0.02591012,0.122000724,-0.023901394,0.00085113215,0.016454231,-0.011586377,0.034665238,0.007564208,0.020822177,0.011153629,0.0069961855,0.03157304,G05_D05_E_21_Happy_C2.wav,Happy
0.1084323664086102,0.0868338500074693,0.0020612867,0.0094642425,1702.4858,3748.3351204126784,7083.968443164653,17.652512,-0.89644235,-600.7741,128.65445,-42.535965,43.771557,3.3428137,-3.305107,11.494434,-32.404358,16.842306,-1.9344685,-24.687256,8.000696,-12.6455965,0.040292148,0.15469316,-0.13722579,-0.11294054,-0.05089023,-0.009561919,0.013391112,-0.021861298,0.0057887803,0.05104992,-0.003428612,-0.027172925,0.07736541,-0.08866459,-0.26846328,-0.052253217,0.033608943,-0.034004748,-0.009163001,0.032204777,0.040371142,-0.012706527,0.01304406,0.033324655,0.01700416,0.03474759,G23_D03_E_23_Notr_C1.wav,Neutral
0.1109867602323008,0.0674045360095421,0.002333874,0.015470175,1775.4108,3640.2799225721433,6852.2590569690265,35.32312,-0.29646596,-582.8481,131.45403,-47.184452,49.445507,-7.262464,-12.33473,16.745468,-25.921501,21.73031,-8.040554,-32.010197,13.975405,-9.645505,-0.2269378,0.10100544,0.02232264,-0.05685939,-0.14705971,-0.029096125,0.07403712,0.051387124,-0.00017052484,-0.051904302,-0.021445945,0.022938354,0.044226293,-0.14431962,-0.25914565,0.0917857,-0.020035561,-0.01862281,0.016967895,0.016632536,0.082233556,-0.027090993,-0.016816074,0.019540563,-0.005664388,0.040138617,G23_D04_E_24_Notr_C1.wav,Neutral
0.1410770163295756,0.0982701503054194,0.0027421203,0.013634388,1974.0586,4334.396357617836,7291.987913420093,16.846596,-0.15107076,-602.2081,92.31821,-74.48688,52.22476,-6.282257,-15.679967,12.004361,-44.221546,-0.9848929,-9.530809,-17.94002,4.9979544,-26.594398,-0.695717,-0.111290365,0.1131565,0.073546596,0.18101478,0.24924284,0.13523291,-0.014753249,-0.008293291,0.09366885,0.029649517,-0.017375553,0.00952172,-0.057415828,-0.08926753,0.13146165,-0.0378842,0.0026626347,-0.013336242,-0.03158662,0.04202781,0.0021400426,0.015867412,0.00078344566,-0.0129202,0.034360234,G23_D05_C_12_Saskin_C5.wav,Surprised
0.1082747395833333,0.0659103652700689,0.0036432806,0.018072328,2269.923,3524.902485295348,5918.40087890625,15.346891,-0.127288,-575.4394,111.56224,-87.705574,45.53011,2.5238838,-24.050556,9.974168,-21.661861,6.7107906,-24.931147,-22.322945,20.922005,-22.656176,-0.20889531,0.16047119,0.21791753,-0.044271037,-0.034162622,-0.033455417,0.0070980834,0.08655944,0.09635926,0.14030756,0.0576953,0.06539471,0.08284997,-0.023705065,-0.07978483,0.053721186,0.033141073,0.023704167,0.045841604,0.043421913,0.023490343,-0.002680345,0.010538039,0.014158251,-0.027377957,0.004543094,G23_D02_K_24_Ofkeli_C3.wav,Angry
0.1587233402558016,0.1029301850017904,0.002990199,0.017312413,2104.7002,4900.526479669232,8166.353713409811,18.50753,-0.24936697,-606.90125,98.96684,-64.56675,54.547947,-1.4454783,-13.229719,16.41704,-31.335407,17.893597,3.3161948,-27.924166,1.0340786,-7.216157,-0.41330677,-0.14348756,0.10181042,0.02350542,0.11634057,0.13894497,0.08547102,0.0065300134,-0.08375018,0.030783186,0.09746525,-0.042328645,-0.026247783,-0.09977863,-0.053032994,0.049028035,-0.01767902,0.023286188,0.010209714,0.001577494,0.042759925,-0.0011803692,0.012368132,0.00912758,-0.024556767,0.005039015,G23_D04_E_24_Saskin_C5.wav,Surprised
0.1580564982689504,0.0915007209968318,0.004159294,0.033490144,2142.6409,4302.054341216613,6763.748604910715,47.381664,-0.009637708,-580.18805,90.03627,-89.06857,53.950314,-18.186975,-23.179106,22.238108,-26.380442,7.8920193,-13.847783,-18.221603,12.901983,-24.280828,-0.47752377,-0.26130986,0.21916158,0.198997,0.16732734,0.21098278,0.06320194,-0.08397722,-0.043603893,0.08502238,0.0822953,-0.023855193,0.024725592,-0.33177915,-0.095127314,0.13580309,-0.02636838,0.01112991,0.052043643,-0.013871229,0.011345387,-0.014732908,0.018812887,0.025325086,-0.015648527,0.037400723,G23_D02_K_24_Saskin_C5.wav,Surprised
0.1335989352876106,0.0971024922109415,0.0018570799,0.0071663465,2044.5912,4466.537813789643,7745.982266316371,12.586448,-0.9998527,-631.38605,94.43781,-65.88549,35.773445,-0.64012986,-19.106676,11.973767,-33.90461,-12.186836,-13.599863,-15.240462,6.5512724,-21.31914,0.044372175,0.30614796,-0.002125833,-0.20599882,-0.19295384,0.026062485,0.041681755,-0.087897584,0.014469177,0.043098275,0.020129368,0.09676537,0.04310926,-0.14471513,-0.066615805,0.12692831,-0.09989168,-0.02281527,0.026311236,0.009602133,0.061006147,-0.0005291725,0.057094857,0.05526372,0.0002702837,0.04650616,G23_D01_K_23_Notr_C1.wav,Neutral
0.1599830329085195,0.1035985330459869,0.0021150303,0.009500197,1916.024,4839.23844419154,8301.831736644554,19.39056,-0.45117056,-629.0363,92.02942,-57.690796,48.489513,-0.1725255,-14.2537155,2.315451,-45.53622,-0.15700789,-5.872836,-16.436731,3.7949646,-20.005478,-0.8057425,-0.05482879,0.4327234,-0.067480735,0.048480645,0.15674894,0.13348895,0.094625324,-0.048732214,0.0070895418,-0.025253972,-0.007695864,0.069871604,-0.11057795,-0.061358713,0.02881983,-0.07618637,0.0072189495,0.033374947,0.025732642,0.042082828,-0.02070672,0.027934577,0.04129395,0.0041428576,0.009071566,G23_D01_K_23_Uzgun_C4.wav,Sad
0.1395644655652866,0.0528864535708737,0.0049296753,0.025204806,2335.6392,3830.2223503838454,6457.423585539411,16.034945,-0.19329391,-542.7494,102.07414,-121.089905,39.11111,-20.825653,-43.52048,-1.6347789,-39.240486,-1.1071233,-28.237553,-27.893482,9.739361,-27.505508,-0.5120064,0.2279893,0.15450858,-0.14577627,0.1593846,0.05352212,-0.006899864,0.17977034,0.11484778,0.12574838,0.07147038,-0.02837001,-0.0046357443,-0.23141772,-0.23294452,0.21969157,0.07812913,0.029636478,0.06462948,-0.015673324,0.010034153,0.037046224,0.061824277,-0.0037686368,-0.017889515,0.055230603,G23_D06_C_12_Ofkeli_C3.wav,Angry
0.1252948711444805,0.0595163067660919,0.004234626,0.011082218,2204.2073,3689.882217366656,6445.139382102273,5.7139463,-0.30943623,-545.94006,116.45562,-107.89773,33.316433,-14.375599,-32.284847,2.6448383,-29.891697,11.590416,-20.963762,-22.365292,14.07874,-27.287516,-0.10223817,-0.13684827,-0.030239651,0.09767624,-0.18407303,0.12312421,0.18950085,-0.11698054,0.073732585,0.15533009,0.0016744973,0.03153779,0.03831019,0.04257022,-0.16721071,0.0020877633,-0.036563285,-0.042162664,0.038541008,0.016664336,0.02029413,0.014272247,0.044582836,0.03641035,-0.0061463015,0.028350662,G23_D06_C_12_Mutlu_C2.wav,Happy
0.0878563309991638,0.0654780975286579,0.0022635327,0.014562181,1887.5167,3308.229440567673,5893.472055288462,39.59713,-0.20965967,-593.1748,122.494705,-67.36809,29.509472,-6.6064353,-20.20687,13.507498,-19.083664,8.0707855,-13.263904,-15.581692,12.400205,-23.928717,-0.14676762,0.2543813,0.18771541,-0.21036333,-0.18569441,0.10511574,0.16172531,0.0040143915,0.009598136,0.091193475,0.096682474,0.10042266,0.06509371,-0.1354244,-0.0692124,0.067656934,-0.0034752435,0.047506366,-0.02559413,-0.014652169,0.055224944,-0.03410907,0.02468052,0.04566106,-0.016982751,0.038161427,G23_D02_K_24_Notr_C1.wav,Neutral
0.0763225342704461,0.0604752899518875,0.0019748718,0.0062961825,1787.0546,3301.6769813486294,6469.006483794145,3.6513028,-0.2805057,-620.7711,114.85164,-47.31172,41.25082,4.034478,-17.876627,0.099743076,-37.218636,-6.869947,-16.236626,-15.500585,4.8595905,-28.753693,-0.26604727,-0.0968756,-0.019358931,0.015103996,0.05462379,0.16460042,0.039804086,-0.02971889,0.11552178,0.016775507,-0.028846372,0.08553424,-0.012281308,-0.103023894,-0.06476085,0.084445894,-0.0033294223,0.014885967,0.03174065,-0.06982555,-0.004311918,0.051642004,0.010119499,0.014695299,0.019816717,0.030046271,G23_D05_C_12_Mutlu_C2.wav,Happy
0.0864710273889961,0.0646385401181705,0.0019338492,0.006445189,1751.7097,3687.088360931788,7112.6082136824325,5.636303,-0.3806497,-613.29706,108.10828,-55.177032,42.47165,1.0465177,-10.839328,-2.2520306,-42.646416,7.2273965,-9.97707,-17.831625,5.481675,-28.602125,-0.7742484,0.048384022,0.15193437,-0.16947542,0.034364987,0.11649451,0.12317997,0.082380176,0.03381455,0.14245169,-0.0052652396,-0.039987903,0.1465087,0.054915573,-0.08398932,0.05586822,-0.017034391,0.056533765,-0.0130170435,-0.07738447,0.03381682,0.021625668,0.019252699,0.010280513,0.018662756,0.06284595,G23_D01_K_23_Mutlu_C2.wav,Happy
0.1546328483371559,0.0709602786954151,0.004048019,0.020162037,2305.8623,4154.427338100286,6799.61923021789,17.425291,-0.0960769,-566.0272,94.243835,-106.022545,55.655807,-1.4801238,-24.915102,7.770959,-40.902344,2.2711117,-16.880468,-25.286919,4.2018933,-29.559084,-0.4726448,0.043537427,0.45715573,-0.10166884,-0.0046668854,0.22707747,0.15726285,0.09899436,-0.046572484,0.055418372,0.04215639,-0.03925751,0.07197804,-0.19669545,0.00467412,0.11224703,-0.041333854,0.051785875,0.0035445478,-0.021440018,0.06431498,-0.016113272,0.012647894,0.02265444,-0.011696809,0.046746496,G23_D06_C_12_Uzgun_C4.wav,Sad
0.1462017998198448,0.1150108495797594,0.0021318544,0.012187262,2164.7217,5041.968512563748,8461.450682511086,32.69732,-0.7229791,-641.6164,94.43198,-49.04528,51.783863,10.778596,-10.061212,18.46477,-23.972275,12.036695,3.1153483,-30.18491,0.41383663,-4.6425977,-0.53623307,-0.08879037,0.099075355,0.039942883,0.10085868,0.019153818,0.008276257,0.06761186,0.027609868,0.060556315,0.06927534,0.0028486464,-0.0036503524,-0.15553886,-0.054426994,0.13757011,-0.0973415,0.028530337,0.018857945,-0.006037411,0.083318844,-0.042762715,-0.013801109,0.055416767,-0.007738314,0.0048540826,G23_D04_E_24_Uzgun_C4.wav,Sad
0.1381805796682098,0.1041000788728904,0.0018218277,0.0067251064,1894.8354,4379.974409397429,7662.962510850694,11.793374,-0.43524608,-623.5568,105.82027,-56.001945,29.509748,-7.0189157,-11.912779,-0.19202729,-38.777653,6.941662,-13.145794,-19.662207,10.542102,-21.803917,-0.33905867,0.27817103,0.17621909,-0.27654892,-0.10035259,0.06354127,0.08552078,0.113388464,-0.0031754058,0.037427455,0.06610532,-0.02928539,-0.022419835,-0.21033172,-0.14136855,0.11672836,-0.068046525,0.054512754,0.076160595,0.046901636,0.09903824,-0.030613944,0.008196054,0.037626207,-0.006487087,0.0241528,G23_D05_C_12_Notr_C1.wav,Neutral
0.1518926919843049,0.1215234857685205,0.0020248522,0.011820809,2144.029,5544.359483797155,9215.583288081558,30.275726,-1.3805938,-654.0196,98.42527,-40.795002,39.496475,6.5901446,-10.273831,11.328241,-22.238539,17.287415,1.498219,-32.28631,3.2845733,-1.9659952,-0.32233083,0.12680748,0.06322634,-0.05574243,-0.036712363,-0.033886034,0.010142685,0.03951469,0.033709705,0.052608732,0.028853932,-0.010525943,-0.0003893728,-0.14777963,-0.21660924,0.06275684,-0.004481044,0.024896536,0.052695613,0.009537283,0.019395743,-0.026905583,0.01896477,0.034628056,-0.022634983,-0.013545443,G23_D03_E_23_Ofkeli_C3.wav,Angry
0.1061361494974874,0.0977382310196357,0.0021728082,0.006807323,1666.7151,4083.0147839103743,7590.886929766018,9.711446,-1.2226344,-621.2066,121.7987,-35.763058,44.252655,6.226834,-6.829016,5.676044,-36.30037,14.342894,1.9088532,-33.569492,-0.35229918,-3.4924417,-0.59943986,-0.0665489,0.2184912,-0.07523556,0.043933645,-0.0014190794,0.0748611,0.11779087,-0.03977898,-0.005693678,0.10179526,0.055736713,0.03050968,-0.11967658,-0.11109824,0.042679984,0.006687018,0.01456321,0.044524275,-0.009392986,0.027542744,-0.009434314,0.0004007244,0.02058815,0.024376309,0.015646288,G23_D03_E_23_Mutlu_C2.wav,Happy
0.0773571684160305,0.0607713325600473,0.001790467,0.005393311,1800.1759,3030.345509920936,5436.486164122138,7.348509,0.49897906,-649.0746,136.55002,-52.02654,47.692585,25.640198,2.3814826,31.786238,-21.595753,-11.204041,4.4210095,-12.976595,-12.137978,-10.124689,-0.6050136,-0.00614854,0.11895296,-0.014331667,0.058187906,0.06360193,0.041566037,0.10140222,0.07543418,0.0019133425,-0.0014670932,0.019637631,0.017615328,-0.05374484,-0.15742336,0.07429836,-0.011838488,0.004366627,-0.007724678,-0.022456547,0.049389895,0.008169073,-0.01787362,0.001173273,0.0072813835,0.028869346,G03_D04_M_23_Sad_C4.wav,Sad
0.2554592155140532,0.1494536851096088,0.017042119,0.072258994,2235.6238,7173.528680532036,12075.41258321006,12.777328,0.28039962,-421.5967,5.7761226,-51.19495,8.057524,-42.289463,4.5966544,-53.687164,7.615515,-23.439693,-19.129238,-11.6595125,-9.328216,-13.773886,0.056951907,-0.07051275,-0.087412536,-0.009116579,0.119414315,0.10164999,0.15663297,0.18064484,-0.12597866,0.007447982,0.07881405,-0.060834322,-0.051496755,-0.1852481,-0.02919901,0.019207932,0.018792959,0.056031663,0.02289955,0.016783712,-0.006283416,0.028168263,0.04349299,0.030110443,0.012168613,0.011577839,G03_D01_C_10_Sad_C4.wav,Sad
0.0628584336045706,0.0589078813097352,0.0028167784,0.008455729,1583.6117,2553.2453332208,4583.232340720222,7.7050943,0.8432987,-613.08636,167.27635,-46.6313,45.51305,18.076965,-6.881592,30.53336,-18.410288,-12.310159,1.147156,-11.859641,-11.989824,-14.668881,-0.41080457,0.085082985,0.004910498,0.00956109,0.029866079,-0.020195525,0.013195796,0.06011741,0.015183076,-0.001209872,0.043193728,0.029799065,-0.002568591,-0.07786143,-0.27704957,0.016858779,0.015099898,0.06502518,0.07121535,-0.03411385,0.0015265314,0.024235005,-0.002073255,-0.0012155174,0.012634265,0.023908306,G03_D04_M_23_Furious_C3.wav,Angry
0.4169165382922535,0.1641336318387095,0.0041767512,0.019767832,2080.078,9819.315519664631,16354.983357174297,22.22169,0.49119586,-468.35468,5.0053234,4.380142,21.004692,1.9660422,14.819024,-13.251846,14.900404,-4.1658287,9.745995,-10.149302,8.000907,-11.518263,-0.073361,0.5909507,-0.018338764,-0.06384003,0.096256234,-0.01053945,-0.02255873,-0.044932432,0.04144643,-0.031868402,-0.06534117,0.009341624,-0.017239697,-0.106897056,0.06266584,0.051633764,-0.029331304,0.032675993,-0.032703556,0.016955929,0.0151413055,0.054333344,-0.019002207,0.0019237573,-0.020276299,0.02593951,G03_D03_M_50_Neutral_C1.wav,Neutral
0.2480888049688365,0.1739171147615664,0.020390576,0.09685226,2128.3103,7405.279507905165,12552.54514910838,12.521351,0.08079207,-430.1753,9.284825,-41.004894,-1.3537217,-45.35804,1.7416333,-50.730858,14.419822,-26.781553,-15.476235,-12.657408,-10.615636,-17.466232,0.0012523831,0.48585498,-0.2962544,-0.09139497,0.018083945,-0.15717901,0.06889581,-0.111826986,0.010383421,-0.12900284,-0.010585832,-0.009628735,-0.103889994,-0.018598119,-0.04609876,0.14912078,-0.011239232,0.06989601,-0.010683901,-0.024098706,0.00085738755,0.011258208,-0.0041766153,0.013486521,-0.005287712,-0.0046594706,G03_D06_C_11_Furious_C3.wav,Angry
0.2054433270919421,0.1050173607891654,0.012211383,0.057426892,1875.6906,7629.896700034168,13429.300103305784,15.007193,0.20124425,-452.1553,5.093131,-15.391085,47.847385,-18.329903,9.8963175,-43.69364,-4.991639,-34.925068,0.7750557,-4.810053,-3.152603,-22.755413,-1.7041084,-0.19145074,0.51902777,0.105419725,0.2291859,0.30443832,0.10714389,-0.10912928,0.02138779,-0.0782265,-0.12671226,0.0948407,-0.14606999,-0.2810301,-0.15531777,0.1065067,0.027959457,0.11157868,-0.050891288,0.08347951,-0.058393385,0.073224515,0.0042508603,0.031547006,0.008178672,0.010550716,G03_D05_F_22_Sad_C4.wav,Sad
0.3008857194767442,0.1239158462747548,0.0046544825,0.019204242,1879.4691,9208.758271817527,16108.93918059593,13.348425,0.13027631,-487.42966,4.3367796,7.940635,20.053934,6.8749256,20.490244,-12.878878,4.3628173,-22.967646,10.622539,-20.025173,4.729161,-12.797095,-1.1144481,0.0025702543,0.34364212,0.0793791,0.018180827,0.1261297,0.20774417,0.103926204,-0.00091335387,0.19265732,0.15961872,-0.08396662,-0.037145797,-0.12361697,0.04652959,-0.07535065,0.056765575,-0.03333292,-0.06074066,0.0060268035,-0.053016055,0.036283806,-0.017628394,0.042192686,-0.032832284,0.039616484,G03_D02_F_45_Sad_C4.wav,Sad
0.1693584735576923,0.1010391440125402,0.011325265,0.032355644,1734.2051,6362.80016269502,12400.067030325445,35.026043,0.28161892,-387.7207,49.83149,-18.371937,23.991385,-12.266307,30.398588,-8.269667,-6.063018,-8.051526,7.6108117,-40.431038,0.8953712,-10.2676735,-1.1537559,0.1837691,0.15979934,0.031194687,0.052540887,0.2284805,0.1896319,0.06595178,0.14268617,0.020358043,0.14291343,0.008355809,-0.07694934,-1.4080575,-0.18322775,-0.036043473,-0.007894607,0.19458275,-0.027638089,0.14092244,0.04071677,-0.054241337,0.03884755,0.21749009,-0.030327989,-0.028834064,G03_D03_M_50_Furious_C3.wav,Angry
0.33056640625,0.112763316423726,0.009198439,0.037377648,1818.5035,10151.392443555123,17364.51480263158,18.3978,0.17563796,-447.4854,5.464181,-6.782973,24.816626,-5.772022,27.149834,-24.914417,10.996018,-24.887863,23.91826,-27.313517,12.6915865,-24.973125,0.21100001,-0.37436187,-0.07250324,0.32458475,0.06192818,0.007817653,-0.07419492,0.11286811,-0.15168774,-0.0039061245,0.03418087,-0.062112432,-0.055829566,-0.17319475,-0.09440154,0.03861574,0.056330714,0.07229554,-0.05421029,0.0058104657,-0.031913158,0.022370584,-0.03654251,0.047845088,-0.04624199,0.011620916,G03_D02_F_45_Happy_C2.wav,Happy
0.0609212759584664,0.0490573131103128,0.0026248633,0.00676424,1382.2849,2525.723159263438,4457.842452076678,7.9513807,0.7060873,-622.0397,170.36995,-43.305073,30.088528,8.361847,-10.440876,29.14425,-22.394955,-20.431126,6.620377,-7.8028216,-16.88478,-12.5764265,0.06975728,-0.13642035,-0.6394209,0.056114916,0.0006365837,-0.028782543,-0.02451493,-0.11922673,-0.017229604,0.017138612,0.03958074,0.019630719,0.00044368097,0.18017763,-0.11294502,0.13455753,-0.12813385,-0.007163322,0.032074258,-0.06820241,0.03619052,-0.021837607,0.011569564,0.036259003,0.017622082,0.01795982,G03_D04_M_23_Happy_C2.wav,Happy
0.2572393002717391,0.1336693833327229,0.009816552,0.12673329,1491.3821,8607.144692537191,14981.453804347826,73.60129,-0.11138872,-492.1248,19.582113,5.595369,15.96268,-20.227234,6.4322677,-35.966858,3.2062776,-47.477127,19.21022,-5.461458,-19.816738,-12.347327,-0.8506111,0.92680615,0.010216825,-0.4499162,0.3829229,0.1281335,-0.14761277,-0.12880088,0.03846978,-0.014236558,0.039691593,-0.023241362,-0.02458151,-0.040573593,0.13012227,-0.061035734,-0.05359774,0.15696882,-0.0012017416,0.034429323,-0.039617438,0.06859737,-0.033617016,0.01470663,-0.052642763,0.08264194,G03_D05_F_22_Neutral_C1.wav,Neutral
0.2533294418378187,0.1704886126769177,0.020564396,0.071224265,2161.4475,7249.732435775493,12134.35646467776,9.841445,0.051344343,-423.29077,10.563466,-48.59278,-1.9243375,-50.401333,3.0472825,-48.366623,13.610804,-18.197666,-19.673243,-12.838825,-7.429557,-14.826656,0.19020478,-0.07598194,-0.2875715,0.10571683,0.019151995,0.10572063,-0.033027638,-0.096473195,0.11132973,0.06576919,-0.032761343,0.01867037,-0.078627996,0.31902972,-0.06317472,0.011286403,0.098647445,0.021786833,-0.023849512,0.07840968,0.03965586,-0.017963085,0.04089188,0.06129362,0.06054222,-0.0017883582,G03_D06_C_11_Happy_C2.wav,Happy
0.2363946046068075,0.1467840178370605,0.021478375,0.15012144,1751.8436,8374.889588380289,14798.415492957747,26.803267,-0.04083553,-431.81815,-3.6841342,-13.227897,36.867012,-28.024998,2.550506,-39.94785,-9.603279,-31.91564,10.933838,-20.346418,-8.022114,-26.239075,-0.078439705,1.2383962,0.17702584,-0.37473118,0.01539533,-0.21471477,-0.13048194,0.17721461,0.201752,-0.108425535,-0.041882783,0.004327228,-0.0067916187,-0.22096592,0.15370108,0.047934245,-0.0062146434,0.09470027,0.008303987,0.10804181,-0.06826438,0.073226176,-0.015964186,-0.006451113,-0.022972723,0.065155,G03_D05_F_22_Furious_C3.wav,Angry
0.1991888082252358,0.1196618809149617,0.008094307,0.04080461,1772.6974,7912.361332753487,15706.744960568984,18.798069,0.6756228,-427.13074,33.139885,1.5931147,19.255028,-1.0031537,24.180807,-4.9310627,-4.2539787,-11.294032,1.9046851,-14.03342,-0.329543,-13.705126,-0.23194331,-0.031117331,0.029849682,-0.06544019,0.16957666,-0.117461406,-0.10240629,0.024918776,0.00036611198,0.13723567,0.03175996,-0.04151985,-0.00075414946,-0.443527,0.08759719,0.13011064,0.011896653,0.09291406,0.027217606,-0.025922734,0.025437836,0.019954411,-0.008155692,0.061864834,-0.025979731,0.03529326,G03_D03_M_50_Happy_C2.wav,Happy
0.2821146150914634,0.1946651280155689,0.014068429,0.07741188,2313.8477,7707.197769427922,12491.4111328125,11.074045,0.21615352,-472.45682,-7.422864,-44.477325,5.9119616,-36.07925,8.488139,-37.42209,10.1556835,-20.366663,-18.083374,-9.844264,-5.9518824,-14.525794,-0.7155546,0.009846776,0.25271976,-0.011218336,0.108878255,-0.03929608,-0.004070054,-0.13963902,0.006341553,-0.042479493,-0.07628997,-0.066250876,-0.025122575,-0.06164364,0.010681065,0.082037576,0.015284725,0.02988204,0.010338006,-0.00094497495,0.02127082,0.0012061317,0.03317164,0.0018680863,0.001776993,0.020347744,G03_D01_C_10_Shocked_C5.wav,Surprised
0.288033447265625,0.1860141634212784,0.026859922,0.12192842,2303.3225,7653.337400695847,12448.021728515623,11.899949,-0.00287553,-415.48972,-3.7309241,-46.421356,15.387791,-41.97041,13.761107,-40.81316,19.199347,-24.481073,-14.943655,-11.2269535,-8.786412,-14.569562,-0.85629463,0.19294703,0.2381205,0.08912939,0.21384442,0.06590052,0.10218979,-0.122156315,0.073330715,0.018859224,-0.045188155,-0.026277704,0.08761808,-0.11222322,-0.0018272209,0.11842272,0.013806267,0.016405167,-0.020628383,0.044531383,-0.0141889695,0.0062349667,0.03838444,-0.013769151,-0.015694454,0.0071921777,G03_D06_C_11_Shocked_C5.wav,Surprised
0.3544871880332764,0.1023201257841198,0.024233723,0.15402037,2159.7827,9460.07654910235,15983.81006026024,24.179895,-0.059475437,-363.46927,-39.273922,-20.385502,20.134338,-11.849241,17.274448,-13.317098,-5.118657,-11.745043,-4.2026625,-14.784679,16.037474,-23.88164,-0.78143895,0.14343825,0.109632574,0.0037300058,0.1221592,0.042264897,0.07308852,0.027614703,-0.004446427,-0.0092583615,0.039737456,0.00045485707,0.009271297,-0.2955697,-0.061761882,0.06636455,-0.0448007,0.038450874,-0.010973446,0.048205364,-0.014265887,0.024020562,0.021180497,-0.008867753,0.0030815448,-0.0026135005,G03_D02_F_45_Furious_C3.wav,Angry
0.2398348721590909,0.1582291029755295,0.0264533,0.094762385,2187.0212,6921.505904469462,11532.253750887783,7.6777735,0.15214017,-404.6283,9.7614975,-53.38651,5.7628202,-55.58379,0.27600515,-46.979355,14.3682,-20.619753,-22.051863,-11.8934355,-6.0851483,-15.999835,0.082481295,-0.10653634,-0.14953358,-0.0024270145,0.038357917,0.090542205,0.06737734,-0.07730436,0.036746692,0.16146877,0.04911858,0.096274205,-0.009949397,0.08006056,-0.0012457046,-0.015602334,0.048060264,0.10925796,0.033622686,0.089099236,0.027852643,-0.0032453097,-0.012727369,0.031953845,-0.024273382,-0.03751014,G03_D01_C_10_Happy_C2.wav,Happy
0.1003681429856115,0.0938185877325792,0.006494898,0.029082788,1568.7305,3559.369238323577,6534.784945481115,10.569575,-0.297834,-544.66626,139.82944,-72.20343,37.743332,-7.0369573,-12.958633,11.332592,-43.844402,-11.557734,-9.132688,-19.690893,3.021128,-12.0874405,0.09912219,0.24755865,0.09221276,-0.06911749,-0.33620328,-0.22071631,0.04622602,0.050233744,-0.030093972,0.030508045,0.043616816,-0.04653091,-0.014773222,-0.3485338,-0.11325112,0.24888067,-0.1486928,-0.014462259,0.09726451,0.049852226,0.1298166,-0.024064457,0.009216989,0.05079517,-0.046541497,-0.023208637,G04_D02_M_21_Happy_C2.wav,Happy
0.1232708444622507,0.105040451201814,0.0071071857,0.029147338,1715.7427,4219.203468477741,7389.814953926282,10.827997,-0.31497082,-553.56683,128.59218,-63.298878,40.212315,-13.120881,-23.950577,15.841803,-27.611212,-10.435284,-11.373393,-22.006636,5.859008,-5.3484797,0.19004983,0.58201414,-0.07442887,-0.051804893,-0.18954189,0.038117543,0.11407373,-0.18971026,-0.11359119,-0.06510785,-0.061194245,0.042632468,0.003878694,0.1943124,-0.13290352,-0.096730635,-0.0060251215,-0.12512936,-0.0676465,0.030365262,0.025718778,0.06277155,0.020793026,0.016319174,0.018849932,0.022644483,G04_D02_M_21_Neutral_C1.wav,Neutral
0.1290617028061224,0.0794557371935682,0.003929687,0.009349637,2195.0566,4269.042165365742,7574.765625,6.0574465,0.4518648,-527.85516,76.971985,-64.006195,8.274547,-12.651318,-3.9670227,-48.13692,0.6244915,-10.477101,-20.98947,-27.030924,0.9115329,-12.659376,-0.4044929,-0.030884847,0.04127862,-0.022699224,0.14621274,-0.09055594,-0.0796713,0.157628,-0.037572518,-0.119358584,0.051180195,0.048670024,-0.018789042,-0.3476576,-0.2276933,0.16101891,0.13740255,-0.068730585,0.038735285,0.098269805,-0.020783914,0.0054036607,-0.03996513,0.05995715,0.021528443,-0.052712653,G04_D01_M_20_Furious_C3.wav,Angry
0.1272059849330357,0.1021294996361,0.0056556067,0.017893089,1895.5488,4368.553479200311,7421.572265625,7.7870626,-0.49717084,-568.811,124.64685,-74.57173,40.52617,-8.529447,-22.770357,14.754872,-40.592007,-17.379847,-8.762343,-15.900021,2.38668,-13.311965,-0.31357473,0.21267746,-0.08066572,-0.13061379,-0.03423887,0.003937939,0.07094154,0.07167135,0.061942033,0.086921446,0.0148094585,-0.021295724,0.13778597,-0.2062869,-0.21565874,0.21472421,-0.10728912,0.0023169944,0.12607424,0.015620972,0.04658134,0.014196631,0.041071087,0.006673955,-0.03132395,0.050360028,G04_D02_M_21_Furious_C3.wav,Angry
0.1619753370098039,0.1136516457038552,0.0022620964,0.0093028415,2056.4988,4723.152868072188,8041.849149816177,21.760704,1.1993585,-571.04034,92.47297,-31.550646,11.728696,2.6603715,-8.030624,-35.52883,16.828339,-9.045749,-12.47774,-11.355624,-3.6195366,-13.069554,-0.088634655,0.20735823,-0.0036284653,-0.159349,-0.123744704,-0.1524689,0.038019314,0.096864745,-0.09070526,-0.019860974,-0.02244514,-0.017368807,0.11211596,-0.25312793,-0.17044507,0.105456784,0.08965096,0.02186805,-0.070768856,0.07669762,0.017913954,-0.00970769,0.072361,-0.016777111,-0.03415169,0.03199155,G04_D01_M_20_Neutral_C1.wav,Neutral
0.0855712890625,0.0425872435220884,0.0104266815,0.038047094,1902.3978,2715.380222504686,4632.731119791667,12.665574,1.3357843,-478.84314,149.07451,-93.923744,14.626672,12.868894,-37.167458,-1.7853549,-15.638184,-31.875505,-15.812232,-6.7283716,-9.211006,-13.395701,-0.1972272,0.38497925,-0.007859826,-0.23467779,-0.24949199,-0.15643379,0.063646175,0.07577198,-0.07713688,-0.00830576,0.04448283,0.016336393,0.077929884,-0.17485206,-0.19309667,0.27741775,-0.027354142,-0.005550921,0.01791302,-0.018099586,0.0918942,0.041459356,0.012315814,0.020095434,-0.0035811886,0.035518065,G04_D06_C_13_Neutral_C1.wav,Neutral
0.2290653456125828,0.1209851954732703,0.0031373312,0.017312922,2015.7378,7480.279340276678,12857.74653352649,28.156141,0.08348416,-575.8889,-10.6624,-35.332703,2.026539,-45.52397,-9.5048275,-34.90213,2.3891754,-39.940125,-5.953746,-17.880804,-6.4106483,-11.063791,-0.26609474,0.84910303,-0.10693407,-0.049063057,0.00351417,-0.1714684,0.16174878,0.022180203,-0.073155425,-0.04050151,-0.023802258,0.044751924,-0.021875622,-0.11863658,0.2613191,0.037215658,0.09251971,0.04514184,0.006298995,0.075835705,-0.015197804,0.034542672,-0.011217659,0.016161565,-0.002418397,-0.01074179,G04_D05_C_12_Furious_C3.wav,Angry
0.129381633254717,0.089381169495382,0.0014524562,0.006674094,1944.2646,4667.6848441215425,8542.018536261792,13.479641,0.6173065,-621.7676,91.13897,-35.908813,4.073338,-6.388069,16.102045,-32.98833,-10.855184,4.15991,-26.912191,-21.810806,-1.2885008,-12.822041,-0.10202372,0.14126262,0.21783666,0.016732918,-0.27234036,-0.14139521,-0.043707184,0.21369377,-0.08772475,-0.10294155,0.12880738,-0.11947339,0.012363549,-0.058880385,-0.103586584,0.055027764,0.07003909,0.047667686,-0.035404257,0.034478497,-0.0030655484,-0.030654619,0.011252438,0.012674308,0.030572042,7.1525574e-07,G04_D01_M_20_Happy_C2.wav,Happy
0.1742916831487341,0.1083763124857889,0.005288535,0.02573556,1929.8273,5882.736483634481,10954.138647151898,17.318254,0.3215825,-520.8165,63.66981,-54.26179,62.207577,-40.16604,24.725876,-37.70244,4.0256686,-31.521107,-21.658827,12.735767,-18.681702,8.625771,0.18795419,0.09957309,-0.1784534,-0.10298168,-0.0821198,0.14678136,-0.035086613,0.026327966,-0.07531619,0.03393344,0.07620475,0.077454954,0.08153326,-0.11772564,-0.001149437,0.11551655,-0.10352613,0.0054903636,-0.025567012,0.08528969,0.0048481966,0.029592004,0.009919251,0.0076896576,0.006025971,-0.0002817142,G04_D04_K_21_Neutral_C1.wav,Neutral
0.1238998964608433,0.0392582481087819,0.024087595,0.08039996,2287.3635,3324.5619950271275,4941.923945783133,6.1661263,0.30194828,-444.4471,123.82984,-129.21722,31.771822,14.874113,-34.382195,-3.5320094,-20.819254,-16.192656,-18.061094,-11.4790125,-2.6623516,-19.180325,-0.3375212,0.24629891,0.03022642,-0.29995236,0.055796266,0.041556824,-0.026653364,0.06332948,-0.02293033,0.073110044,0.13664004,-0.028160026,-0.034677286,-0.1924281,-0.17383094,0.18331222,0.005872873,0.029425971,0.093499675,-0.0059456895,-0.024962828,-0.0026458085,0.03541302,-0.022517258,-0.0235336,0.0311131,G04_D06_C_13_Furious_C3.wav,Angry
0.2793296455536913,0.1319588506669883,0.0014699531,0.016546063,1920.124,8330.732268852185,14108.583591128356,83.36058,0.13630407,-647.95294,-2.9579206,-13.67566,-2.0821688,-31.537926,-7.0083075,-33.773228,9.277132,-35.193623,-2.7249455,-12.389034,-7.3073173,-10.1594,0.122291975,0.5212931,-0.05850225,-0.49588495,-0.17282762,-0.07562047,0.16557302,0.09484886,-0.029887065,0.08494482,0.051604368,0.16112442,0.04469852,-0.29709673,0.03482561,0.07675656,0.09498086,-0.013818511,0.013641636,0.16977905,0.09282256,0.022067087,-0.058823373,-0.05775917,-0.03197,0.019956717,G04_D05_C_12_Neutral_C1.wav,Neutral
0.2181263536509901,0.108089377526672,0.026733777,0.1611291,2219.3296,6690.0263766184335,11407.951732673268,22.629892,0.19714986,-421.38895,32.584908,-65.00167,61.95089,-43.57033,20.137089,-43.353798,10.267719,-24.501654,-35.7535,6.9353485,-23.73196,-1.424225,-0.4587898,0.9593147,0.2159011,-0.21187201,0.2796417,-0.17015265,0.083377615,0.06981255,0.027064724,-0.10903845,0.013625035,0.008801328,-0.09672066,-0.07577703,-0.009176494,0.14484252,0.0022732448,0.10419437,-0.062521346,0.08763935,-0.005223865,0.030826993,0.052030057,0.008139218,-0.0031043445,0.042976893,G04_D04_K_21_Furious_C3.wav,Angry
0.0893863216861263,0.0725017190557376,0.0037436725,0.030587165,2023.4459,3976.820627486591,6828.2967032967035,37.879814,0.18571886,-624.935,114.21345,-59.213696,43.5512,1.6763655,-16.655373,7.463643,-23.22524,-10.901693,-22.403883,-21.777344,3.571799,-13.564547,-0.3589331,-0.044422764,0.19405572,-0.005475935,0.06300924,0.041585404,0.052828223,0.17657804,0.042364743,-0.013257121,0.05979293,0.033544954,-0.0167037,-0.016357983,-0.08251348,-0.047193192,0.0055729467,0.020820396,0.05305682,0.043853443,0.018498847,0.030504312,0.030458845,0.02926151,0.012099059,-0.0016301157,G04_D03_F_21_Furious_C3.wav,Angry
0.105689745795107,0.038907711052644,0.016833225,0.04266413,2031.916,3169.6517463159544,5281.106651376147,4.484671,0.650101,-454.14822,127.13558,-123.362,28.505722,-6.656132,-32.83068,-0.48196244,-32.174763,-13.407301,-16.284279,-14.489923,-2.9128952,-23.864977,-0.013628787,-0.38045624,-0.23714608,0.071978964,-0.1862605,0.058074288,0.12131422,-0.017941216,0.0902281,0.038988814,0.1057523,0.12801579,-0.029815096,-0.17903312,0.017105415,0.12968937,-0.12509902,0.014702042,0.021223135,-0.048647128,0.010986392,-0.016441902,0.018266391,0.009665517,0.024104737,0.011913969,G04_D06_C_13_Happy_C2.wav,Happy
0.0687176592938311,0.0569185385385082,0.0023608261,0.0071093324,1913.2747,3540.4035020657034,6203.480113636364,4.1418133,0.5659545,-673.46533,121.68555,-56.45612,25.856407,4.601101,-26.541523,-4.0010242,-25.139816,-13.951461,-20.710234,-16.339766,3.1655214,-16.358873,-0.36106837,0.12809485,0.025984095,-0.22331189,0.062453568,0.19963191,0.08640391,-0.008290164,-0.05306156,0.06815287,0.07750667,0.02064516,0.032321516,0.085568555,-0.00827636,0.08923459,-0.015301305,-0.008054855,-0.022864351,-0.020193486,0.06961534,0.022845482,0.02679198,0.04414296,-0.005113904,-0.0025423542,G04_D03_F_21_Happy_C2.wav,Happy
0.10058203125,0.0696367857641293,0.0009795212,0.0066273557,2193.21,5809.417007329136,9936.25,30.452454,0.23713125,-768.1024,62.823895,-48.4782,37.82977,18.822527,-11.460068,5.2654676,-22.227118,-5.901975,-2.595158,-9.59656,0.8817043,-7.4502397,-0.44580355,0.0835041,0.11768555,-0.016973246,0.070416495,0.12934735,0.10634875,0.009140505,-0.058644205,0.032538924,0.046944726,0.002654892,-0.007112615,-0.049987905,-0.10740448,0.08727498,-0.051131725,-0.04168863,-0.0063082455,-0.0066072554,0.039817333,0.01583316,0.037108935,0.03232168,-0.0019153327,0.02191803,G04_D03_F_21_Sad_C4.wav,Sad
0.1891436043432203,0.106870018026948,0.002008989,0.014891613,1827.8619,7156.942204536395,12185.23818193856,55.923183,0.16495137,-615.12915,-5.6978955,-31.326212,6.268899,-48.81124,-7.4266677,-46.30474,0.9934174,-36.44917,-14.653701,-12.760277,-15.83855,-7.8406525,-0.035174895,-0.3698897,-0.035232294,-0.095943674,-0.18873493,0.09114684,0.19556311,-0.005112706,0.050514415,0.16640152,0.01249145,0.17424335,0.01707106,-0.048691314,0.047211178,0.08806285,0.0704919,0.056713533,0.015056876,0.07953915,-0.020623375,0.005889674,-0.021830954,0.0394721,0.010219388,0.010823938,G04_D05_C_12_Happy_C2.wav,Happy
0.21075439453125,0.1142288229352178,0.013579156,0.050111752,2110.7524,6437.396986078203,11053.774626358696,8.369668,0.33844823,-466.27814,28.011503,-53.899117,60.08392,-50.42371,10.168496,-42.051502,14.7102585,-8.025043,-23.35315,11.336942,-23.70927,-6.912989,-0.65693414,-0.21159992,0.0859029,0.17820919,0.21050905,0.20074359,0.034590986,-0.09178747,0.076694205,0.042810958,-0.023809003,9.014036e-05,-0.055629257,0.1490355,-0.10080237,-0.10280567,0.012735864,0.047097195,-0.042832293,0.03382075,-0.025349725,0.017903091,0.004664299,-0.016520897,0.05331985,0.0121793505,G04_D04_K_21_Shocked_C5.wav,Surprised
0.0720637657122905,0.0835511777722624,0.0053074076,0.020001816,1422.0726,3401.8997712869173,6733.960370111732,3.8353176,-0.3231414,-532.8783,119.28993,-7.8173165,35.468094,-3.0892396,20.55343,-34.10324,-17.951553,-12.41897,2.6458104,-24.862072,-17.14865,8.769743,0.13430949,0.061950874,-0.14808106,-0.06706245,-0.11250536,-0.026379121,0.13511308,0.13084953,0.0028149323,-0.051186256,-0.0058131083,0.0060676876,0.00862045,0.0024075108,-0.055975974,-0.07265812,-0.029237257,0.041425653,0.006013524,0.039699867,0.013379126,0.035078615,-0.013523027,0.014904003,0.015984181,-0.0039157523,G13_D02_E_42_Mutlu_C2.wav,Happy
0.1216799713844476,0.0816722935362761,0.009313141,0.025060464,2137.677,4861.948973939022,9517.396438953489,3.403861,0.05564124,-476.16214,45.284527,-86.428986,8.216393,-42.930256,1.4751648,-54.668697,-0.4815695,-21.225788,-6.5421433,-18.846903,-8.188296,-7.414057,-0.33942413,-0.008876917,0.12116294,-0.0034950168,0.09730193,0.14033489,0.0455611,0.022889541,-0.05181939,0.092139244,0.0026553287,-0.027675556,0.02695922,-0.13132554,-0.024590105,0.120488435,0.0040459163,0.02831986,-0.018034516,0.079373,-0.0102929585,-0.0006840423,0.03792323,-0.000947736,0.0034343358,0.015356458,G13_D01_C_10_Mutlu_C2.wav,Happy
0.2341535979626225,0.1828602657551531,0.023632277,0.10044145,2232.116,7331.738540184598,12940.927303538603,10.557805,0.2230239,-402.40625,-3.8862078,-39.25476,12.971586,-8.070647,-14.484924,-19.87884,3.5004485,-10.017412,-36.299843,-24.839132,2.8962073,-20.849607,-0.3920739,0.5060388,-0.19741948,-0.048555776,0.0010374293,-0.112544425,0.111265205,0.0065467055,0.04117171,-0.063630536,-0.005601122,0.002210631,0.021903934,-0.16739278,-0.12431207,0.05278406,0.030958949,0.040874697,0.045497164,-0.007171631,0.007399192,0.02001631,0.03190554,0.040524248,-0.029882932,0.016406652,G13_D05_K_48_Ofkeli_C3.wav,Angry
0.1737914018976323,0.1372811156560383,0.010239908,0.045861136,1852.4797,6613.816931734598,13711.25209457695,14.6832485,0.26475734,-418.2728,40.50698,-16.982697,3.6439402,-0.5070903,-8.721594,-24.94825,1.0824924,-36.22418,-10.756572,-22.319822,7.3193865,-17.10494,0.5256051,-0.07386181,-0.21144697,-0.04565811,-0.08939181,-0.018608581,0.026813814,-0.02566138,-0.055301197,0.045869183,-0.019551609,0.09843073,0.047967732,-0.2617122,0.04929803,0.050488826,-0.09405794,-0.03440575,0.015807344,0.10308653,0.050682027,0.012470909,-0.010028632,0.032951795,-0.021216905,0.0002469266,G13_D04_K_45_Notr_C1.wav,Neutral
0.255695390820802,0.2231452997789018,0.010530141,0.035093147,1922.4603,7402.896493591128,13227.053351151317,6.9272184,0.19302957,-456.0225,31.341724,-5.1780405,25.799232,-2.7273488,-26.903397,-2.0069144,-4.6494966,-5.366568,-11.962051,-23.078226,8.988953,-16.427893,-0.19358845,0.26552373,0.072949074,0.06326192,0.11763656,-0.02060623,0.022572415,0.04098437,-0.009527963,-0.06950279,-0.012313341,0.02386099,0.021571154,-0.2849271,0.0054988395,0.008059262,-0.09613191,0.07822559,0.051872443,-0.017051505,0.0026863716,0.0212288,0.011601962,0.048228525,-0.009417247,0.017954655,G13_D06_E_47_Saskin_C5.wav,Surprised
0.1145952790519877,0.1061283468620543,0.005274077,0.021723837,1700.9493,4474.030818066237,8816.800458715596,12.352924,-0.23549867,-500.65692,100.17191,-16.803186,41.838352,-9.010262,26.283764,-37.179844,-10.397149,-20.847317,4.8105497,-19.02537,-10.829928,3.9736612,-0.5280173,0.28423575,0.06370064,-0.0965402,-0.084119275,0.03902103,0.026024297,0.053892303,-0.033463735,-0.029817581,-0.032770038,-0.011780139,0.047371075,0.118842825,-0.13413708,0.093361475,-0.043518107,-0.034220457,-0.10191403,0.06202215,0.06413982,0.057421774,-0.0007162692,0.06434434,0.022217741,-0.046972517,G13_D02_E_42_Notr_C1.wav,Neutral
0.210793887867647,0.1503840704279682,0.007270446,0.07393175,1684.7704,6942.830302671869,14032.36514820772,65.85149,0.32695737,-443.8364,55.990757,19.290503,33.25273,-5.050702,-25.042715,1.6154448,2.0669465,0.06121467,-7.441264,-14.671415,11.455513,-17.76147,-0.09480084,0.27130276,0.102883056,-0.20205702,-0.14626095,-0.08806171,0.053845894,0.0060988343,-0.09283254,-0.02346681,-0.05365343,-0.04767816,0.030775074,-0.08350563,-0.040730488,0.04549792,-0.06798911,-0.035534054,0.0078617465,0.003084816,0.036767416,0.018507542,0.023356594,0.0059588924,-0.018375788,0.036971137,G13_D06_E_47_Notr_C1.wav,Neutral
0.1796051735101744,0.1051203577171607,0.018099373,0.06220011,2004.3789,6447.156163139202,13086.178234011628,6.825862,0.16875358,-387.5824,33.1842,-50.5499,2.8146586,-20.455013,0.18221584,-45.986763,15.508042,-48.231884,-1.7996707,-34.41178,2.3167562,-24.767084,-0.1350378,0.029987745,-0.06302527,-0.14488651,0.20989767,0.002236477,-0.15869063,0.11916576,0.0029957572,0.03738804,0.0673641,-0.02009989,0.0015302231,-0.2747672,0.036227528,0.05066586,0.050860163,0.05919899,-0.037222378,0.017919067,-0.03250194,0.075256854,-0.012872857,0.02445678,0.03635886,0.014029241,G13_D03_C_11_Mutlu_C2.wav,Happy
0.2140919518849206,0.1671621902887163,0.006084301,0.02839601,2029.2596,7159.036962972476,14211.669921875,12.494865,0.33875772,-498.8089,20.40721,-10.095296,29.69486,17.748436,-7.587977,-18.95406,-4.3894706,-38.24038,-7.5480022,-15.874721,5.314669,-17.343786,-0.15563445,0.07048019,0.10636125,-0.13250166,-0.067685,0.08333766,0.109053686,0.09974852,0.09610984,0.029724766,0.020985307,0.07992264,-0.002418799,-0.2563195,-0.020379202,0.05147266,0.020528616,0.013428078,0.017039172,0.024110278,-0.010106895,0.023698132,-0.011746011,-0.0031944748,0.0005735994,0.006953554,G13_D04_K_45_Uzgun_C4.wav,Sad
0.1564993628843582,0.1019660950905441,0.010073794,0.037419975,2081.9954,5684.117208269259,11043.135862299465,4.936861,0.07540916,-468.09854,36.15394,-70.436165,17.70703,-35.534306,0.069028966,-48.232227,7.610565,-30.125175,-4.2730145,-13.946957,-14.894807,-3.2600672,-0.24538687,0.18886125,0.023665026,-0.19988632,0.06645778,0.0072745103,0.032496255,0.052027352,0.1658755,-0.040174168,-0.013221378,0.04281262,0.0071167117,-0.09806807,-0.025916053,0.07090844,0.055699814,0.029378891,0.024357188,0.007531263,-0.03785877,-0.0047476185,-0.015268535,0.0019391513,0.008340023,0.0055776415,G13_D01_C_10_Ofkeli_C3.wav,Angry
0.1457696255026809,0.1171744979760639,0.014422984,0.05009411,2043.3026,5240.930578346398,10164.133713136727,5.2458973,0.4305884,-423.27438,51.376823,-54.200497,19.28918,-1.9359416,2.4714608,-41.72309,10.211532,-48.845184,-8.069669,-34.172222,6.7877817,-25.701244,-0.43742532,0.3913593,-0.01650776,-0.19893429,0.016661951,-0.043041088,0.1684135,0.029915178,0.19098356,-0.011876037,-0.0013178373,-0.024214905,0.018748704,-0.11884151,-0.14496888,0.09041445,0.024058988,-0.0021771418,0.0038539309,0.044484068,-0.00211279,-0.0014986519,0.0396988,0.02546348,-0.008604607,-0.025156356,G13_D04_K_45_Ofkeli_C3.wav,Angry
0.1791739628232758,0.0861028639589835,0.0057940735,0.03311376,2107.9446,6052.823135091931,11713.092672413792,20.317995,-0.44235262,-487.38272,44.983257,-65.53985,25.781559,-37.351017,8.935689,-46.606693,18.383797,-26.970398,-2.565545,-7.004658,-4.4607472,4.835817,-0.26235408,0.33119306,0.046252515,-0.23659934,-0.03262726,0.09186539,-0.0287726,0.071116164,-0.006137146,0.0555565,0.025183963,0.05148741,0.059730694,-0.007226977,0.005329561,0.14268234,-0.07580831,0.062348448,0.007920352,0.08780702,0.013977694,0.034018666,-0.030480895,-0.0019019856,-0.021027664,-0.023795249,G13_D01_C_10_Notr_C1.wav,Neutral
0.2026618726325757,0.1145095738833806,0.025965706,0.15589868,2170.4326,6218.623358707432,12205.084783380682,21.311619,0.013176716,-393.6662,24.233702,-65.7251,-2.90914,-12.833851,-25.32157,-47.952953,22.947973,-59.99652,10.927969,-14.412319,-2.759733,-16.701777,-0.4321106,0.736339,-0.13008966,-0.23052594,0.099699885,-0.1564516,-0.040859476,0.099333055,0.034811962,-0.12193097,0.08840954,-0.02842406,0.057367355,-0.19108516,0.026040621,0.1326306,-0.044108696,0.10009398,-0.017000303,0.09262121,-0.009637049,0.07644562,-0.011385359,0.045333885,-0.010648002,0.038548462,G13_D03_C_11_Ofkeli_C3.wav,Angry
0.0978518566453313,0.1047413700244628,0.006512806,0.026202692,1643.847,3991.4744936232496,7654.955760542169,4.7620087,-0.07976626,-505.8329,101.01662,-22.56864,34.52126,-11.289405,14.433322,-33.04664,-10.989618,-17.29122,-1.1200054,-24.000477,-11.320874,8.662098,-0.19361694,0.13405496,0.009977283,-0.07999126,0.06676174,-0.055081,0.018564828,0.0607819,0.092552625,0.003261865,0.024854545,0.055171434,0.0667134,-0.17084408,-0.115208015,0.053450204,0.05452435,0.008369874,0.004534692,0.04329053,0.006188957,-0.011454926,-0.013182033,0.042645723,0.032473914,-0.019933915,G13_D02_E_42_Ofkeli_C3.wav,Angry
0.1632127392199612,0.1097294148395623,0.0066229394,0.03744996,1589.3142,6241.224045977308,14068.776685138082,13.988276,0.37998116,-479.8542,64.11521,-9.182218,7.6809745,-10.171068,-5.2632837,-29.737946,3.2326162,-43.790005,3.313963,-26.337366,4.493787,-20.1456,-0.25765133,0.1050136,0.14330675,-0.26189014,-0.14997324,0.021283142,0.017288828,-0.02963389,0.077634946,-0.10251305,0.015140598,0.19624585,-0.04110796,-0.24324985,0.026169052,0.09137826,0.10543214,0.061234154,-0.04841009,0.045316786,0.0264713,0.05608399,0.038534336,0.0020101052,0.0090553565,0.043894533,G13_D03_C_11_Notr_C1.wav,Neutral
0.2389484824934555,0.1819052524002342,0.008488541,0.042828918,1890.0939,7872.202269927541,15408.810664471532,23.062933,0.7500266,-469.05,23.319996,-1.2776141,-2.1245236,-10.783245,-14.116418,-2.3239636,10.63539,-5.8938117,-20.505949,-18.025051,4.7006154,-12.293249,0.2786607,0.3536474,0.08298866,-0.2884968,-0.09661369,0.1271225,-0.02685896,-0.096638225,0.0031524329,-0.010148103,0.033854086,0.020181281,0.004212659,-0.24867329,-0.12955731,0.0064157867,0.01740206,-0.039933443,-0.0028550962,0.08291609,0.043345205,0.023289092,0.005755954,0.023533892,0.048120487,0.023488807,G13_D05_K_48_Notr_C1.wav,Neutral
0.1845875055017605,0.1478217132986086,0.015589267,0.042514794,2067.6523,6106.446893057966,11467.037233164612,7.3709726,0.60232055,-391.6038,52.046074,-18.376326,26.21561,4.910924,-25.62485,-15.281682,-6.163054,-10.013275,-20.48588,-18.176556,6.607487,-27.551277,-0.17927863,0.17096291,0.07986587,0.11425828,-0.043481883,-0.13213505,0.07396075,0.01167875,0.09301404,0.10014773,0.07514495,0.027936028,0.021739207,-0.49831304,-0.15042704,0.054881766,0.02569995,-0.0032318193,0.031121911,0.051904757,-0.0107562225,-0.0043140296,0.069371745,0.03653351,-0.023310779,0.033879217,G13_D06_E_47_Ofkeli_C3.wav,Angry
0.272155374603594,0.2190118796092787,0.013552032,0.06527533,2202.5117,8355.775580309722,14783.977974696088,8.72823,0.17337616,-456.84772,-17.104212,-23.598341,2.5576842,-9.834637,-13.256861,-9.422237,10.394948,-11.788792,-24.093575,-18.230719,5.242371,-18.303457,-0.6276419,-0.030803027,0.23882769,0.064917445,0.1334143,0.13352145,0.032545134,-0.056566525,-0.0029037911,0.04762298,0.0096416995,-0.0095134135,-0.0021972635,-0.1419435,-0.005769294,0.050814584,0.025600264,0.00046827123,0.0489854,0.014719484,-0.014792827,0.015285579,0.014774734,0.017419694,0.0089492835,0.011732221,G13_D05_K_48_Saskin_C5.wav,Surprised
0.1160936231737013,0.0967683060774872,0.01364941,0.10927037,1294.4048,4833.567589555368,9638.555353338068,40.44965,-0.048204802,-485.3057,89.57276,35.678318,34.945568,-9.544968,0.67156726,-14.158333,-14.503529,37.425503,-24.13981,-35.089066,31.619652,-24.555622,-0.087906376,0.19764698,-0.105470486,-0.24720255,-0.1830868,-0.08080693,0.09796518,0.11440956,0.19289885,0.0074158846,0.0050234855,0.075898364,0.10312458,-0.16293824,-0.101998925,-0.05410909,-0.08177958,0.012575388,0.026683986,0.087035336,0.03077071,-0.07819663,0.0115805045,0.11105322,-0.009106552,0.017858671,G14_D03_K_46_Notr_C1.wav,Neutral
0.1191731770833333,0.1340678136778186,0.008984345,0.036374025,1378.039,5056.517260359495,10104.43996263587,6.942404,-0.7955445,-521.27405,98.363335,36.560795,16.70007,33.593002,2.6388922,-36.170815,-7.5721765,13.736992,-21.552134,-12.134017,22.077684,-8.55946,-0.10612107,0.13267517,0.010920541,-0.14650515,-0.09287709,0.06021336,-0.024912538,-0.10187922,-0.032373678,0.0782753,0.009474677,0.098326765,0.012313611,0.22706966,-0.06290336,-0.10330743,-0.16564316,-0.0995176,0.019025374,0.01863661,0.0038587225,-0.08658221,0.04577857,0.01246629,-0.01656378,0.048071984,G14_D04_E_58_Notr_C1.wav,Neutral
0.249431368670886,0.0996253598195125,0.043189023,0.16617547,2043.4489,7766.013671441475,13677.127422863923,8.479667,-0.09283233,-371.85474,-24.957806,-53.919544,19.424864,-26.191584,-29.354807,-7.1052833,-28.016653,-23.379225,9.706561,-54.573997,30.25494,-35.309547,0.14700948,-0.39224434,-0.07716743,0.12862815,-0.15160635,0.1268294,0.02594763,0.052921135,0.14111362,0.022803864,0.028845431,0.1141538,-0.04900588,-0.055726368,0.11114884,0.082745194,-0.0429354,-0.0021789575,0.05919968,0.050347283,0.024762433,0.030861331,-0.05370185,0.048783343,-0.006227998,0.017925728,G14_D06_C_6_Mutlu_C2.wav,Happy
0.1358385917467948,0.1025984075607033,0.010100768,0.03294426,1701.4535,5505.051049186076,11313.765775240385,5.5655327,-0.06876191,-502.5988,76.741806,9.991431,27.473158,13.106069,21.465357,-18.195877,-6.075196,23.017265,-16.301098,-32.18184,27.596472,-17.262861,-0.57261574,0.028419886,0.2102853,-0.018892381,0.0030925213,0.020149011,0.23644873,0.103913814,0.054460734,-0.024920525,0.0785235,0.0035791935,0.041986383,-0.16191822,-0.0448239,0.059366804,0.019919151,0.023757793,0.012665389,0.021543356,-0.016696366,-0.019415896,0.0014970755,0.035116717,-0.008719605,0.024274116,G14_D03_K_46_Uzgun_C4.wav,Sad
0.0688904601258117,0.076661169203324,0.011538698,0.03327071,917.7327,3320.4126136821214,6640.196644176136,3.7743235,-0.1369618,-505.10675,148.89935,35.13011,5.6619534,4.5900507,29.40015,4.971244,-17.048037,34.987526,-18.465319,-31.013529,16.227957,-2.4216764,0.14346178,-0.094125845,-0.3561669,0.043951865,-0.08786813,0.073890045,0.052585885,-0.18175504,0.039482933,0.07889108,-0.033643153,0.06344028,0.011464152,0.060647074,-0.22644275,-0.099640526,0.03289518,-0.079548866,-0.098792784,0.019044068,0.05738986,-0.009973,0.06158392,0.083154514,-0.050624933,-0.009589601,G14_D02_E_45_Notr_C1.wav,Neutral
0.1884623532572751,0.1373611700710006,0.037312057,0.11808199,2394.2039,5500.611794233421,9181.290690104166,6.681075,-0.25050205,-383.9594,38.27935,-70.1508,25.197916,-2.8629978,-17.538368,-49.23009,5.694198,-3.4067686,-27.653103,-26.654587,4.0313473,-28.946516,-0.07671043,0.9288916,-0.05135764,-0.17374052,0.11312564,-0.25234005,0.12660262,-0.029533058,0.09247587,-0.13216978,0.10524124,-0.025598396,-0.0075393305,-0.21479478,0.006476498,0.11763132,0.039235327,0.02709907,0.030392246,0.0896205,-0.018340942,0.022356164,0.009921157,0.040820353,-0.0061139655,0.05540755,G14_D05_K_25_Ofkeli_C3.wav,Angry
0.2351011618589743,0.1217073767208852,0.018544815,0.10463228,1435.0629,7192.202296031899,11980.466871995191,18.44277,-0.037929967,-486.14203,-5.506433,-5.9008446,26.489283,-43.54971,34.327682,-31.248878,-8.887211,3.3676336,-1.1906477,-20.75569,8.507983,3.291979,-0.09483249,-0.09236967,-0.021664336,0.07258258,0.098776,0.2415594,-0.0745206,-0.09014461,-0.08664219,-0.020088686,0.074134104,-0.08613215,0.08932748,-0.20847513,0.06612494,0.04964927,0.004935064,0.03558944,-0.0077831564,0.08528282,0.0080218725,0.03731503,-0.0027238221,-0.01900188,-0.029813962,0.0374256,G14_D01_C_10_Saskin_C5.wav,Surprised
0.1368001302083333,0.1414918405519575,0.011755069,0.0376933,1301.5975,4924.235796620851,9483.66436298077,6.412101,-0.20089641,-530.5918,92.322205,2.2729132,15.721214,2.368576,29.210987,8.17468,-22.043482,29.641579,-15.668304,-25.947697,12.397349,-4.2110662,-0.4005655,-0.29898468,-0.13973036,0.08837561,0.1244898,0.04284396,0.07299946,-0.011588884,0.017840419,-0.0138525255,0.09447904,0.014812426,0.06763171,-0.14127007,-0.0077821,0.081520714,0.03541278,0.008091577,-0.019087978,0.030454284,0.024027646,-0.02208438,0.0213472,0.015089409,-0.025223712,0.019304596,G14_D02_E_45_Saskin_C5.wav,Surprised
0.1436495334982014,0.1485326145497093,0.013571497,0.052018885,1903.3021,5390.739954124264,10308.878990557554,6.865329,-0.5007584,-489.15704,58.002865,13.262552,35.649918,29.318184,9.629785,-37.22889,-11.900669,17.952135,-18.179321,-21.079988,27.196545,-19.14587,-0.6748943,-0.07881562,0.042219624,0.113693,0.19629118,0.11260834,0.2216769,-0.045488216,0.05019857,0.011014924,0.055141743,-0.049549885,0.058653053,-0.12208299,-0.085183084,-0.003481268,-0.006486865,-0.01636375,0.04317553,0.030130927,0.015952468,-0.0012353971,0.0034274491,0.020848444,-0.0067166975,0.035122123,G14_D04_E_58_Saskin_C5.wav,Surprised
0.2896548184481534,0.1172531898065608,0.03425685,0.26934046,2046.272,8622.761150335544,15130.25623668324,30.578766,-0.0039187293,-391.6126,7.315814,-5.781024,35.6859,2.0833895,-11.322546,-22.541338,-16.466564,-1.921204,7.6055264,-45.162457,25.350586,-21.774687,-0.7795032,0.20579349,0.2116228,0.057508174,0.023774521,0.13828777,0.12298088,0.021699077,0.023024099,-0.15164067,0.027637871,-0.029077671,0.01625461,-0.10616866,0.032750897,0.043047354,-0.04928398,-0.023920309,0.020017397,0.059982922,0.0032384803,0.04721259,-0.0205317,0.08367561,0.0053836177,0.031285897,G14_D06_C_6_Uzgun_C4.wav,Sad
0.2322907927852349,0.1516576607458878,0.017518265,0.11051607,2220.1536,6682.182376801109,11602.542667260906,20.665909,-0.061901566,-473.09677,29.729223,-26.029675,31.637503,9.52374,-2.6493053,-28.644215,6.840836,3.1266823,-22.61886,-15.475479,9.411087,-29.458382,-0.48229074,-0.079525225,0.20820005,-0.11427526,-0.062267628,0.17046708,0.18884085,0.027465709,0.07275872,0.13265078,-0.08559976,0.015366275,0.103938244,-0.17982854,-0.022987971,0.056168716,0.018095337,0.0029912007,-0.0075502438,0.008628697,-0.03650095,0.0049837674,0.027489062,-0.0067895455,0.011486212,-0.00013196975,G14_D05_K_25_Uzgun_C4.wav,Sad
0.2518244984814578,0.1125207174244023,0.016992114,0.093378715,2112.7488,7479.761336202043,13577.152683423914,19.077168,-0.065026194,-435.45084,28.787575,-4.033786,34.794563,12.593112,14.472745,-18.108484,-5.7587934,5.517131,2.79445,-26.889578,38.455322,-35.927578,-0.72324395,0.27767986,0.05471551,0.07168598,-0.09386637,-0.048027925,0.18362914,0.07658781,0.1205377,0.08489461,-0.007016955,-0.0853551,0.07302126,-0.003340326,-0.064468026,-0.021919172,0.010917605,-0.029067436,0.001565071,-0.009386576,0.01012142,-0.03108909,-0.043929853,0.020003682,-0.04142084,0.041622985,G14_D04_E_58_Uzgun_C4.wav,Sad
0.1867023887434555,0.1129920373383166,0.021515267,0.10172199,1395.9839,6596.2280245651855,12159.777256830825,14.739611,-0.007937037,-454.76474,45.96007,-4.443347,12.18535,-40.55521,25.778315,-37.549023,-4.326905,8.86511,-7.8021746,-19.948881,3.4478712,2.1965597,-0.2934232,0.7362225,0.07259632,-0.27706063,0.13555108,-0.18841693,0.0533127,-0.011770189,0.04071275,0.008562907,-0.07959952,-0.07018484,-0.0412138,-0.10544788,0.09887819,0.054503556,-0.052798435,0.08871804,-0.03471651,0.055113997,-0.040221065,0.05280947,-0.06946799,0.021834126,-0.008817632,-0.01759256,G14_D01_C_10_Ofkeli_C3.wav,Angry
0.1408835827464788,0.0905520546754455,0.020080158,0.086105354,1574.6926,5188.264286233826,9854.56426056338,9.664344,0.048007037,-441.70312,65.8818,-5.7599497,0.021571716,-35.389763,32.534424,-47.981537,-11.6452675,24.976934,-9.041556,-25.52067,8.638419,-2.6978414,0.25160074,-0.13135435,-0.28456536,-0.040932346,-0.116449445,0.10101868,-0.017678866,0.001936206,-0.0716837,0.044004183,0.013901066,0.05694433,0.022512771,-0.0716387,0.028681584,-0.073638424,-0.07525651,0.1315354,-0.043568645,0.02407917,-0.023744054,-0.046664417,-0.022329034,0.08769364,0.00788378,-0.04174755,G14_D01_C_10_Mutlu_C2.wav,Happy
0.2177557735788113,0.1220732232108667,0.026818208,0.19981612,1872.0719,6464.528240987133,9971.431004723838,26.071117,-0.024069205,-449.1944,18.577854,-16.151205,51.40562,-24.237923,5.4162073,-16.400303,-13.486938,24.243807,-20.126425,-30.160307,14.073562,-35.074684,-0.74192095,-0.0063523483,0.08176186,0.057301465,0.1768714,0.16855364,0.05475748,-0.06004805,-0.019786643,-0.033232257,0.035234127,0.019210136,-0.01662493,-0.11393072,-0.062184554,0.0157254,-0.024775052,0.040505726,0.031416245,0.017517261,-0.0037204707,-0.0040913676,0.03842818,0.050185636,-0.0040944037,0.0075593544,G14_D03_K_46_Saskin_C5.wav,Surprised
0.2954841776097074,0.1593625333121956,0.037109766,0.110419154,2154.9675,7964.838220289906,13175.685931266622,6.9535484,-0.049283717,-390.06573,-12.016472,-56.368248,8.545849,-32.60793,-36.353443,-21.547512,-0.60389644,-45.229866,16.913715,-40.631084,18.18338,-15.20204,-0.2058096,0.6025048,-0.21365596,-0.14910759,0.0050722943,-0.13260232,0.16661522,-0.015190185,-0.012801597,-0.00809945,-0.011182377,-0.008729564,-0.037646394,-0.20604965,-0.062289663,0.0839397,0.010062624,0.056556515,0.047618113,0.05877644,0.020068107,0.08430757,0.005288956,0.03640104,0.021684261,0.024416622,G14_D06_C_6_Ofkeli_C3.wav,Angry
0.1504720052083333,0.0861581663791407,0.02065849,0.07017816,2068.1995,5077.063706251621,9410.294596354166,8.626948,-0.44199026,-411.71796,57.866196,-32.149742,26.924551,-12.930992,-20.4141,-29.539713,23.570742,6.0356402,-44.00845,-18.49832,9.175102,-22.063936,0.31861594,-0.07632042,-0.24239661,-0.041289274,-0.049693223,0.0760727,0.06380497,0.060882285,0.02901002,0.034058202,-0.081915036,-0.018477554,0.19510184,-0.19936694,-0.10280256,0.037754633,0.051310636,-0.033016834,0.031183293,0.04145711,-0.024528284,0.0013635273,0.05315087,0.019119818,-0.010446271,0.028583784,G14_D05_K_25_Notr_C1.wav,Neutral
0.048152392124613,0.0489257772993825,0.013109505,0.03749112,993.3917,2613.7002452716533,5223.70174632353,2.5294385,-0.20323318,-504.73944,161.38605,19.035048,-17.40678,15.805976,33.072243,-0.54790676,-24.129845,34.257412,-21.277443,-36.904476,9.242907,-9.766514,-0.1652452,0.13941474,-0.106231265,0.001593386,0.017367125,0.024264418,0.022130093,-0.08168969,0.07775194,0.02075873,-0.084429026,0.042297073,0.017858595,0.106329665,-0.2633335,-0.04155349,0.046030324,-0.12473751,-0.123650946,0.029187383,0.08800924,-0.028833345,0.06162005,0.03825923,-0.038041443,0.036676496,G14_D02_E_45_Mutlu_C2.wav,Happy
0.2095179606958762,0.1061452556145222,0.0051612873,0.020194337,2211.8843,6358.503371663236,11622.15790109536,11.065919,0.12237327,-473.94653,45.70401,-26.769865,38.18309,8.218847,30.200327,-24.031471,-0.103025876,-3.4006217,-32.336216,-8.2738495,-2.5410361,11.2949705,-0.56741613,0.15620163,0.09332725,0.07443638,0.29517972,0.07799419,0.025083875,-0.039374575,0.29125515,-0.07888281,0.00106394,-0.0016125093,-0.07158362,-0.25856358,-0.07702612,0.05668559,0.011099309,-0.01830163,-0.008418182,0.028846158,0.039783116,0.023796435,0.043670263,-0.005367423,-0.018213933,0.012963176,G17_D04_E_23_UZGUN_C4_.wav,Sad
0.2241569562146892,0.1445806970975257,0.00350849,0.016220696,1914.6432,7093.562928310593,12947.294590836864,15.806145,0.073267184,-531.52924,34.406853,-1.0058442,44.768505,11.610185,24.604567,-12.691662,-6.7280555,-6.628546,-19.689474,-10.454625,-5.553205,1.8382313,-0.6095543,0.058406495,0.13949263,-0.16033454,-0.0023826503,-0.06115216,0.19925065,0.09087224,0.1387405,0.09825303,-0.02217547,-0.04126238,0.03411903,-0.28577617,-0.040966913,0.047595713,0.0014701496,0.017667593,-0.005105579,0.05409678,-0.006859313,-0.007455589,0.01734785,0.014491649,-0.023109555,0.0027719082,G17_D05_E_22_Uzgun_C4_.wav,Sad
0.1781243858097484,0.1436186647638138,0.007578895,0.049202714,1608.9978,6466.396180198849,12300.266712116743,27.650648,0.14265546,-463.28067,58.35866,1.2132027,27.873882,-9.132604,17.658972,-22.487923,-9.478504,-10.056928,-11.204092,-25.936056,1.6109154,-6.2005844,-0.352463,0.11863418,0.09362763,0.061928,0.07841988,0.13234738,-0.009637725,-0.045073047,-0.12191609,-0.10990794,0.010656819,0.055958275,0.021316972,-0.06522084,-0.013863473,0.059815526,-0.002207468,0.07310283,-0.011938022,0.049258266,-0.0148470225,0.03727054,-0.01884196,0.039238177,0.011292109,-0.02900357,G17_D05_E_22_MUTLU_C2_.wav,Happy
0.1336394544402357,0.0795632830444996,0.019355983,0.08525412,2061.4446,4710.987201950287,8525.335878314394,11.456411,0.18514137,-420.58203,36.787598,-80.48497,10.267958,-19.607304,-7.0391264,-28.643644,-13.114696,-12.190213,-17.149744,-13.681393,-4.231771,-22.622637,-0.50824684,0.11339063,0.09464609,-0.12531704,0.005568636,-0.025063088,0.09896983,-0.061118603,0.08458564,0.020897897,0.0159453,0.049008936,0.018697135,-0.1619816,0.10805614,0.09104881,-0.025359087,0.11201949,0.044496827,0.028466344,-0.03693563,-0.013888594,-0.0030619737,0.032475058,0.024998493,0.0002026863,G17_D06_C_8_MUTLU_C2_.wav,Happy
0.1450157165527343,0.1120232662792772,0.01010479,0.042245295,1937.2192,5237.766471562857,10092.343139648438,12.822242,0.41649884,-435.1483,56.550377,-41.108315,20.052683,-13.146204,-4.0836077,-18.83112,-11.116423,-14.707951,-16.003223,-18.30551,9.048079,-13.432894,-0.20209041,0.2875201,0.1384806,-0.23063087,-0.22293733,-0.008803435,0.16376117,-0.01398788,-0.06648846,0.07516675,-0.0090192,0.16445348,0.09245615,-0.14247997,0.002834145,0.1370886,0.008361246,-0.018359866,-0.043110024,0.09396219,0.041105486,0.031145642,0.0021623094,0.01712862,0.023735512,0.016813714,G17_D06_C_8_Notr_C1_.wav,Neutral
0.2229927564387211,0.0805063299196195,0.03156802,0.090550385,2054.4185,5829.7072736888595,9787.892619754664,4.3689466,0.049479812,-282.8822,59.13533,-64.832054,46.56437,-38.789745,7.9192367,-29.17301,-7.1911187,-17.960829,-9.458228,-17.794163,-2.2639196,-8.118224,-0.031078873,0.088327564,-0.16865149,0.016981909,-0.034513418,-0.11565761,0.03705259,-0.025891576,0.02790336,0.0037874896,0.028396783,-0.022259856,0.0061991066,0.066762544,0.018033478,0.0610549,0.0348688,0.026864491,0.004052723,0.006662594,0.01845615,0.013835748,-0.0059843357,-0.005429464,0.012630628,0.012206287,G17_D01_K_24_Mutlu_C2_.wav,Happy
0.2344656580822475,0.1094240117552024,0.0033575378,0.016003057,2013.6704,7225.363810717987,12906.454855456026,16.126978,0.07703303,-547.02985,21.742048,-12.025501,29.390587,4.402059,20.406328,-29.362457,-8.379685,-8.409819,-18.277483,6.8529034,-12.592793,-10.157153,-0.3692288,0.10105195,0.3123241,-0.23981,-0.07507423,0.14784658,0.061578333,0.019046087,0.022142602,0.14209123,-0.020496642,0.008296875,0.047108043,-0.23111077,0.006930413,0.05414455,-0.055950325,-0.02055529,-0.02221413,0.07878115,-0.09768222,-0.03691049,0.07964289,0.021703145,-0.015580151,-0.011324043,G17_D02_K_33_Uzgun_C4_.wav,Sad
0.2385954365424791,0.1622000356419452,0.0043919683,0.05425613,1782.3572,7234.431446308435,13431.26047288475,104.962105,0.08075337,-530.82135,49.86031,-3.5073519,2.574288,-7.4392924,12.86293,-28.689445,7.5433784,-9.106962,-15.376373,8.772056,-3.5581355,-2.4950104,-0.057553794,0.22909006,0.10036342,-0.14849764,-0.02505439,-0.024168923,-0.039175093,-0.10014693,0.09309869,0.114474475,-0.02875775,0.011266645,0.07941554,-0.11599552,0.07771758,0.071952544,-0.104601525,-0.013525384,0.005525326,0.06364954,0.015757425,0.015875323,0.019804507,0.018155267,0.019808115,-0.030497188,G17_D02_K_33_Notr_C1_.wav,Neutral
0.2019247731854838,0.1062436492977772,0.005242638,0.047385693,1619.6284,6838.686171182173,12933.189106602822,51.070103,0.1576167,-488.73825,49.80862,9.706974,36.70996,-8.949068,15.817008,-18.403488,-2.8876123,-14.583866,-10.14068,-15.876128,-3.3461986,4.466963,-0.21630576,0.12661973,0.0725099,-0.07109409,-0.16721411,-0.08285779,0.046322994,0.0684993,-0.09397403,0.0114048105,0.0041116253,-0.0419799,0.10777736,-0.09604248,-0.009772759,0.010472116,-0.040776458,0.035289515,-0.05117273,0.014197602,0.023451328,0.046477966,0.01861178,0.051342107,-0.013940747,0.00880651,G17_D05_E_22_Notr_C1_.wav,Neutral
0.2833108927963215,0.2050504226913396,0.0064132926,0.025893964,2103.814,7495.553723432274,12443.961810286104,10.435797,0.1620779,-507.0213,19.843489,-24.437128,33.7026,-15.117951,7.5787263,-18.462181,-1.3042881,-4.106561,-18.48841,-11.998811,-3.623525,5.1240616,-0.5782102,-0.078682296,0.050239928,-0.018154649,0.055578295,0.10397764,0.1474845,-0.04186068,0.095368795,-0.008878921,0.10034364,0.026976619,0.047064945,0.34765825,-0.0093358215,-0.09712134,0.050699312,-0.04640044,0.069649935,-0.033866856,-0.009748981,-0.04605567,-0.015037369,-0.04232878,-0.010196683,0.021037873,G17_D04_E_23_S╠ğAS╠ğIRMA_C5_.wav,Surprised
0.1653070977393617,0.0910473804101474,0.0108885495,0.03648623,2122.0156,5705.1718641134485,10872.52659574468,7.7278557,0.1598916,-409.21304,51.93475,-32.771202,35.13844,-21.717287,17.238678,-34.622803,-4.553892,-8.361085,-24.314955,-18.71336,-6.669461,0.81022525,-0.69681334,0.3549858,0.31794214,-0.08819035,-0.072307505,0.13611627,-0.021444669,-0.06998143,0.29933,-0.014500622,0.08619728,-0.01805024,0.053531777,-0.36359137,-0.07077284,0.086430036,-0.053437002,0.106156014,0.024654647,0.0888724,-0.06162017,0.09310964,-0.0010248818,0.00977261,0.015240579,-0.053084344,G17_D04_E_23_OFKELI╠ç_C3_.wav,Angry
0.2468421994274809,0.1785752608485923,0.005024026,0.02362296,2322.548,6615.526545132361,10373.776762285306,13.718536,0.4239835,-597.9057,14.316472,-85.40143,17.57218,-11.947756,-35.550648,21.345459,-43.381332,5.4703803,-21.828136,-6.047721,-4.152336,-18.676786,-0.31665686,0.060327277,0.1240454,0.06322144,0.15037012,0.018648885,-0.04358673,-0.05347494,-0.025594829,-0.017903527,-0.0077835075,-0.017345728,-0.02285645,-0.014135203,-0.044274814,0.11722475,0.039067846,0.014798216,0.039600126,-0.0061107157,0.03164775,-0.0029334214,0.008994631,0.0035097445,-0.0017708946,0.011350578,G17_D03_C_4_Sask─▒n_C5_.wav,Surprised
0.2454585808367768,0.1466080224121504,0.0039064535,0.021888206,2414.3118,6671.343296760285,11037.24367252066,17.412941,0.11672474,-602.6927,14.36814,-82.18188,37.156357,2.5860744,-41.07559,2.1627479,-60.393238,20.78849,-23.751701,-14.157806,-2.692612,-18.791645,-0.27672914,0.028978243,0.22212282,-0.10159987,-0.056470737,0.051832788,0.0057520466,-0.017071823,-0.014342751,0.032471903,0.016359352,0.010040988,-0.0054050777,-0.09469098,-0.01352517,0.048899647,0.009187489,-0.009628387,-0.02368743,-0.009568974,-0.0014407939,-0.018846305,-0.003984949,-0.01410483,-0.021290112,-0.003089582,G17_D03_C_4_Uzgun_C4_.wav,Sad
0.1632854017444547,0.1493477642895699,0.0051523936,0.032639347,2167.8003,5584.122008536523,9789.447890191774,22.669373,0.26860458,-580.48895,38.23746,-83.94982,14.814757,-14.004729,-48.01892,11.020628,-49.9129,11.173721,-30.011423,-10.899887,-1.7027901,-23.906624,0.20543249,-0.28333157,-0.3498177,0.18853062,0.0067096786,-0.007549367,0.07131942,0.0637202,0.08126301,-0.006618024,0.05616562,0.04361445,0.017722057,-0.016605442,0.019460311,0.033174653,0.016305976,-0.020670881,-0.009894399,-0.0061021927,-0.009090498,-0.017671732,-0.005870866,0.007032136,0.0030185138,0.0008456436,G17_D03_C_4_Mutlu_C2_.wav,Happy
0.1464534505208333,0.1115347524686618,0.019558934,0.06449828,2091.2305,4767.072185066974,8552.4140625,5.796092,0.05432382,-409.24197,56.493977,-63.647663,22.594887,-18.78222,-14.397503,-21.723701,-7.188164,-8.27078,-21.385303,-23.505598,9.1162615,-9.186853,-0.6031032,0.3476865,0.004026718,-0.02438427,0.038699824,-0.10888387,0.19030172,0.0026417542,0.21419266,-0.022587713,0.028220106,-0.09607771,0.008637525,-0.11829417,-0.1317511,0.12068045,0.06798801,0.040808264,0.02818704,0.008752607,-0.037696566,0.0040186294,0.050585594,-0.042525526,-0.03130364,-0.006689997,G17_D06_C_8_OFKELI╠ç_C3_.wav,Angry
0.2206417329130117,0.1265326881276531,0.007934196,0.043790188,1809.6935,6805.367398548677,11994.308953536183,18.924042,0.04801611,-490.03394,24.48422,-13.7681265,23.940802,-18.310543,18.757742,-28.909277,5.2990317,-14.296166,-16.410715,-2.3655221,-11.504566,-5.1953883,-0.60334665,-0.07182903,0.20889206,0.070757546,0.24061298,0.13056785,-0.001154855,-0.083215706,-0.03549848,0.0040715816,0.0317632,-0.02274301,0.063350424,-0.28778774,-0.077422604,0.06974782,0.0806249,0.020443933,-0.045242637,0.10419314,-0.031909518,0.015200163,0.030735997,0.007634039,-0.0035147185,-0.024220753,G17_D02_K_33_S╠ğas╠ğk─▒n_C5_.wav,Surprised
0.242371632996633,0.1185431802689257,0.010354342,0.0667131,1690.3716,7349.776190632741,12409.43270596591,25.860943,0.021378558,-469.3798,16.543604,1.3124617,45.926308,-22.029762,19.429234,-40.446663,-17.5354,-14.767285,4.325761,-6.6683607,-7.378085,-4.7744713,-0.25080714,0.77857774,0.06496259,-0.17956214,0.14347771,-0.18953027,0.025324361,-0.018597793,0.14202406,-0.11440552,0.043304935,0.0069134324,-0.10596968,-0.08422105,0.13656393,-0.010589431,-0.03178461,0.07163052,-0.040242728,0.07162902,-0.014668484,0.049689155,-0.043361444,0.02866037,-0.0605726,0.0015712949,G17_D01_K_24_Ofkeli_C3_.wav,Angry
0.2678990448321555,0.1148310196352519,0.0048082666,0.04617065,1492.103,8079.871182857293,13598.484085136926,59.60558,0.0442496,-528.2806,15.845136,24.874054,35.726765,-29.527084,14.449609,-36.40983,-18.849232,-15.552389,-0.16889808,-2.7539926,-8.237692,-6.236203,-0.31498718,0.27940816,0.06636044,-0.21533011,-0.14015831,-0.009270618,0.05576272,-0.059511617,0.12807839,-0.061760284,0.07965275,0.13484208,-0.0019265375,-0.19245766,0.07445014,0.057435438,-0.061464302,-0.00421277,-0.019192941,0.15200849,0.020133818,0.0018115398,-0.020196253,0.040962018,-0.008597664,-0.01990681,G17_D01_K_24_Notr_C1_.wav,Neutral
0.1258800828313253,0.0668699249997752,0.016079567,0.093839124,1985.2148,4024.5644369695974,6658.339608433735,21.35053,-0.24561313,-493.64624,91.36814,-80.66651,57.48792,-19.122507,-40.1157,8.156961,-24.00106,-9.738196,-17.399818,-10.268736,2.3719704,-25.659372,-0.070160605,0.10767183,-0.031269625,-0.002113232,0.008579226,0.025477242,0.013537396,0.010618683,0.057231445,0.02791276,0.021430822,0.053064875,-0.0009357912,-0.014463439,-0.0861325,0.029489953,-0.064856745,0.015903238,0.060406394,0.007045562,0.014036744,0.00095365074,0.0082023125,0.012694078,-0.01458569,0.01121786,G09_D04_K_25_Ofkeli_C3.wav,Angry
0.2812235643909235,0.0813500001556077,0.0031392837,0.013654299,2137.306,8056.4915659522285,14288.514660877789,12.789302,0.16928566,-483.86066,7.343587,-17.34344,13.905777,-1.2331046,6.232149,-18.332012,3.423748,-19.801111,-8.087481,-0.81057304,1.1143631,-0.76051736,-0.36574876,0.12033243,0.26318708,-0.10277657,-0.040416595,0.026296578,0.0046253265,0.06580218,0.014014493,-0.034908652,0.03774489,-0.011757711,0.0026620694,-0.029553443,0.017639194,0.041912116,-0.037243634,0.003889831,0.0019134154,0.001650374,-0.006589112,0.0012286112,-0.0015569037,-0.0012498585,-0.009959165,-0.008342627,G09_D05_C_15_Notr_C1.wav,Neutral
0.1983402136600378,0.0976573983782598,0.0055464427,0.01965018,2030.7339,6356.846815769767,11920.259232954546,11.115481,0.3514431,-424.70584,51.263805,-5.954787,26.792313,-5.874828,12.538152,-16.291334,9.139114,4.2929916,-19.246233,-21.08266,4.8549833,-12.723526,0.089926384,0.09904005,0.007140492,-0.20733036,-0.14974615,-0.01771302,0.008492008,0.000803001,-0.11640715,-0.002413374,-0.018462101,0.0094974255,0.074019015,-0.34844932,-0.16878079,0.11531795,-0.022987712,-0.060495686,-0.08777095,0.08465401,0.05330572,0.015494632,0.10805465,0.053968444,-0.022477398,0.06514814,G09_D01_E_19_Notr_C1.wav,Neutral
0.0794744892799352,0.0489614992540715,0.0014668755,0.006299858,1923.4958,3052.6222170158117,4883.7985436893205,18.669834,1.1784508,-683.6487,136.89574,-68.20476,-11.379614,14.109612,-24.186829,5.3381267,-4.165577,-14.731636,-10.593312,-12.339238,-2.1000273,-4.4352593,-0.16071503,0.28074428,0.0020897135,-0.28599253,-0.15516812,0.12041986,0.0984918,-0.018317794,0.0074637267,0.002835956,0.032128297,0.110885076,0.03951727,0.09314408,-0.103626214,0.037793025,0.023670662,0.001083877,0.036423508,-0.007725785,0.0073312796,0.02201849,0.013212265,0.037156206,0.010505827,-0.020596636,G09_D06_C_12_Notr_C1.wav,Neutral
0.054419525065963,0.0499479032919901,0.0010083294,0.00450698,1177.3611,2966.117821329497,5267.624505277045,11.524196,0.32979363,-727.31934,145.69014,-3.9316785,-2.0947163,0.26494974,-12.357703,6.6250196,-21.157166,-18.116894,-4.81581,-18.133612,-13.131598,-9.729539,0.0069943834,0.19794019,-0.024652831,-0.0830286,-0.0898255,-0.056240782,-8.852186e-05,-0.02871682,-0.025845913,-0.009074815,-0.005016234,0.019062772,0.02533199,-0.022751901,-0.12607013,-0.016763175,0.0055916216,0.033693325,0.038283717,0.0014484237,0.021538023,0.023135427,0.008366747,0.016808286,0.0069289454,0.015921393,G09_D03_K_50_Notr_C1.wav,Neutral
0.0803793374594155,0.0710493152182882,0.00058046024,0.0019916683,1754.552,4313.814518952314,8663.758116883117,5.8145113,0.2930981,-772.5531,106.27288,-9.593951,8.990731,17.57733,-8.361559,1.427402,-16.838272,-15.484056,-10.967294,-21.592575,-14.248692,-12.714823,0.15169026,0.1801692,-0.24486108,-0.19193333,-0.05665505,-0.06430726,-0.020109061,0.006322753,-0.02977628,-0.024588324,0.015054377,0.010022934,0.004251777,-0.030099105,-0.0855146,0.05186393,0.002156692,-0.0041654967,0.03906301,0.026315587,0.03588693,0.013080714,-0.002419061,0.01731072,0.015840093,0.004270952,G09_D03_K_50_Uzgun_C4.wav,Sad
0.0920078031772076,0.0594377489274083,0.0074567785,0.027722975,2127.822,3314.405993452678,5703.535202863962,9.59793,0.816796,-587.10876,118.42184,-100.999176,13.780971,12.932507,-43.774296,-10.7391205,-13.706836,-23.826836,-13.157435,-14.602828,-13.134515,-7.6533566,-0.20713563,-0.009045202,0.0676799,-0.124125525,0.0015640805,0.10714103,0.08822182,0.17128739,0.083755784,-0.029589327,0.043665048,0.042756155,-0.038440656,-0.15681687,-0.04676415,0.16793062,0.078211546,0.04951307,0.061055467,-0.027500493,-0.01257128,0.048866756,0.0032863254,-0.028707517,-0.008211176,-0.00051306654,G09_D06_C_12_Ofkeli_C3.wav,Angry
0.1721361320970696,0.0977284992699403,0.010379887,0.053213116,2022.6663,6695.466390545652,12700.093900240385,20.755167,0.04443994,-422.8835,13.089021,-19.562769,25.265879,-11.760876,-13.3248005,-26.975441,7.8485827,-23.741165,-20.946518,-9.243134,-9.136223,-8.505688,-0.37942696,0.26115003,-0.01599426,-0.22040883,-0.025043508,0.054016016,0.09622286,0.0391133,0.07572562,0.028300354,0.036173232,-0.021152623,0.059690174,-0.014740158,-0.09435996,-0.019699443,0.039663937,0.056146957,0.05101594,0.04820774,-0.055640627,0.008787807,0.022280354,0.034438495,0.006173078,-0.026324822,G09_D05_C_15_Ofkeli_C3.wav,Angry
0.1747011126893939,0.0879125914238584,0.009620945,0.037807815,2054.4854,5793.163030281359,10555.18465909091,10.276777,0.23941022,-383.04938,52.717022,-25.859793,22.921276,-0.60058814,23.272434,-14.936569,-1.2957246,7.2320676,-23.839788,-31.840132,7.4948545,-11.748284,0.14196812,-0.18680972,-0.17161751,-0.19271716,-0.28739825,-0.034010366,0.06645908,0.110229336,-0.070762634,-0.02893365,-0.017229414,0.050496146,0.17750989,-0.09235607,-0.0070086033,0.037520517,-0.01899474,-0.048883107,-0.022103548,-0.012935175,0.020250268,0.024269447,-0.0094218105,-0.0031264308,-0.013207882,0.020046607,G09_D01_E_19_Mutlu_C2.wav,Happy
0.105443851805949,0.0719065460228674,0.009852275,0.051958982,1929.0463,3433.5180630852265,5562.256550991501,19.667336,0.43383026,-520.1674,123.87148,-76.79104,49.32424,-15.059577,-46.449043,4.0117974,-10.44422,2.4881868,-17.318316,-14.278262,7.838883,-18.773739,-0.22216244,0.39602712,0.13186963,-0.15610856,-0.07221679,0.123885244,0.074832946,0.05625989,0.12570325,0.01839993,-0.013532063,0.10822322,0.03630584,-0.0516676,-0.16705681,0.13958117,-0.04010471,0.052208666,0.076163195,-0.008049677,0.032936927,0.015097656,0.025273828,0.010976107,-0.009835338,0.038940966,G09_D04_K_25_Notr_C1.wav,Neutral
0.0729793566836124,0.0718807641421125,0.0025221817,0.009102944,1677.5997,3178.8198822114437,5643.110795454545,4.0379963,0.27619946,-682.0728,118.01011,-47.192173,18.09275,-1.500374,-20.183083,6.7788076,-19.508448,-18.083729,-11.56826,-23.523226,-16.457043,-15.570002,-0.45662028,0.05944787,0.2584341,0.11054113,0.10730399,0.16527557,0.023844428,-0.08312821,-0.054869518,-0.023321606,0.008464138,0.017917817,-0.01762987,-0.12770651,-0.17483948,0.15814102,0.07526626,0.013541203,0.021888223,0.018944921,0.032192063,0.016378876,0.029751047,0.028441716,-0.0075604185,0.008226054,G09_D03_K_50_Saskin_C5.wav,Surprised
0.2316120016163793,0.0778890332283638,0.005330194,0.026072798,2151.4155,7534.386213748347,13582.32775457974,30.317574,0.25350916,-452.07877,8.483955,-20.642017,15.937441,-0.07035812,2.0683897,-28.944626,5.7938213,-17.960308,-19.012432,-3.9698496,-3.1112545,-0.6814856,0.40145642,-0.33359852,-0.227381,0.24153677,-0.08739294,-0.016777258,0.009808573,-0.02149999,-0.051413868,-0.04162753,-0.010535038,-0.0073346896,-0.061479133,-0.017960364,-0.014742976,0.010894578,-0.020101426,0.0013685704,-0.0057269474,0.007449542,-0.013168052,0.02069296,0.015825476,0.021345034,-0.0038657303,0.0004967558,G09_D05_C_15_Mutlu_C2.wav,Happy
0.1711506861162361,0.0822080500329631,0.011582974,0.041636743,2117.538,5741.111829216918,10276.58213935655,9.906737,0.22189867,-370.95395,48.33763,-24.411339,37.54408,-1.2460793,17.757639,-16.093248,0.8792279,7.1512027,-17.867956,-25.976583,6.098347,-10.698795,-0.25130442,0.85655415,0.0007652902,-0.14480396,0.086401686,-0.26654726,-0.13528202,0.11383416,0.08763989,-0.010194336,-0.082023114,0.042629976,-0.0042993044,-0.035072494,0.108297504,0.08558076,0.012383306,0.079956636,-0.012933084,0.0052024308,-0.03592092,0.014712158,0.014857628,0.041377127,-0.0026692771,-0.005567508,G09_D01_E_19_Ofkeli_C3.wav,Angry
0.1411584692320051,0.0766577723645185,0.014524327,0.113600686,1946.2677,4461.882027043044,7051.373714652957,30.883923,-0.05143622,-518.68475,42.76662,-77.289154,45.744984,-32.76504,-38.475574,12.961524,-26.487005,-14.464668,-14.207662,-10.534925,-1.5748628,-23.679474,-0.52004766,-0.15521702,0.33010802,0.14118798,0.14538771,0.13224669,0.010183035,-0.037768777,-0.06299698,0.008915258,-0.023645934,-0.06964917,-0.0069425064,-0.18014298,-0.101666115,0.080745175,0.058246817,-0.005859115,-0.00341626,0.0118634375,-0.016618095,-0.018759115,0.033795323,0.018064281,0.0009580431,0.04630297,G09_D04_K_25_Saskin_C5.wav,Surprised
0.0658335744598765,0.038308410168979,0.0025084764,0.007538627,2030.1412,2694.990911944383,4240.596064814815,5.7536726,0.8568897,-669.86224,126.39358,-88.19815,-5.5106997,8.459793,-44.054592,-9.433237,-16.391993,-23.209717,-14.183354,-20.249931,-14.118479,-9.595201,-0.46751064,0.022334205,0.11434206,0.0072073527,0.060627077,0.1486275,0.049193718,-0.030843282,0.027637247,0.020084335,0.024833597,0.03494076,-0.054905616,0.07268375,-0.07104076,0.04282767,-0.015142616,0.02570337,0.02426232,-0.031752046,0.041644357,0.021988872,0.0020797607,0.049287744,0.021501124,0.0046805763,G09_D06_C_12_Mutlu_C2.wav,Happy
0.146462380349099,0.067999155461673,0.011655071,0.03370269,1650.3788,5234.275799791018,9759.584828969597,12.346429,1.1023583,-388.01053,80.27851,-41.984966,38.161617,-26.977182,33.107857,-24.538363,-17.313911,-26.234934,17.680515,-44.065975,10.350456,-21.001347,-0.44230342,0.2738514,-0.049896397,0.03754779,-0.1067265,-0.015437719,-0.059813544,0.12624627,0.042584017,0.016809752,0.079116546,0.084982246,-0.014585475,0.07566184,-0.15529898,0.06914267,-0.08346164,0.07195583,-0.04206635,0.027584359,0.13250022,0.106178656,-0.09575742,0.09151431,-0.028898893,0.05549325,G09_D02_E_19_Mutlu_C2.wav,Happy
0.1609546076642335,0.0727596678007118,0.009446395,0.043911353,1838.9404,5457.906155899586,10715.204792997263,22.362223,0.4829375,-421.7513,79.04893,-27.89838,43.725815,-29.064129,15.460025,-26.472082,7.7102423,-26.070095,0.3832388,-31.574718,18.853758,-27.26083,0.08355418,0.21100861,-0.17845738,-0.23609345,-0.09820241,-0.064109914,0.012009092,0.1641234,0.004351703,0.02247894,-0.0814978,0.10348715,0.0556124,-0.29317257,-0.12590066,0.0157251,0.027784076,0.09899641,-0.108454674,0.08284564,0.038924873,0.093440734,0.049943402,0.0157366,-0.01818827,0.089875214,G09_D02_E_19_Notr_C1.wav,Neutral
0.1502803096064814,0.07733676260048,0.01528872,0.052803114,1872.7017,5298.186051757943,9790.110677083334,9.965852,0.60783786,-385.8354,70.90973,-36.15727,55.317345,-12.4695635,30.847996,-32.424603,-13.784476,-14.362155,16.011913,-49.710785,18.65527,-24.945667,-0.32105154,0.32359457,-0.08825084,-0.09231375,0.03025661,-0.12479836,0.1039572,0.05833506,0.036115594,0.1585439,0.0051052375,-0.0069805076,-0.042511404,-0.3129744,-0.2731748,0.09609689,0.041817985,0.037590113,0.02189689,0.12052649,0.0024069045,-0.0050363746,-0.029061325,0.045965645,-0.05903946,0.034084596,G09_D02_E_19_Ofkeli_C3.wav,Angry
0.0830460513930722,0.0539808726563849,0.006992004,0.04404939,1665.0181,2758.410050627122,5013.507153614458,28.865273,0.013643802,-505.76215,149.25537,-55.2585,55.96712,15.44298,-16.423166,22.851425,-11.936554,-5.211523,12.297537,-7.735636,-15.76275,-9.349694,0.005108845,-0.02593807,0.0030164488,0.007997915,-0.1671024,-0.050639864,0.10029772,0.008038923,0.019013206,0.09381188,0.015771016,0.035615053,0.12290952,-0.05587648,-0.096515566,0.04111047,0.016221495,-0.05884598,0.022609275,0.036539204,-0.0077908384,-0.004364393,0.00050007435,-0.0012016455,-0.009767007,-0.013870269,G10_D02_M_25_neutral_C1.wav,Neutral
0.0613814447329376,0.0347020777982627,0.012516158,0.056553256,1710.1212,2578.3313723387982,4543.39762611276,9.189082,0.46038485,-518.60876,99.88464,-87.59922,-11.793382,-15.069671,-29.297588,-14.448306,-39.57414,-22.55316,-12.439563,-18.608974,-6.864649,-9.121386,0.19070517,0.1656204,-0.07478755,-0.19096553,-0.06837828,0.08377441,0.022368722,-0.08420746,0.031331874,0.12434649,0.09319611,0.057021935,-0.03990002,0.068082325,0.027579563,-0.015686788,0.054785274,0.11147049,0.052971628,-0.017519794,0.022608185,0.07035395,0.074777655,0.035451967,-0.015818058,-0.0073876726,G10_D01_C_11_happy_C2.wav,Happy
0.0935211181640625,0.0554530415414019,0.010096961,0.051438868,1917.6403,3070.4515227044258,5149.4140625,21.061165,-0.014026847,-461.26355,148.93854,-75.060295,57.12133,17.607159,-7.620112,11.58989,-24.810751,0.9932582,-6.9391,-17.020605,-1.2327542,-12.486065,-0.39157984,0.16128315,-0.031552818,0.016883044,-0.07107409,-0.061310332,0.071350485,-0.036421522,-0.09612245,0.06075924,0.090504006,-0.0036035245,0.025076423,0.055651426,-0.29930484,0.15146193,-0.11972507,-0.03177803,-0.018134058,-0.01700505,0.06522107,-0.005851797,0.0665781,0.065553464,-0.01978163,0.035293154,G10_D03_M_23_neutral_C1.wav,Neutral
0.0692415638130252,0.0574253020490624,0.0057975966,0.01713346,1883.8125,2694.088283352628,4672.203256302521,3.791236,0.4607172,-555.1305,140.29147,-66.88448,41.55631,21.7155,-25.895777,-2.9875672,-25.538616,-21.430202,-5.568881,-13.010377,-14.649966,-15.647625,-0.47552782,0.007306502,0.18907239,-0.04717789,-0.080548964,0.07183397,0.16780266,0.16469277,0.025484975,-0.058762494,-0.03922544,-0.0010130986,-0.0032088682,-0.055080146,-0.115982935,0.08540115,-0.005329597,0.022916794,0.029140582,-0.017581023,0.02172442,0.0046186713,0.0072631007,0.030179854,0.001440485,0.0123689305,G10_D04_F_17_sad_C4.wav,Sad
0.1313504071302816,0.0690749747919135,0.01491179,0.050697304,1923.5897,5186.899656570962,10151.540492957747,4.5958652,-0.107220635,-416.4963,58.794483,-79.35701,28.561901,-39.312225,9.560424,-52.195824,5.436059,-23.638876,-2.9035432,10.612279,-26.598938,-1.2032882,-0.24024409,0.13179919,-0.03266337,-0.07596946,0.06417019,0.08239433,-0.034546606,-0.101650454,0.07462054,0.18641955,-0.06884104,0.0032330097,-0.052045163,0.027402615,-0.05834108,0.08961035,-0.025206735,0.04380433,-0.008297437,0.07550118,-0.020915277,0.0062634577,0.046651732,-0.0051165973,0.013386451,-0.023753362,G10_D05_C_11_happy_C2.wav,Happy
0.0719033061594203,0.0421435012799623,0.0052675577,0.025556175,1827.8878,2629.4971080456285,4503.125,13.72525,0.51955694,-540.6226,147.02629,-70.74184,16.977695,12.140714,-40.74507,-9.827768,-16.00792,-22.804354,-6.6034064,-13.4528265,-12.214955,-3.9595032,-0.21929982,0.32240513,-0.10796977,-0.22906676,-0.052615684,-0.024756473,-0.05308891,0.034619197,0.057948817,-0.025288109,-0.07936661,-0.010143725,0.056588456,0.14378104,-0.10516931,0.10979964,-0.0609896,-0.05530314,0.031535402,0.0053635547,0.023614066,0.03517861,0.015051016,0.014357687,8.5317224e-05,-0.005735455,G10_D04_F_17_neutral_C1.wav,Neutral
0.100593762520032,0.0741615997897098,0.012162583,0.034105808,1692.2981,4653.54676208749,9084.059495192309,3.3854785,0.039587863,-431.99283,84.89455,-46.32578,38.938366,-26.833883,20.557558,-43.43654,-22.274609,-8.849219,-1.2899582,-18.296888,-3.389613,-17.652811,-0.15298013,-0.033661585,-0.042852733,0.11267201,0.0029485256,-0.022200909,0.10289616,0.1438392,-0.009075179,-0.02850184,0.13464798,0.120699696,0.050548796,0.073756725,-0.2656808,-0.046426848,0.016636873,0.029225713,-0.03285452,0.05011643,0.050267924,0.052844048,-0.04380027,0.017801795,0.03245492,-0.004671719,G10_D06_F_30_happy_C2.wav,Happy
0.0918927417375654,0.0674405499038436,0.0136421705,0.055928033,2076.752,3433.6920848758928,6006.503599476439,5.0039434,0.15106943,-511.48975,80.90024,-86.428696,8.978075,-20.609825,-33.596287,-13.002478,-37.770287,-15.688793,-19.907064,-19.627121,1.2400589,-16.638515,-0.45027232,0.14441724,-0.097881936,-0.13521747,-0.019176284,0.010600534,0.0011096575,-0.015161035,0.024471993,0.02738278,-0.072316326,-0.032385726,0.07414028,0.03481668,-0.19264255,0.14548841,0.014771479,0.033339754,0.07695883,0.016456708,0.008750541,0.016788889,0.052223817,0.0071161143,-0.024305599,0.055150226,G10_D01_C_11_furious_C3.wav,Angry
0.172576904296875,0.0831229679446802,0.014906337,0.06461544,2251.9712,5801.217165769343,10488.536005434782,13.2350445,0.023547508,-418.7066,36.399906,-80.09198,47.89261,-29.997992,9.995831,-55.688404,5.00758,-34.061905,-2.326286,9.171608,-20.242052,-5.773645,-1.0152388,0.048355807,0.17005731,0.063394845,0.13460234,0.08938728,0.17357054,0.00753468,-0.012483379,-0.023562705,-0.05923858,0.024530245,-0.01859009,-0.08494598,-0.06320868,0.15138297,-0.101568915,0.056180142,-0.012571089,0.058808032,-0.024692463,0.022448147,0.011933582,0.005324541,0.015889976,-0.0013803703,G10_D05_C_11_sad_C4.wav,Sad
0.1659589944426546,0.0877430791621639,0.014942307,0.06568955,1936.8894,5988.168871366726,11312.097293814431,10.969541,-0.26288804,-428.28418,31.771948,-74.31312,28.115873,-42.907207,3.1738892,-50.352116,3.4876847,-34.03074,-5.0638323,4.9519114,-18.399805,-3.516703,-0.17608906,0.18048269,-0.037453484,-0.20467396,-0.13356422,-0.04612204,0.08973456,-0.010153379,-0.059610747,0.023624858,0.0870527,0.06801475,0.095701806,-0.27726138,-0.014198131,0.13955227,-0.015244019,0.090901956,0.0035463818,0.054674935,0.02021982,0.055148106,-0.021187054,-0.027850471,-0.000775422,-0.029837487,G10_D05_C_11_neutral_C1.wav,Neutral
0.0738555908203125,0.0444720174427752,0.01313225,0.05150189,1998.7433,2482.2892984209693,4124.12109375,7.1243267,0.10350296,-482.59296,135.55338,-88.91568,0.30410424,21.939957,-26.094845,-20.896076,-24.823322,-21.030342,-15.80054,-17.367268,-9.59687,-15.925837,0.027638495,0.13072403,-0.09785932,-0.20304179,0.023267185,-0.019167716,-0.018455654,0.16709974,0.10236607,0.040644743,0.0854104,0.013680843,-0.018674066,-0.10999566,-0.09994626,0.11637163,0.09023313,-0.03018323,0.008271245,0.023494225,-0.0063925954,0.0058786585,0.013220796,0.009611754,-0.015772704,-0.049186222,G10_D04_F_17_furious_C3.wav,Angry
0.1459172888647152,0.0858272146364571,0.0120082,0.061626997,1796.2626,5283.556252368687,9787.752175632912,14.024395,0.03523091,-425.20905,76.519905,-44.633232,46.48796,-40.86189,18.650972,-33.248226,-18.17668,-20.937468,1.8500665,-14.023223,3.0880249,-4.4360075,-0.2964662,0.13839686,0.100901835,-0.17735644,-0.080262944,-0.02082599,0.081315726,0.06873867,0.008840259,0.03063491,0.14641891,0.0061777364,0.12752105,-0.26921466,-0.11967297,0.051835276,-0.0051471945,0.03031778,-0.007961548,0.04242752,0.05031847,0.028583243,0.009104457,0.029024279,0.0071217758,-0.023192212,G10_D06_F_30_neutral_C1.wav,Neutral
0.1166248833955223,0.0653228246637489,0.013442509,0.05390847,2161.732,3592.5687622837986,5942.560634328358,11.777194,-0.065209374,-470.4072,127.423904,-99.93158,71.2066,4.8289723,-11.913534,25.636309,-22.598743,1.7107152,-8.29607,-15.571611,2.0593843,-9.375549,-0.5048819,-0.00456761,0.2414697,-0.03498374,0.15786411,0.30798972,0.13896833,0.035402834,0.03973502,0.074068315,0.043619707,-0.002322572,-0.03162177,-0.21448421,-0.13128245,0.07245866,-0.09683229,-0.019825026,0.0046088733,-0.011577327,0.041573353,0.0088304635,0.005705039,0.0012570189,-0.005815368,0.012347717,G10_D03_M_23_shocked_C5.wav,Surprised
0.1188260879984662,0.091178732760541,0.013038764,0.048759665,1988.558,4752.751466196848,8989.719133435583,7.8755074,0.00030626706,-430.19363,85.022156,-54.370625,47.58495,-33.228653,19.47052,-48.26106,-18.572685,-3.3520775,-5.1452627,-33.42154,3.767874,-13.161106,-0.39360997,0.8385361,0.15568927,-0.15605979,0.035888806,-0.18614459,0.05180854,-0.0020431567,0.057021264,0.0104584135,-0.027635042,0.041062128,0.07895214,-0.1204004,-0.08071857,0.1183306,-0.026903715,0.12252135,-0.00020570404,0.11492256,-0.01089529,0.05280595,-0.026605621,-0.010375516,-0.007829361,-0.018906774,G10_D06_F_30_furious_C3.wav,Angry
0.0858361586084905,0.0647026529031067,0.00933033,0.033568256,2009.8932,3012.555596211213,5399.4140625,9.991463,0.2543158,-508.4092,149.50204,-82.131485,62.381042,14.805453,-11.092324,22.676023,-20.080082,-3.618072,-0.3719802,-13.566965,-6.6806474,-13.171958,-0.7326883,-0.07875935,0.10562089,0.048341095,0.116895206,0.17007565,0.11859878,0.0456721,0.0022690522,0.040608685,0.04960222,0.009616474,0.0040392154,-0.08727601,-0.14844446,0.15550369,-0.09477191,-0.035027657,-0.0091141695,-0.04150583,0.03211469,-0.008037719,-0.007453404,0.012207238,0.0056187185,0.017090881,G10_D02_M_25_shocked_C5.wav,Surprised
0.0699294040532879,0.0479644134435303,0.006859986,0.1822694,1815.7441,3156.7742892563147,5649.128401360545,578.5533,2.572277,-543.90546,116.42712,-38.621014,40.63699,25.339428,4.7864203,23.110567,-10.202802,-8.468118,4.50586,-6.8050027,-5.830062,-6.577216,-0.46465442,0.05572878,0.09242152,0.027862493,0.031867325,0.08392311,0.079877704,0.026443386,-0.010181023,-0.0033306372,0.016059164,0.016859846,-0.009763357,0.04078721,-0.09379663,0.08798416,-0.08528844,-0.033443082,0.021783622,0.0024293517,0.057456356,0.030117368,-0.0051434953,0.0079850545,0.009919195,0.019229926,G10_D02_M_25_sad_C4.wav,Sad
0.0858851173371647,0.0456389250995265,0.012897669,0.039288837,1972.3618,2851.9105777983746,4792.744252873563,6.8688946,0.039245427,-451.37405,167.5667,-93.46406,53.896873,18.942709,-5.753565,14.341556,-23.658266,-0.20187566,-14.047828,-20.834436,1.3209368,-10.563379,-0.7387646,0.015502052,0.3315484,-0.04147414,-0.094516955,-0.040645245,0.15435126,0.18541181,-0.054795224,0.053466305,0.08070543,-0.03285918,0.053228218,0.0026128192,-0.18931985,0.009211854,0.0064100362,-0.04436618,-0.057625677,0.00014761125,0.06390917,0.025205515,-0.020219503,0.012666881,0.016609702,-0.0238333,G10_D03_M_23_happy_C2.wav,Happy
0.1141336731991525,0.0663795732113635,0.009592885,0.056882225,2290.965,3711.247358924196,6120.630296610169,12.089316,0.59155023,-526.70105,81.7651,-92.79735,35.093914,-5.972653,-34.00973,-10.864056,-31.459642,-6.6137366,-20.052393,-18.284695,7.0213647,-18.100199,-0.3061732,0.006424367,0.18347162,0.10427304,0.1631573,0.1460819,0.15693323,0.18247207,0.032365263,0.0066644843,0.038200103,0.0043530483,0.032565847,-0.0060320403,-0.019015457,0.041324332,-0.037118785,0.0014382289,0.023173554,-0.005276274,-0.00026768973,-0.0090551,-0.00912901,-0.009329139,-0.006443851,0.013041428,G10_D01_C_11_sad_C4.wav,Sad
0.3477888695987654,0.0937883174442782,0.020121897,0.06947168,1246.3093,10959.800134309686,16728.55179398148,8.540601,0.6190656,-384.01956,-27.543812,29.972218,-2.3886166,-17.144651,-6.8306065,-47.172024,-12.4443655,-35.175816,-1.9830847,-16.467966,-6.171251,-28.437191,-0.7820765,0.21104167,0.10664256,-0.39293137,0.05211473,0.18587004,0.15410204,-0.15549874,0.013307674,0.019926252,0.12148242,0.010421949,-0.033167284,0.17891873,-0.014617706,0.033702698,0.1042499,-0.07870052,0.0028815358,-0.036427796,0.025553565,-0.045189697,-0.016199691,0.0163261,5.4812725e-05,-0.0011599449,G07_D01_K_22_S╠ğas╠ğk─▒n_C5.wav,Surprised
0.1755679086538461,0.0936831816487765,0.014934396,0.12736705,1668.8254,5089.794827860586,8957.216195913461,52.33664,0.058412895,-412.61395,82.52925,-54.957127,35.47798,-51.513557,4.643651,-18.436895,-27.418255,32.674366,-23.25403,2.473677,-20.70121,5.6766315,-0.08103565,0.1372904,0.029494265,-0.13006213,-0.07486997,-0.09402669,0.24991582,0.109711975,-0.029124148,0.06303376,-0.0130079165,0.06520017,0.058964238,-0.37543213,-0.16264756,0.097555965,0.10081592,0.11220657,-0.011448799,0.043411225,0.06047989,-0.025820963,-0.008199153,-0.041975856,-0.024693865,-0.009884141,G07_D04_K_42_Notr_C1.wav,Neutral
0.1578098285524316,0.0924406968705815,0.008845837,0.032165926,2138.8079,4814.499919853796,8462.352476728724,10.117457,0.089095674,-434.13754,76.46395,-39.69461,55.62855,-9.507284,3.6573179,-13.442831,-10.836944,14.146476,-16.219492,8.69722,-4.602124,0.5156667,-0.3054762,-0.37866712,0.03692925,0.114269756,0.027336886,0.2836618,0.12725595,0.025732435,-0.026984204,0.059016608,0.01745838,0.057595447,0.041164517,-0.1390252,-0.14371735,-0.037247624,-0.023605637,-0.0016428577,-0.012567002,0.014030494,0.001596411,-0.002812237,0.004990253,0.015882496,0.021707173,0.019782396,G07_D02_E_22_S╠ğas╠ğk─▒n_C5.wav,Surprised
0.3216603597005208,0.1265850256036433,0.029631099,0.16599973,2232.001,10448.246105809929,18435.337829589844,20.005142,0.0869209,-336.02353,-45.136818,-4.4500575,-8.771929,-13.589197,-27.455122,-36.617615,-11.649029,-4.209824,-33.108868,-12.890126,-13.716724,-21.726583,0.009476476,-0.38676918,-0.34451053,-0.02354659,0.08778371,-0.010645628,0.14153425,0.009713252,0.028188732,0.16376531,-0.04956662,0.009303357,0.10339876,-0.32059658,0.32248676,-5.888608e-05,-0.105572246,-0.003244766,0.064210676,0.028008683,0.004181385,-0.00058592856,0.043403737,0.047400355,0.017430007,0.0077803633,G07_D05_C_11_Mutlu_C2.wav,Happy
0.1631979000796178,0.0594799721953681,0.004449515,0.039632354,2166.9844,5130.511797655436,9401.57478478304,53.224777,0.01596499,-462.42795,74.512375,-39.83822,45.836372,0.8955325,5.89286,-13.997396,-5.0936813,15.387891,-18.023752,12.077569,-7.854744,1.3820791,-0.03709432,-0.016602619,0.003306395,-0.07708554,-0.118454136,0.0601511,0.087064795,0.012843982,-0.0715296,0.061386753,0.012726126,-0.06749687,0.05887763,-0.017793223,-0.11061899,-0.004458725,-0.06589932,-0.019340316,0.03252499,0.020715434,0.036829658,-0.04436276,0.04357397,-0.020020364,-0.0017574137,-0.012087422,G07_D02_E_22_No╠êtr_C1.wav,Neutral
0.2259141485881542,0.0999128849855911,0.015229411,0.058134224,2168.7043,5659.773022034256,8452.820328641528,11.342347,0.056581464,-455.1238,18.77573,-99.519196,36.72339,-34.53222,2.9469504,-9.757264,-25.292694,3.5393722,-27.497608,6.9192996,-29.644907,6.97776,-0.7065903,7.8500794e-05,0.18284038,0.10771738,0.15724774,0.18214828,0.16285405,-0.1175746,-0.05114169,-0.017501578,-0.062319595,0.009447607,-0.019943686,0.003272779,0.019412521,0.16691974,-0.018384209,0.031659685,-0.012889725,0.010101119,-0.0153159145,0.0012253388,0.05087776,-0.020516109,0.049524076,0.007062045,G07_D03_C_14_Saskin_C5.wav,Surprised
0.340532788000871,0.0901577689144771,0.02306365,0.085591406,1239.8715,10871.519823068616,16685.37674216028,10.063064,0.32713413,-380.65967,-16.58512,20.290468,12.788902,-26.306265,11.389074,-41.44567,-3.1997035,-53.633114,3.5528357,-13.140998,-1.4912972,-25.129194,-0.1241126,0.7546059,0.03879145,-0.30144206,0.010816076,-0.15268394,0.06846922,-0.028793203,-0.11133435,-0.05314173,-0.10944675,0.039369874,0.017261216,-0.061489858,0.13737275,0.07050824,0.021386798,0.007166057,-0.022628624,0.034804635,-0.013871,0.025220938,-0.040322512,0.0053403354,-0.030448562,-0.0056910873,G07_D01_K_22_O╠êfkeli_C3.wav,Angry
0.1627078172637195,0.0874470142642276,0.023794517,0.09547712,1966.1119,4942.951106707636,8546.186940262958,10.590715,0.046452545,-379.65454,58.727135,-100.8394,43.33941,-49.623272,7.0128875,-14.71568,-40.386772,8.474428,-43.00253,0.45107278,-27.284126,-4.4455914,-0.29247636,0.6205098,-0.059546333,-0.2580331,0.019466417,-0.21711707,0.15457445,0.0062798234,0.021527855,0.05350935,-0.07843403,0.03734306,-0.021313004,-0.18339565,-0.17291515,0.16141221,-0.07360809,0.09269884,0.050380707,0.024362713,0.05709015,0.011467731,0.027041715,-0.015092964,0.054012943,-0.016521923,G07_D04_K_42_Ofkeli_C3.wav,Angry
0.1973676135050831,0.0838994169885153,0.020176603,0.14393586,1885.6292,5548.012220038575,9229.0273726317,25.66515,0.0010135582,-408.57443,44.411823,-85.22234,45.358406,-58.489838,8.831369,-16.45111,-32.516003,21.522411,-45.708668,0.89184976,-23.891502,-1.3109796,-0.1715573,0.07343983,0.023669655,-0.11898826,0.0521155,0.04788031,0.05953162,-0.043249387,0.045153387,0.0074206158,-0.048927173,0.04136381,-0.04588509,-0.089636095,-0.025507279,0.041944113,-0.010096964,-0.007999773,0.010319465,0.021348942,0.0077183214,-0.0151764555,0.011837434,0.0029074524,0.016709274,0.0048675262,G07_D04_K_42_Mutlu_C2.wav,Happy
0.3386666434151785,0.1869339476779961,0.008538078,0.045221895,1556.4443,9438.302285517491,17030.45654296875,23.4725,0.93975544,-415.57846,34.45784,28.484806,-15.095729,-6.9672875,8.752025,-15.948127,-5.4795175,-0.8952871,-9.802619,-8.4969425,-10.69641,-7.9509087,0.28441915,0.27179855,0.058528785,-0.25228217,-0.13989395,0.02853835,-0.09625139,0.034295578,-0.0890831,-0.08715546,0.07748257,-0.07241142,0.06923782,-0.51090866,-0.17281102,0.04511987,0.049182825,-0.06033858,-0.040783476,0.058780037,0.08708797,0.08498863,0.060945608,0.017720167,-0.00171495,0.016827563,G07_D06_C_20_Notr_C1.wav,Neutral
0.24487383697411,0.1230273192743318,0.018409016,0.08291439,2463.53,8125.903552891285,14494.633172785194,11.562219,0.15999351,-372.34152,-7.8680964,-7.552026,6.2254834,12.263932,-4.637646,-62.139862,3.6424854,-3.956311,-30.505522,-9.060275,-11.669795,-12.505263,-0.6827645,0.1949623,0.37441722,-0.10880082,0.030850044,0.070952654,0.20300478,-0.009052401,0.027985217,0.07537113,-0.042547423,-0.04529745,-0.026511565,-0.20839906,0.090248846,0.1138988,0.013873246,-0.006049684,0.0067699556,0.09468099,-0.0031071496,-0.027859673,0.035107095,0.017676359,0.027737442,0.016401883,G07_D05_C_11_Uzgun_C4.wav,Sad
0.1750804227941176,0.068577418107388,0.01825319,0.056469463,2193.334,4795.784966482851,7788.81290211397,6.4769363,0.24755444,-405.98038,42.716187,-111.42079,35.893085,-28.601212,-5.211973,-29.226,-21.573914,-1.3862089,-32.257168,21.184574,-31.651562,-1.2036492,-0.08870673,-0.22937734,0.07053906,0.07387642,-0.23419239,0.087152064,0.20259623,-0.12333135,0.04529843,0.09129991,0.05166345,0.09548057,-0.08023854,-0.02604989,-0.048856,0.06692924,-0.0075135008,0.017056469,-0.011761454,0.015628068,0.04337343,-0.031162938,0.014246067,-0.028444424,0.038344026,0.009196585,G07_D03_C_14_Mutlu_C2.wav,Happy
0.3238512630662021,0.1143295200231833,0.013719747,0.06456177,1324.6599,10023.21824481856,16697.385908917684,14.239101,0.3509293,-403.06146,-4.9077897,23.932228,-2.908116,-23.49722,-4.6246514,-26.847252,-17.14983,-40.124214,3.5215123,-11.715262,-10.318108,-14.691634,-0.22906308,0.14501129,-0.028570553,-0.12570776,-0.0007346017,0.21115538,0.09526854,0.03709932,-0.0037187117,-0.050173644,0.03260113,0.032989286,-0.021374501,-0.2990772,-0.007724443,0.12191706,0.085158564,0.08009874,0.024074746,-0.04629567,0.0229783,0.022166956,-0.04608315,-0.030372025,-0.013832918,0.024444988,G07_D01_K_22_No╠êtr_C1.wav,Neutral
0.3500241691053511,0.1691617797232767,0.018272068,0.07326837,1756.8263,10030.896173953202,17475.95876228052,12.109994,0.1585161,-366.967,-6.0356307,8.760247,-9.313883,-8.884132,6.4264793,-11.364026,-4.6440334,-9.829982,-12.214545,-0.41601074,-10.1298685,-11.191111,-0.31127888,0.109928146,0.054728657,0.039645314,0.06714523,0.20251225,0.12082649,-0.0634474,0.028985897,-0.075585134,-0.0054134256,0.07481825,-0.044709314,-0.57096255,-0.12663859,0.0095870355,0.12510294,0.0042261584,0.0029135332,0.09177201,-0.007842055,0.03555687,0.031965587,0.06283536,-0.013029277,0.07218123,G07_D06_E_20_Saskin_C5.wav,Surprised
0.338181587114726,0.1116378802648218,0.01676856,0.09999499,1979.8486,9999.733634822154,18130.88328740368,27.19882,0.017168885,-366.13898,-3.1034842,2.0110114,-15.955107,-1.5739809,-8.66195,-46.16669,-10.57981,-0.27665502,-20.58551,-3.7891202,-24.519999,-1.1574372,0.24229348,0.39622274,-0.02991858,-0.25204366,-0.13348669,-0.14603049,0.054125007,-0.032988377,-0.020929327,0.08455626,0.027933424,0.04400184,0.15571965,-0.32909977,-0.05247776,-0.03720414,0.029380646,-0.00803758,0.055282515,0.0859389,0.06474515,0.053720396,-0.0017543124,0.022620639,0.06443945,-0.00028293263,G07_D05_C_11_Notr_C1.wav,Neutral
0.305628934352518,0.2086785210407653,0.014565643,0.07733668,1700.2661,9195.059151506872,16637.420259105216,19.143793,0.41308707,-371.79208,22.782198,9.296792,-10.772768,-4.302939,8.172837,-14.735195,-5.996412,-5.7781844,-15.568017,-5.1349745,-11.197648,-14.820695,-0.49102613,0.91670996,0.028954595,-0.038689982,0.021779643,-0.037335895,-0.021258032,0.078176744,0.1355647,-0.10398103,0.0010631685,0.07494689,-0.031856604,-0.36068714,0.07123163,0.093757875,0.031811357,0.042197596,0.030096143,0.015967784,0.018514978,0.03942411,0.056728754,0.025683729,0.0017943005,0.011802388,G07_D06_C_20_Ofkeli_C3.wav,Angry
0.1050261879681647,0.0701391161732377,0.007496273,0.03596915,2007.842,4011.7438361457,7313.627435919944,1373.3894,5.3893085,-427.22763,109.44436,-35.12547,37.03991,7.623474,8.26334,-21.151741,-13.125357,12.6652,-21.91674,10.672408,-1.260216,-6.008563,0.73129404,-0.7141974,0.008281793,-0.071911186,-0.21679924,-0.031267557,0.17609143,-0.007835845,-0.09856866,0.14681798,0.006737834,-0.11388044,0.0734455,0.12353128,-0.32523635,0.18950799,-0.16192807,-0.03912597,-0.08944109,0.08952011,0.090462975,-0.06463751,0.030462677,-0.036117252,-0.007043853,0.03757645,G07_D02_E_22_Mutlu_C2.wav,Happy
0.1819892296424279,0.0765163111600535,0.018729983,0.09157704,2205.8862,5014.742892454052,8355.711012620191,15.976467,-0.029075157,-401.25677,55.556526,-91.66711,46.230385,-22.983662,-1.9960792,-25.308922,-12.635598,3.9022927,-36.145226,19.136385,-30.984829,-2.8782032,-0.31077605,0.07947327,0.08510502,-0.061199185,-0.020487675,0.0063833594,0.030719738,0.0066601494,0.0044133984,-0.02576694,-0.028921526,-0.06601923,-0.030102653,-0.113033146,-0.070303984,0.07098014,-0.0496707,0.0044390145,-0.010610152,-0.030163009,0.015236835,-0.018127216,0.0076696035,-0.010898952,0.007688364,-0.026828421,G07_D03_C_14_Uzgun_C4.wav,Sad
0.0742085774739583,0.0557822289412123,0.0147973215,0.047550492,1797.7474,2336.3460256042604,3915.304565429687,5.8834114,0.5026431,-469.72824,146.81938,-60.60586,24.425013,10.735706,-42.8238,-4.3186836,-4.573722,-18.507393,-7.3179684,-6.398117,-10.295048,-13.513351,0.009970612,0.2395335,0.14105971,-0.34435305,-0.23412609,0.075319804,0.051010743,0.011009938,0.036730837,0.06445093,0.08845168,0.09222581,0.076199204,-0.24928552,-0.13744211,0.06984564,0.025835685,0.043027524,0.077428155,0.06557207,0.08538153,0.05210713,-0.003280729,0.0073704952,0.028606951,-0.0031056968,G19_D03_F_21_Neutral_C1.wav,Neutral
0.3331857134205426,0.0689920359499351,0.035796706,0.15095782,2062.614,8383.308873436472,12926.014603015989,15.959051,0.058548957,-306.99454,-2.1970584,-11.099244,36.203293,0.038067013,41.412727,-29.041634,12.6960335,-32.45886,-19.490295,-1.9801434,1.0523648,-3.2142982,-1.1001173,0.16604976,0.24517949,-0.21903937,-0.10339557,-0.003449211,0.23923813,0.12359498,0.18273298,-0.05287151,0.08703777,0.09579528,-0.027147913,-0.4961569,0.003852748,0.07497235,-0.003962539,0.038699344,-0.012393516,0.020821458,-0.016428167,0.03782506,0.030066077,-0.0023475506,-0.03563076,-0.030645758,G19_D01_M_20_Sad_C4.wav,Sad
0.1770921129408713,0.0501378047262598,0.03273816,0.108762056,2475.0293,4212.724261034362,5966.886325693724,6.179347,0.28171143,-438.4476,51.561676,-138.45241,55.133266,-38.104424,-61.470585,8.449435,-29.447407,-10.911153,-11.821386,-14.115148,-4.461342,-19.710379,-0.24770524,0.06950319,0.15278374,-0.11288552,0.014972275,0.1272738,0.08388497,0.007991232,-0.06824289,-0.023878448,-0.038382694,-0.052387774,-0.018077783,-0.115761675,0.013862339,0.13955823,-0.027743477,0.0015911898,-0.0012648929,-0.026776796,0.003648156,-0.0023254508,0.011560171,-0.0027543341,-0.005091114,0.0028218548,G19_D05_C_08_Sad_C4.wav,Sad
0.1211342525921659,0.0684038852893192,0.027786601,0.0701788,2322.7742,3155.2316655998648,4803.194304435484,4.015217,0.3340456,-429.5278,106.28087,-146.00821,20.580769,-16.943039,-49.38472,-2.6437037,-34.59981,-21.013424,-15.63128,-16.11031,-4.5113797,-16.875593,-0.2369513,-0.039631374,0.19239683,0.13074133,0.23097925,0.20404269,0.020341165,-0.034379955,-0.013149407,0.051113136,0.035788696,-0.03346811,0.0010070932,-0.2133544,-0.079018265,0.1127935,0.024385672,0.0097801145,0.022692807,-0.01371436,-0.0016570212,0.022835094,0.030315042,0.0142034795,0.023965484,0.05080791,G19_D06_C_10_Shocked_C5.wav,Surprised
0.0911465440775109,0.0688181977470197,0.013410203,0.046721846,2216.2334,2809.3837506611417,4586.478234170306,6.6405315,0.28265098,-488.82983,124.453804,-95.33386,29.401308,12.868853,-29.21233,-0.66488516,-17.376684,-14.821417,-17.629372,-20.655426,-5.4364767,-11.244612,-0.42234462,-0.19630305,0.21017992,0.106912605,0.07088294,0.116811015,0.041470498,-0.006747762,-0.01618263,-0.00837105,-0.0023063186,-0.0346037,-0.04599682,-0.063943565,-0.022263074,0.021411667,-0.017624607,0.0075136386,0.0352493,0.008129878,0.007954338,0.025363022,0.027444609,0.021020785,0.007930681,0.008078075,G19_D04_F_18_Shocked_C5.wav,Surprised
0.0800681600765306,0.050271017566419,0.021501584,0.06777948,2097.0269,2530.450900171703,4245.4833984375,6.2515764,0.25736338,-450.40237,138.64926,-87.88967,15.396207,14.99726,-46.31659,-12.00097,-1.3195564,-14.292017,-18.560743,-13.934031,-7.130858,-17.880867,-0.33021566,0.2666884,-0.0008269848,-0.21788053,0.042102963,0.07570523,-0.038841054,0.13065809,0.13124691,-0.051940255,-0.022675138,0.06344038,0.032299608,-0.1624453,-0.2613137,0.16498235,0.010555449,0.042100333,0.1314888,0.028365958,-0.028076166,-0.008203174,0.048164625,0.02072986,-0.035858795,0.015915154,G19_D03_F_21_Furious_C3.wav,Angry
0.3082800497555866,0.1014454251982538,0.031433877,0.16093688,2098.6917,8758.156796851215,14327.94073520426,15.009886,0.03545138,-308.70993,0.08825309,-5.651697,34.711063,1.8573973,31.726227,-15.81178,10.793673,-19.981993,3.2018042,-24.04299,-1.7138586,-4.167617,-0.15273587,-0.03276962,0.06682976,-0.05507,0.05818119,0.06066612,0.035242707,0.08537513,0.021607418,-0.009342311,0.02732285,-0.0051457337,-0.011073528,-0.5557283,-0.0013669083,0.0016424629,-0.026428927,-0.021119691,-0.10316723,-0.00074852514,0.02266035,0.005430454,-0.0054031895,0.00960306,-0.013759458,0.01468948,G19_D02_M_29_Sad_C4.wav,Sad
0.1742439404814487,0.0602904879728246,0.024041653,0.09960432,2503.1726,4329.31022365463,6284.2332604074645,7.4138565,0.23840939,-456.96014,28.491693,-115.76233,38.897552,-36.77378,-48.94458,11.511806,-26.032225,-6.595599,-3.1701303,-13.26952,-0.40262988,-9.6317425,-0.06542939,-0.07122733,0.05149298,0.11451165,0.18878907,0.13029636,-0.057472713,-0.08392423,-0.029353792,-0.012086705,-0.013149828,-0.01702098,-0.028383847,-0.028805124,0.02177251,0.085716605,0.003298436,0.021056265,0.019355178,-0.017919386,0.006383371,-0.0063557513,-0.002420251,-0.0047917333,-0.00433848,0.024409492,G19_D05_C_08_Shocked_C5.wav,Surprised
0.1356321696993671,0.0376057140486436,0.03540766,0.11573657,2473.913,3325.2188389556204,4934.156324169304,4.776499,0.18843488,-406.65918,89.644455,-164.0548,16.649532,-2.830096,-53.043724,-4.227505,-26.27519,-24.365526,-8.377906,-7.7534,-7.848308,-9.221762,-0.14813544,0.12133201,0.113442175,-0.1835619,0.033307496,0.017803984,0.13267499,0.20875308,-0.10637778,-0.009327152,0.07234759,-0.021080311,0.053502895,-0.13274261,-0.20853259,-0.082084164,0.013562643,0.039760157,0.047438096,-0.019184474,0.009375577,0.048861284,0.03020369,0.032017555,0.02767166,0.037417613,G19_D06_C_10_Furious_C3.wav,Angry
0.0734925881410256,0.0658210826255951,0.013835274,0.07479026,1945.7766,2627.559284953505,4592.700946514423,12.171313,0.2711161,-500.51816,133.99399,-69.38858,28.81202,16.25216,-21.612202,-4.8951116,-27.877108,-17.496029,-7.3279247,-18.581152,-13.909955,-14.861512,-0.20644286,0.16882055,0.09756998,-0.10198883,-0.01753628,0.10982604,0.06745782,0.022228818,0.047089987,0.07191023,0.018582065,-0.024799403,0.0036157754,-0.0070655677,-0.13505273,0.04560657,0.04569977,0.0012187554,-0.001980691,0.033563554,0.035499543,-0.00070158154,0.018008212,0.025801282,0.0061889733,0.020576743,G19_D04_F_18_Furious_C3.wav,Angry
0.2057348775584795,0.1246045737038849,0.02931167,0.15243548,1955.8953,7763.429395835312,13687.75056537829,19.417751,0.031223876,-312.4354,21.999804,-16.616642,17.853188,-7.117831,17.475796,-23.39749,9.858877,-23.436583,4.4595428,-19.666208,-10.8565855,-8.454474,-0.30347607,1.0176463,0.3131402,-0.1716296,0.051803097,-0.020269657,0.062647976,-0.031250026,0.061428998,0.047710385,-0.008388943,-0.078834705,0.04065848,-0.41629225,0.06403779,0.118894964,0.0558216,0.05314451,0.025144368,0.031382713,0.012402835,0.056168552,0.019810947,0.05018717,0.0056264517,-0.004655152,G19_D02_M_29_Furious_C3.wav,Angry
0.3331170333059211,0.0761589666874483,0.02990948,0.14260288,1758.3887,8623.564468586646,14142.308927837172,30.255943,0.19077964,-290.2061,18.179483,-1.064914,19.307903,-7.283643,21.121115,-24.212996,21.742037,-42.1391,-8.113369,-2.7754078,-0.78936434,6.6228604,-0.091536105,0.03275259,-0.015677217,-0.23782189,-0.15091982,-0.034742363,0.19072963,0.036562532,0.09976872,0.011698798,0.022406913,0.23139063,0.14942531,-1.0769936,-0.016433913,0.17292877,0.005138351,0.017705817,-0.03724136,0.07319824,-0.022578591,0.13691168,0.0074086753,-0.0046242415,-0.0022042969,-0.047349703,G19_D01_M_20_Neutral_C1.wav,Neutral
0.322841704455836,0.1085651659398195,0.029260756,0.18620437,1757.3223,8865.164313853784,14274.815469735804,29.76749,0.014129541,-296.5116,13.155711,7.4154525,24.987957,-18.086046,23.358135,-23.359991,18.233799,-25.901419,3.2705023,-20.545238,-3.741181,-0.90394336,0.2911611,-0.16051568,-0.3088577,-0.29819322,-0.127254,-0.09268893,0.042191274,-0.02256855,-0.0070929183,-0.017183391,-0.086209945,0.088397555,0.06315333,-0.5301367,0.03691006,0.016895115,-0.018981254,-0.02809015,-0.04300668,0.018204458,0.006126016,0.029005285,-0.012163033,0.049259316,-0.02646951,0.013100665,G19_D02_M_29_Neutral_C1.wav,Neutral
0.1007981803548995,0.0670801521134275,0.018621868,0.063350834,2214.422,3084.727380252882,5166.778472440326,6.843032,-0.11094732,-473.42996,96.34879,-101.24331,18.050732,2.8348486,-32.11899,-5.3888516,-20.329393,-9.94463,-14.294149,-19.523031,-3.4226024,-17.64997,-0.39426297,-0.07720836,0.2329376,0.04196117,0.21628886,0.24348849,0.04817531,0.020038372,-0.08335374,-0.123043805,-0.025339384,-0.0038727457,-0.017038787,-0.11940915,-0.04724454,0.057178512,-0.00124293,-0.023342015,-0.007014174,-0.016479466,-0.022082774,0.008141931,0.04816915,0.0186162,-0.013346986,0.00966698,G19_D03_F_21_Shocked_C5.wav,Surprised
0.3148475880185589,0.0870715585428782,0.10802225,0.69150007,2040.6826,8430.068441526771,12954.901576146289,18.131016,0.026896624,-206.2416,-14.74915,-17.32799,28.51362,-13.842899,16.63955,-29.623032,13.053151,-27.228912,2.1588435,8.928149,-15.675941,-11.478748,-0.3901667,1.0008061,0.21925724,-0.17844458,0.0024575396,-0.10829843,0.1445124,0.30152467,0.083554775,0.13308436,-0.030674992,0.064000994,0.08861069,-0.70904267,0.18757866,0.04381267,0.112669565,0.07327594,0.054472987,0.0016659399,-0.004839387,-0.003969339,0.041449334,0.00669728,0.045334395,-0.08118627,G19_D01_M_20_Furious_C3.wav,Angry
0.0496091290144836,0.0436957713339945,0.015758332,0.038743272,1632.1782,1885.8305406446284,3068.50856521568,2.4356294,0.5148872,-493.46234,153.89264,-71.45173,21.628294,19.869232,-17.47425,-15.385097,-43.362976,-16.258287,0.42080316,-21.867086,-16.635147,-12.4135685,0.17972812,-0.350037,-0.16256453,0.10782324,-0.14753503,-0.01475797,0.09730334,0.022126041,0.07484815,0.07472049,0.018211633,-0.026424905,0.05661498,-0.031420562,-0.020934124,0.12037885,-0.08404393,0.014949637,0.027682362,-0.008843947,0.034871005,-0.020089472,0.0056416276,0.017849488,0.023028318,0.0323574,G19_D04_F_18_Happy_C2.wav,Happy
0.184362845359442,0.0524796643841232,0.04028741,0.110185415,2359.9797,4416.126857384093,6410.656371546405,4.689452,0.18649937,-422.05954,48.064407,-153.18784,47.165283,-51.72754,-56.4648,12.284213,-37.755466,-5.712935,-9.465722,-14.2702,-1.0859138,-22.596748,-0.1715166,-0.16891116,-0.089000195,0.2097702,-0.027254354,-0.008572568,0.07554728,0.008240649,0.026398573,-0.013770893,-0.0036675367,0.04744955,0.020028416,0.16712753,-0.026387988,0.18047749,-0.061229486,0.038881984,0.036211442,-0.0249616,0.040578786,-0.023819897,-0.014411038,-0.0155903455,-0.00784594,0.040500358,G19_D05_C_08_Happy_C2.wav,Happy
0.1229892828525641,0.0588810511090871,0.03376224,0.11294083,2312.3337,3230.1606608218726,4978.9182692307695,5.027461,0.16599445,-413.80917,88.399826,-144.98615,22.663252,-21.816662,-52.24357,-3.6811996,-38.410572,-21.91595,-11.568566,-16.499943,-4.5695252,-7.7126,-0.01827416,-0.25330812,-0.108243994,0.014839876,-0.020817047,0.1768048,0.13926649,0.030138709,0.10638047,0.11047739,0.032332353,0.03295176,0.045471348,-0.094346285,0.02923182,0.11795447,-0.10924933,-0.00055371184,0.019624732,-0.037873928,0.0053476174,-0.04399207,0.022665814,-0.0093636345,-0.03410869,0.013691237,G19_D06_C_10_Happy_C2.wav,Happy
0.1235985885574018,0.0774093135094616,0.0061060884,0.03793257,2344.5762,4191.444541698399,6539.345732628399,24.654652,0.093878984,-594.74493,70.31358,-85.412384,84.97215,-14.041023,-45.502277,1.4496092,-30.37821,2.6049204,-12.760406,-30.39115,-7.567916,-14.499059,-0.81464267,-0.08008564,0.3594526,0.032472756,0.21754935,0.23774365,0.100341275,0.14403589,-0.0013866597,-0.0648471,-0.030104052,-0.04486519,-0.065666474,-0.02824902,0.005260067,0.1372658,-0.07114391,-0.011814711,0.03246436,0.006140088,0.022658918,0.017728247,0.04705641,0.044540588,0.034352347,0.015676193,G01_D04_C_10_Uzgun_C4.wav,Sad
0.1664145475898693,0.1552792876313085,0.0065826653,0.02601564,1610.553,6224.416724739266,12399.816176470587,6.757779,0.35722145,-499.15768,72.740746,0.6786826,10.455654,-13.054834,-28.343128,-30.489998,24.484585,-30.068787,-12.318746,1.2201564,13.195708,-21.377928,0.021680744,0.07518094,-0.0592878,0.016458698,-0.014250587,0.04508625,-0.04115773,0.023835396,0.0013558381,0.07544028,0.02475933,0.09732179,-0.05314742,-0.07295596,-0.15839133,0.09362823,-0.04667159,-0.07847339,0.029807879,0.13743612,-0.020344881,0.06028428,0.03338341,-0.03778483,0.035643283,0.027161231,G01_D02_K_58_Notr_C1.wav,Neutral
0.2489507765997023,0.1824430652343355,0.0046331165,0.03312688,2042.2219,7845.481746128774,15637.137276785714,31.231213,0.58082116,-505.70514,71.56711,-4.8669105,8.221682,19.433788,15.753828,-20.906445,24.505848,-25.858332,2.4241962,-22.355894,19.734888,-19.875118,-0.26912448,-0.13841876,0.12333738,-0.061776727,-0.1411567,-0.2094173,0.045322586,0.103812344,0.05263194,0.097481504,0.012461634,-0.037864845,-0.011226381,-0.3717016,-0.039391298,0.09663445,-0.01629706,0.0357978,-0.026823277,0.027943293,0.008519481,0.029794639,0.04546415,0.030656122,-0.0038583043,0.014282035,G01_D01_E_21_Notr_C1 (1).wav,Neutral
0.0839346138535031,0.0566466352890711,0.014779452,0.053593878,2038.9779,2868.278696603899,4844.4715366242035,12.197451,-0.022079166,-479.22232,142.48457,-88.505806,27.25138,8.801654,-23.702127,-0.72269154,-18.827148,-9.601859,-23.58505,-23.040419,5.779129,-10.782583,-0.67788,0.24141678,0.23741944,-0.20966755,-0.0667456,0.00784631,0.007011204,0.028129056,-0.0065893154,0.07100212,0.12061604,-0.013671629,-0.012960349,-0.115156,-0.13886482,0.040298667,0.036456417,-0.028847428,0.04630457,0.026607633,-0.009624907,0.017658483,0.0048035635,-0.014739595,-0.037809014,-0.01334312,G01_D05_E_20_Ofkeli_C3.wav,Angry
0.1858693248820754,0.0489550920918742,0.04378995,0.18635763,2577.558,4766.078637249709,6570.90212264151,7.6626434,-0.04939512,-440.25787,28.82366,-124.93227,51.045826,-23.932777,-52.203354,5.3839846,-24.997215,-16.77634,-14.837593,-14.537014,-2.901876,-1.8668572,-0.2804806,0.21055555,0.045628723,-0.016304735,0.00040333826,0.010670994,0.04005568,0.03921613,0.034260128,0.0058930744,-0.050211813,0.0046081617,0.03419347,-0.13579711,-0.0734704,0.2775309,-0.050276104,0.06909431,0.1123318,-0.029942518,-0.00054331997,0.034416378,0.03447404,0.012746294,0.0038364474,-0.028639559,G01_D04_C_10_Ofkeli_C3.wav,Angry
0.0769028937679597,0.0545544375571369,0.008375817,0.02796339,1733.008,2910.137445142557,5078.192349137931,12.244815,-0.136743,-508.9358,130.1966,-80.15689,26.70427,-14.894287,-37.116623,11.632048,-14.417966,-12.430715,-11.47731,-13.150828,-2.6420023,-17.25914,-0.27147552,0.16108358,-0.053590994,-0.05457523,-0.049098495,0.105028704,0.07882573,-0.0615446,-0.025186744,0.018339388,0.031716872,0.08712745,0.04060948,0.098196,-0.31610307,0.0433199,-0.019757273,0.0009581906,0.08465364,0.060544785,0.04163964,0.013946605,0.0397092,0.047488727,0.024232049,0.018713074,G01_D06_K_19_Notr_C1.wav,Neutral
0.3050952808277027,0.1901083705529442,0.0069674626,0.038289472,2102.0962,9266.39466075839,16948.60641891892,41.790108,0.2519641,-487.70905,49.124233,-6.795942,15.910389,23.965702,18.014547,-16.718763,24.60855,-31.298386,14.138263,-27.180326,16.579624,-18.806822,-0.34128714,0.5434061,0.108925425,-0.030455817,0.017241577,-0.07112855,-0.05679046,0.10572319,0.15305454,-0.06343344,0.029502044,0.03399421,-0.023260102,-0.06512454,-0.14446191,0.056000534,-0.0006735209,0.015373931,0.0065928176,0.072515376,-0.023177458,0.022700343,0.0070655467,0.0133816665,-0.018697431,0.01852897,G01_D01_E_21_Ofkeli_C3.wav,Angry
0.1528366926461813,0.1210387122523207,0.005788414,0.019089846,2031.6111,6271.023060148891,12513.387529832937,9.211197,0.6339655,-503.55893,55.31344,-19.796501,35.35845,8.964675,-13.605484,-23.057789,13.106897,-24.387968,0.09376675,-15.36469,11.881666,-25.337816,-0.32294205,0.1464787,0.088264585,0.06370921,-0.020056512,-0.12104175,0.016759157,0.13111827,0.028877798,-0.057325717,-0.08363785,-0.01826317,-0.011314455,-0.03174958,-0.07339384,0.056260873,0.0472964,0.013558577,0.025668083,0.052354954,-0.05099212,0.0041714273,0.012312618,-0.01750808,-0.045635816,0.0079606185,G01_D02_K_58_Ofkeli_C3.wav,Angry
0.1030840192522321,0.056807777004222,0.019200673,0.055446934,2109.0925,3294.210171226354,5314.522879464285,8.521943,-0.18976335,-452.9767,104.86219,-113.49168,36.421165,-12.494005,-46.580055,6.7950463,-16.82792,-13.482366,-19.156591,-19.69944,-5.9288855,-20.364046,-0.23573932,0.09984326,0.09766008,-0.17109796,0.029106077,0.0112476,-0.03362685,0.11371623,0.020098403,0.0081391875,0.0031753352,0.026509719,0.097769275,-0.21083286,-0.13362142,0.15420896,0.08927294,0.046300046,0.07932375,-0.002037904,-0.0048014633,0.03280662,0.014737869,0.008221532,0.0076769507,-0.022277344,G01_D06_K_19_Ofkeli_C3.wav,Angry
0.1338581022669057,0.0904501011775685,0.0068515576,0.045357917,2117.1382,4502.352372781193,7113.185194672131,25.457794,0.051652275,-605.00476,35.068428,-81.04461,47.49846,-35.236084,-46.07427,5.5369463,-28.110325,-7.518496,-14.668827,-20.764477,-2.792288,-21.800938,-0.15422164,0.08214129,0.20792745,0.0018874622,0.05128013,0.026608072,-0.03859727,-0.04395142,-0.100759685,0.0037466444,0.05541337,-0.023119824,-0.024241883,-0.1298403,0.011208284,0.079009175,-0.06304879,0.03139494,0.067669414,-0.015702283,0.0034399307,0.024066487,0.016534774,-0.0007034765,-0.0013541052,0.013878306,G01_D03_C_7_Saskin_C5.wav,Surprised
0.1106140489523121,0.079980364379977,0.0027369976,0.016366038,1756.837,4028.878321521793,6724.056177745665,27.390654,0.17095579,-641.6508,87.08414,-68.419365,37.740425,-38.159294,-45.968376,7.6361322,-25.97738,-10.109517,-14.931623,-17.837519,5.0964828,-13.975587,-0.25302348,0.20182046,0.1241459,0.017883698,0.017332427,0.043793313,0.0900613,0.10771206,0.0002300064,-0.08497111,-0.032544263,0.054337386,0.02899328,0.01718407,-0.11836507,0.09911971,-0.0021741984,0.011378575,0.08034178,0.055804517,0.044506036,0.009087305,-0.031133186,-0.0058927936,0.021138279,0.010237512,G01_D03_C_7_Notr_C1.wav,Neutral
0.076898193359375,0.0569024051281761,0.0070221275,0.021855645,1823.8376,2594.610107522695,4253.3203125,8.428278,-0.037515108,-518.631,155.17368,-62.949005,23.278992,4.1390758,-20.395706,5.605934,-16.4146,-9.149501,-12.624596,-14.55509,5.7368083,-8.143152,-0.18229611,0.352029,-9.529591e-05,-0.12909903,-0.22794466,-0.083266295,0.10503481,0.040879432,0.029749746,0.05926764,-0.0145061435,0.023812398,0.12768954,-0.06662906,-0.25325578,0.14352812,-0.023979977,-0.021991273,0.024651919,0.029962886,0.090287045,0.039100207,0.010745582,0.0067586363,-0.010858571,0.025914842,G01_D05_E_20_Notr_C1.wav,Neutral
0.0872876186425501,0.0768263503802742,0.010438904,0.039581466,1703.8373,2968.166290206381,4993.194842406877,6.6609135,0.15395105,-528.212,116.09402,-54.991325,35.73486,-4.599853,-25.074633,1.7252164,-29.887568,-11.636499,-0.89616495,-13.0142565,-5.006671,-5.6321316,-0.1477256,-0.2888711,-0.12500924,0.24015166,0.26674318,0.17236787,0.13215767,0.012967388,-0.052387238,0.011940489,0.049893726,-0.008298611,-0.032909017,-0.10580474,-0.17715053,-0.0961018,0.065235496,0.080067344,0.02098084,-0.0022266116,0.031579316,0.04990847,-0.006739725,-0.014629952,0.025105178,0.024756122,G1_D05_E_20_Saskin_C5.wav,Surprised
0.3245042805589681,0.2166329350668259,0.008059194,0.052489012,2128.6191,9515.32434493333,16705.869932432433,28.67626,0.12338972,-495.57544,38.030792,-9.977654,7.3214045,14.713011,21.176607,-16.29999,16.111727,-18.939898,6.3221107,-28.584173,25.109158,-28.812178,-0.1959089,-0.060657136,0.052759618,0.030725569,0.026005665,0.18616429,0.16781065,0.052474935,-0.035075013,0.03604473,0.00044279543,-0.0069272653,0.025055287,-0.22932543,-0.054233037,0.068953834,0.025193067,-0.030608784,-0.041076224,0.015388629,-0.004755641,0.02956416,0.00705226,0.03159231,-0.020021105,0.0418602,G01_D01_E_21_Saskin_C5.wav,Surprised
0.1155384691455696,0.0979758626945329,0.006318314,0.018197589,1904.5302,5403.727976756207,10839.398734177215,5.7862806,0.7260695,-482.55173,70.12499,-40.375557,21.7088,10.420434,-5.2248955,-27.304522,8.7809105,-16.40543,-2.5975146,-7.297882,13.503611,-24.528168,-0.052667294,-0.042626817,-0.13378514,0.0517429,0.043866277,0.035511296,0.05062936,0.044685867,0.0027124567,0.08394016,0.092431575,0.0041001765,-0.050282244,0.04722034,-0.1082795,0.063191205,-0.05102514,-0.09429306,0.061325315,0.10428627,-0.021294888,0.0051306123,-0.0021814443,-0.015194692,-0.030107291,0.04430668,G01_D02_K_58_Saskin_C5.wav,Surprised
0.090980707212936,0.0487799393817924,0.01778805,0.053569574,2155.3762,2971.585927974375,4898.982558139535,9.077316,0.1619689,-457.05023,114.760445,-113.81373,27.104822,-3.7975798,-41.330627,-5.036465,-19.68744,-5.218289,-19.48286,-22.849108,-3.521326,-21.764519,0.0959987,-0.07285187,-0.0070561087,0.0070454576,-0.14012055,0.067173906,0.076106474,-0.11696366,-0.017859153,0.108735815,0.02588404,0.008697909,0.078015506,0.13556403,-0.1137177,0.029190984,0.039885595,-0.040328715,0.017721975,0.059252694,0.02669042,-0.012427818,0.024625478,0.03927435,0.011066405,0.013705256,G01_D06_K_19_Mutlu_C2.wav,Happy
0.1468881967905405,0.0607234912719745,0.0124830995,0.11927174,2198.518,4277.737660097653,6574.028716216216,32.70391,0.09944814,-502.13226,36.91611,-100.30807,40.927944,-14.836254,-38.945496,-5.0288234,-37.701466,-9.84401,-3.4309947,-15.337685,-1.5058542,-5.5536695,-0.17584442,0.16878441,-0.07262598,-0.11177531,0.12959076,-0.018132463,-0.13148418,-0.045239136,0.0099336775,0.11576963,0.008797293,-0.05276508,0.08888478,-0.019805893,0.0137107335,0.14644365,-0.06958545,0.05825481,0.05852095,0.0032875359,0.03395641,-0.027569372,0.026746469,0.056589864,0.024256742,0.03637967,G01_D03_C_7_Mutlu_C2.wav,Happy
0.121028746613777,0.0726429205409609,0.009102766,0.04880728,1872.9271,3990.8845036224952,6365.712074303406,19.6574,0.5269186,-539.3592,89.24235,-98.81442,61.7167,-31.188044,-37.626087,19.757555,-29.455647,-8.113736,-15.959622,-18.939861,-1.3931882,-17.696636,0.054069612,-0.18616186,-0.11785176,0.05316252,-0.084083624,0.15819444,0.12681526,-0.06294332,0.061991017,0.11112584,0.13154927,0.10853028,0.079191834,-0.19089678,0.02368477,0.1371388,-0.09019847,-0.0519074,-0.0077592153,0.014369296,0.04088107,-0.018041115,-0.026351308,-0.02613598,-0.0009775871,-0.0025713393,G01_D04_C_10_Notr_C1.wav,Neutral
0.1508642578125,0.1164407588661723,0.0102164475,0.027979456,1973.1284,5910.612892239234,12298.4375,5.43709,-0.2736273,-419.41187,58.618626,-32.977264,20.074167,-13.534405,-8.209634,-43.97472,-3.023717,-27.282936,0.7954051,-37.084824,6.8760443,-25.078321,-0.5784288,0.32328287,-0.03133621,-0.16835965,0.012635791,-0.004038696,-0.05364149,0.008474642,0.06726165,-0.0052226153,-0.056235485,-0.05069255,0.016906744,-0.2342168,-0.11957409,0.0037615872,0.019027801,0.046577517,-0.010056937,0.08025947,-0.061239988,0.025976367,-0.02030563,0.032368407,-0.053299867,0.021364769,G06_D06_E_20_Ofkeli_C3.wav,Angry
0.1013572352707006,0.0612729525552244,0.016805934,0.054415036,2020.976,3120.1414515550637,5287.56717754777,7.3796005,0.27153257,-407.2114,132.23782,-80.36304,55.91578,-16.041134,-8.276289,-25.050476,-3.4198182,-11.395615,-5.4333296,-26.74661,-20.30982,-7.3209624,0.29563275,-0.17022073,-0.47840127,0.07142267,-0.12571384,-0.07944694,-0.037896868,0.041940372,0.0102644395,0.038183615,-0.017884213,0.07329153,0.07933031,-0.23100454,-0.060450215,0.18021084,-0.13352807,0.045904547,0.0124178175,0.08851013,0.006511769,0.00810105,0.011781345,0.045231894,0.037366323,0.024768122,G06_D04_E_22_Mutlu_C2.wav,Happy
0.165310489430147,0.1146935378184788,0.0033546174,0.01390059,1851.2969,5623.409242177754,11128.607536764706,13.195946,-0.5629188,-518.3174,72.86526,-22.01296,31.55089,-14.297207,-7.468668,-27.415762,1.8356061,-23.628159,13.318296,-25.141727,1.8761743,-11.809214,-0.10005152,0.19149905,0.076436974,-0.3074762,-0.18662922,0.08492723,-0.0066123176,-0.02881008,-0.024862772,0.029012946,0.08452208,0.11980076,0.0044566463,-0.24414042,-0.09647558,0.04485971,-0.02877506,0.023115234,-0.008440913,0.067462124,0.04601068,-0.002664167,-0.034028366,0.06358738,-0.008055232,-0.0019525685,G06_D06_E_20_Notr_C1.wav,Neutral
0.1265251773527299,0.0762268267840966,0.020753888,0.08630831,2098.1196,3617.169054432998,6182.628131734914,12.821328,0.21341027,-398.92004,115.31727,-82.554436,47.546707,-19.08144,-20.684118,-21.70445,-6.4866076,-19.48696,-8.245109,-17.557396,-5.199656,-6.8023024,0.09289268,0.6928776,-0.16471425,0.026954222,0.18715923,-0.061305746,0.060732596,0.031076677,-0.06519032,-0.029926103,0.027961185,-0.04657807,-0.022079775,0.13059977,0.17185093,0.21111256,-0.01284096,0.1526307,-0.08017129,0.097190395,-0.034221493,0.031533092,-0.009391457,0.028704677,-0.0020358148,-0.012126406,G06_D04_E_22_Ofkeli_C3.wav,Angry
0.0924386879832474,0.0651653926093957,0.013360932,0.045858413,2051.973,3750.862614607951,6652.806862113402,5.443679,0.23874247,-470.6252,76.16198,-92.585915,35.455925,-10.356364,-12.700354,-23.119709,-39.72622,-2.169773,-23.011063,-25.690306,0.911846,-31.52249,-0.15621798,-0.066243574,-0.2883274,0.049343906,0.02081524,0.025958082,0.10137564,-0.050061867,-0.019335326,0.070114225,0.0646451,0.086903855,0.005147418,0.088259734,-0.029941613,0.17493662,-0.15396571,0.017178666,0.0013251624,0.03403131,0.102071404,-0.03643932,0.03337452,0.041976478,0.0017163391,0.037517138,G06_D03_K_25_Mutlu_C2.wav,Happy
0.1402052975772472,0.0895528513700651,0.012939243,0.06683326,2098.4282,4780.050834642467,8977.55003511236,18.417553,0.49081978,-458.57755,90.21686,-82.89249,50.551956,-38.71247,9.686452,-16.788843,-15.724308,10.696814,-35.557392,9.404132,-14.363416,-4.357111,-0.11872277,0.44281673,-0.08220683,-0.16197664,-0.14702015,0.028797738,0.005257644,0.010259012,-0.016311675,-0.05593944,0.07041161,0.07577062,0.11353388,0.08167171,-0.027929503,0.17259817,-0.16672163,0.001205865,-0.04294028,0.034831405,0.04269833,0.008368085,0.06753328,-0.041019928,0.044557422,0.034527164,G06_D05_C_10_Notr_C1.wav,Neutral
0.1088074882075471,0.0513496732843063,0.01726445,0.0481624,2010.7097,3060.6066625541685,5064.609375,4.8312654,0.19866139,-385.3928,137.85587,-93.02219,32.170105,-9.6399975,8.3573675,-32.293884,-8.888823,-24.852869,-1.5298305,-20.987307,-20.325441,5.141864,-0.80950546,0.28369296,0.086494595,-0.25905576,0.24790123,-0.08569915,-0.03237437,0.11782843,0.16185756,0.011328035,0.11484149,0.10273057,-0.19100721,-0.19252479,-0.12888195,0.14994116,0.02974921,0.05024899,-0.023062773,0.06399354,-0.016701734,-0.025872055,0.006712973,-0.0043477877,0.0046570096,-0.03374286,G06_D02_E_21_Ofkeli_C3.wav,Angry
0.0989515298432476,0.060773854694715,0.012324587,0.056726318,1670.728,3000.910425591584,5202.934240604904,14.250952,0.11752162,-438.57837,147.18665,-55.026962,55.671524,-26.064676,-13.218097,-12.960664,-1.7246057,-22.574356,1.3254175,-14.949406,-21.199902,-4.062337,0.4174868,0.23703314,-0.2577674,-0.055222157,-0.17920598,-0.07658343,-0.027546156,-0.049876086,-0.092103556,0.10728897,0.015573882,-0.09923492,0.043972682,0.19121465,-0.16788052,0.033840656,-0.15709512,-0.021224678,0.025421897,-5.107064e-05,0.03385115,0.0017136445,0.048129786,0.041295305,0.03432722,0.0025297906,G06_D04_E_22_Notr_C1.wav,Neutral
0.1257233315325797,0.0595427363523967,0.007085757,0.04400736,2052.562,3897.972763920055,6874.729886968085,28.500992,0.4658773,-454.0133,123.709045,-70.51573,43.90409,-14.965921,8.3513155,-36.42781,-0.03928909,-13.292787,-1.9721495,-24.233295,1.5090439,-5.9578032,0.043047257,-0.16605751,-0.11088856,0.037257686,-0.21626793,-0.0926804,0.0406946,0.005366655,-0.0756004,0.059738226,-0.018933391,-0.000796242,0.121918194,-0.16558316,0.008948701,0.08440373,-0.06662922,0.019265026,-0.040337704,0.024859153,-0.0025580323,0.0062439316,-0.022395164,0.027813988,0.014441445,0.024782516,G06_D01_E_21_Notr_C1.wav,Neutral
0.1345301594225888,0.065800702535357,0.010768607,0.051533837,2229.0066,4437.5260324918345,7068.666719543147,19.980076,0.37482768,-461.59494,76.290245,-84.74978,48.288406,-10.513018,-14.835723,-8.2946825,-26.909353,-8.562799,-17.213459,-24.407063,12.345946,-20.63175,-0.45711607,0.2970908,-0.017598612,-0.18198656,0.00054738,-0.013908297,0.057038706,0.07089686,0.007351851,0.034541585,0.009936372,0.018696314,0.08781782,-0.12495308,-0.058880888,0.09224462,-0.09582386,0.009056989,-0.003922695,0.05696222,0.08139065,-0.029584683,0.009227105,0.06695452,-0.007887845,0.010637981,G06_D03_K_25_Notr_C1.wav,Neutral
0.1172867063492063,0.0583665882533426,0.016281288,0.09889012,2075.4167,4095.613865271845,6712.872023809524,22.72074,0.2354455,-463.33496,75.11291,-89.26921,54.540947,-9.950453,-27.940104,-6.6022997,-30.731441,-17.109827,-22.55423,-17.966702,2.4738894,-29.449785,-0.40122217,0.20802373,0.08494272,-0.15556113,0.10294216,-0.020085,0.116078585,0.12536228,-0.00903284,0.069621265,0.02666329,-0.069648124,0.045828745,-0.123515055,-0.008946174,0.067289576,0.028509557,0.034497857,0.031281292,-0.00955921,0.0061719273,-0.0011546089,0.024012666,0.01918464,-0.0076681767,0.009917979,G06_D03K_25_Ofkeli_C3.wav,Angry
0.1076996291893116,0.0483645846863536,0.013829464,0.031435926,1987.6582,3032.7327134462807,5126.384701936141,5.01657,0.23879403,-399.20688,147.56511,-87.36134,29.284935,-19.04433,-1.5195005,-35.213085,-6.060667,-21.465464,-4.194913,-16.878973,-16.941492,8.583564,0.29654184,-0.08558956,-0.20613635,0.04824905,-0.2657648,-0.10687217,0.22959493,0.024615422,-0.11476615,0.12325172,0.012389353,-0.04362444,0.11135548,-0.51798624,-0.111165814,0.08133145,-0.03410215,0.05082852,-0.032538228,0.03565587,0.0186551,0.06544317,-0.029745255,0.031004021,0.0058617718,-0.03638358,G06_D02_E_21_Notr_C1.wav,Neutral
0.1072161887591575,0.0531618883827355,0.016953496,0.034851536,2013.118,2901.6013709830204,4605.108173076923,3.019156,0.39976418,-398.55585,149.35513,-94.924576,26.638565,-7.683568,11.982391,-35.17141,-14.855561,-18.01873,-7.8258247,-17.347595,-16.185219,-0.563699,0.33548355,-0.33662477,-0.1590949,-0.04000863,-0.24655928,-0.15594028,0.23580866,0.06672782,-0.17919494,0.11482374,0.084148325,0.03254325,0.24766907,-0.23340769,-0.11301077,0.13650842,-0.08105793,0.051995195,-0.039036784,0.061495617,-0.006485132,0.018111527,-0.03263798,0.030906087,0.014788091,-0.01727445,G06_D02_E_21_Mutlu_C2.wav,Happy
0.1202625363372093,0.0685993709795208,0.010625311,0.042571574,2070.7927,3928.087824452246,6583.811773255814,11.526209,0.16205835,-430.97867,111.00906,-83.22288,38.36688,-23.354696,16.537035,-31.831926,-2.7226014,-20.17228,0.09468866,-16.870428,2.7876248,-3.1501157,-0.13571689,-0.021097751,0.08568106,-0.006072062,0.028137011,0.101859815,0.05822063,-0.0020781627,-0.023564901,-0.017074531,-0.033343494,0.02922235,-0.0089888275,-0.33745506,-0.16820711,0.037299044,0.023952426,0.02484362,-0.016973939,0.08780585,0.011998519,-0.0018766414,0.036029417,-0.011170701,0.0055477303,0.0036762736,G06_D01_E_21_Saskin_C5.wav,Surprised
0.1500040197487893,0.0811527576604658,0.012701463,0.05944619,2260.0542,4988.282217696224,9213.377723970943,17.719893,0.12636523,-483.32187,79.50119,-90.81529,66.74381,-30.137396,12.480196,-18.295876,-18.25821,10.501669,-34.893017,11.378246,-16.320198,-4.639824,-0.5912029,0.07610954,0.33635268,0.024130573,0.16125435,0.03127953,-0.014719236,0.06077753,0.003994226,-0.032889463,0.027843338,-1.319211e-05,-0.0076719127,-0.122438416,-0.048629276,0.07150334,-0.07720513,0.039281093,0.023446646,0.0073570223,0.015035767,-0.022472268,0.043442067,-0.0011828494,0.01656274,-0.007898479,G06_D05_C_10_Uzgun_C4.wav,Sad
0.221409599562198,0.1310478596979873,0.0035209344,0.016201809,2005.5195,6920.264235120747,13483.299365942028,15.067814,-0.14585623,-544.8625,37.032993,-16.539219,43.45638,-12.099798,-1.9578681,-29.553047,-2.7712026,-19.337944,15.793211,-19.854752,9.407903,-23.023924,-0.32799253,0.051860496,0.058214135,-0.038658816,-0.10673952,0.019687556,0.070528045,0.05458859,0.04390101,0.049240585,0.023367018,0.009584206,0.10434692,-0.17433982,-0.028198427,0.03807587,0.009134815,0.017212704,-0.0100348,0.016408835,0.032204032,0.034935236,-0.023021959,0.018433,-0.06508566,0.028070938,G06_D06_E_20_Uzgun_C4.wav,Sad
0.1333800640302835,0.0933917524372182,0.012589683,0.0812461,2049.3801,4820.217911096218,9219.696359536085,24.618988,0.1592254,-488.2868,90.397675,-80.67425,64.23841,-34.82166,10.816037,-18.801397,-17.867027,10.0285425,-34.808228,11.443486,-18.477804,-5.8699594,-0.11210243,0.5732836,0.04153341,-0.21423173,0.01898152,-0.106515504,-0.031021817,0.099309765,-0.042247854,-0.06477415,-0.021026671,-1.8923552e-05,-0.013807798,0.15802804,-0.0346822,0.13300477,-0.086503685,0.05576703,-0.04191188,0.008756319,0.027371632,-0.036395937,0.02111577,-0.039835397,0.002325711,-0.0071921176,G06_D05_C_10_Ofkeli_C3.wav,Angry
0.1039134306066176,0.0484574722031605,0.010049382,0.04155447,2134.292,3431.85788333635,5618.106617647059,13.039364,0.19565473,-442.6511,134.29456,-78.65572,43.209965,-13.217032,7.882087,-39.903988,-0.10989793,-8.930105,-1.9095534,-25.909151,1.2878162,-3.777121,-0.059846293,-0.21768804,-0.15157638,0.010277759,-0.18795387,-0.019341767,0.0023769434,0.053344816,0.04898496,0.07960796,-0.012757224,-0.061114624,0.09481832,-0.24144089,-0.025054736,0.1002587,-0.012492091,0.03905711,-0.021957614,0.02452856,-0.01335782,0.043053348,0.016477866,0.015367541,-0.031495597,-0.030682225,G06_D01_E_21_Mutlu_C2.wav,Happy
0.0674778293918919,0.0617455490620545,0.0025751023,0.007983013,1493.0966,2765.3538842423254,4441.469594594595,7.4365215,1.0502259,-648.9939,140.32115,-42.569035,23.552792,-11.971968,-22.290932,11.337474,-20.744318,-14.107432,-14.3497715,-21.00963,-5.501403,-10.5255995,-0.34582487,0.15854345,0.020122899,-0.05531544,-0.04202551,0.018328981,0.09134558,0.07233487,0.038760398,0.06891097,0.05902337,0.030487807,0.0371103,0.017129352,-0.14258648,0.08097238,-0.07352746,-0.0019137331,0.07847922,0.039781544,0.0499331,-0.003152342,-0.008905843,0.025833726,0.01056955,0.010917203,G11_D04_F_24_Neutral_C1.wav,Neutral
0.0580561785291798,0.059779333086788,0.0027118681,0.012494286,1580.1975,2689.4299467785504,4486.913446372239,13.914562,0.67112064,-638.583,138.0653,-59.85681,32.56261,9.728032,-15.1449795,8.005909,-28.428547,-20.454514,-14.692538,-13.651312,-1.3331734,-11.764851,-0.4999985,-0.07203893,0.065216124,0.06541648,0.17941628,0.05608861,0.016806329,0.1339066,0.070262246,0.06447469,0.060129624,0.0022542393,0.036426503,-0.05015066,-0.14395154,0.031768072,-0.010907652,0.044767622,0.07044919,0.02502461,0.026880175,0.007155915,0.006326608,-0.012240947,-0.023011358,0.016936619,G11_D04_F_24_Furious_C3.wav,Angry
0.07121484375,0.0422386054750919,0.007434716,0.029259704,2001.7311,2763.6434706299497,4718.5,18.038877,0.16158457,-514.1295,158.65791,-80.41023,37.90194,22.452803,9.604132,17.88159,-17.588766,13.061837,-5.323729,-22.11184,3.9780629,-12.3595705,-0.82309586,0.016758941,0.15684916,0.02448385,0.020534694,0.065319456,0.11112897,0.05732692,0.0050762277,0.12578356,0.08104189,-0.034968358,0.03495583,-0.081574105,-0.22334623,0.16377537,-0.060506433,-0.021350088,-0.02411454,0.0032786864,0.07503584,-0.047908306,-4.465421e-05,0.053900503,-0.012345918,0.011762459,G11_D03_M_21_Sad_C4.wav,Sad
0.1086742390129683,0.0598565525519012,0.009220675,0.028899705,2206.379,3345.4938396375856,5440.539445244956,6.3009596,-0.011421519,-496.92554,136.83545,-99.67839,50.5187,17.422783,-22.495184,9.704943,-17.379343,-8.508935,-12.156896,-8.35767,4.122001,-14.57764,-0.51650286,-0.30866167,0.15519488,0.12965393,0.09015656,0.23384,0.20412888,-0.007921582,-0.036122505,0.08008101,0.03406676,-0.020522876,0.0321845,-0.19491507,-0.1273133,0.04262891,-0.013783897,-0.015333546,0.011664322,-0.002452706,0.0015357307,-0.0028718556,-0.00064253807,0.008965252,-0.0012076884,-0.0077262665,G11_D06_M_22_Shocked_C5.wav,Surprised
0.0743744808970099,0.0457665167502372,0.01063905,0.043142438,1842.8909,2786.2107530036265,4708.757267441861,10.185871,0.31269568,-510.31094,112.84884,-86.476585,20.90771,6.201141,-22.4618,-3.7932007,-25.68469,-19.59805,-27.820286,-19.997265,0.4130907,-20.392916,-0.36154658,-0.021745149,0.1794502,0.07408364,0.099408984,0.05473606,-0.04062042,-0.037950713,0.03591689,0.13008173,0.04006699,-0.007117972,0.04961708,0.06617509,0.07642738,0.12702057,-0.030398002,-0.042322304,-0.018061144,-0.024613665,-0.006391278,-0.024962569,-0.0010766548,0.023077738,-0.017114611,-0.012716924,G11_D05_F_20_Happy_C2.wav,Happy
0.0954766597143665,0.0624068326165402,0.01233688,0.04832782,2341.6714,3185.454271838777,5116.957720588235,10.582679,-0.16589826,-512.6171,101.205,-96.95257,31.9246,16.226896,-23.519337,-9.489966,-21.381796,0.4633443,-15.586378,-26.725965,-3.3026311,-14.373654,-0.5659923,-0.21495184,0.30766335,0.18036748,0.19520104,0.14002158,0.0369535,0.0588035,0.0033393013,0.014275503,0.007901386,-0.073395275,-0.04671342,-0.052555803,-0.028366745,0.010923933,-0.004859957,-0.009595903,-0.0054215835,0.009663217,0.013013713,-0.011317951,-0.0030173305,0.012811573,8.1765706e-05,0.0073846164,G11_D01_C_11_Shocked_C5.wav,Surprised
0.0902617289757853,0.0629392590665841,0.010110909,0.04302335,1912.7557,3060.6838631010937,5266.749836387435,10.105395,-0.06901294,-486.15347,140.5844,-78.28168,42.532578,9.22153,-5.594384,16.059683,-28.210773,-4.6279273,-5.675809,-23.205956,-4.481185,-2.2162285,-0.19610149,0.037368633,0.039147463,-0.14815575,0.08623189,0.27505824,0.13356581,0.021330832,-0.0070561813,-0.008745363,0.0050648856,0.022055136,0.012775371,-0.36407894,-0.19099273,0.15974641,-0.0056167496,-0.025593493,-0.002555982,0.0021705278,0.03828721,-0.006870279,0.026107907,0.055835053,-0.00789353,-0.025448745,G11_D03_M_21_Shocked_C5.wav,Surprised
0.0801158926104972,0.0634290126701648,0.007740244,0.041130845,2022.3099,3015.0662123452876,5142.847893646409,14.531549,-0.00071974826,-556.7108,121.28043,-81.97001,59.14646,15.776823,-14.157566,14.924161,-28.221825,-20.571688,-16.862087,-12.94989,1.6080228,-15.942747,-0.5687319,0.058334466,0.050075237,0.032477744,0.041424282,0.08898146,0.09232824,0.022249728,0.017363789,0.04542704,-0.004713696,-0.020179564,-0.015583624,0.16705889,-0.10901777,0.08262987,-0.05336257,-0.041453652,0.0138805425,-0.013148925,0.015979838,0.029722845,0.024029505,0.016364897,-0.0018138819,0.013456762,G11_D05_F_20_Sad_C4.wav,Sad
0.0877840385324483,0.0620639060506572,0.010613452,0.03175018,2043.7616,3133.0238667763983,5325.705199115044,6.630966,0.08215709,-510.60123,119.92804,-84.73184,35.47744,1.73638,-31.50166,3.6837213,-14.485059,-13.770891,-27.370186,-21.702831,-2.1895514,-20.53011,-0.3860253,0.029103935,0.2359112,-0.06658481,0.010102905,0.06866065,-0.011948808,0.07056116,0.093979694,0.047454413,0.00092658884,-0.037968952,-0.059049197,-0.2463051,-0.09006782,0.16715509,0.016133405,0.08964011,0.07327823,-0.015754703,0.013349574,0.0061310898,0.051823404,0.034680415,-0.018841306,0.026114622,G11_D05_F_20_Furious_C3.wav,Angry
0.0677173043799212,0.0439440608412168,0.005196081,0.014693368,1705.2988,2367.7461642630456,4168.829970472441,9.522108,0.03974921,-545.13605,189.09326,-71.13997,40.807335,16.035128,-19.406048,22.647518,1.0513802,-2.0616806,-8.047806,-10.956826,-0.79083747,-11.899933,0.012119458,-0.17076886,-0.21889299,-0.03177887,-0.091220886,0.0071837357,0.12544663,0.05995194,0.09360088,0.16403623,0.015889892,0.005944286,0.22342135,-0.24941616,-0.35701317,-0.07752386,-0.009863561,0.0498378,0.035294734,-0.028123086,0.025176242,0.07427857,0.09000596,0.014848759,-0.017095473,0.038607605,G11_D06_M_22_Neutral_C1.wav,Neutral
0.076171875,0.0521361654303583,0.010677272,0.054665428,2058.2693,2647.175560128811,4551.016212406015,18.0766,-0.004088141,-477.08267,146.50499,-70.818405,26.656448,20.582472,-23.30787,6.878836,4.3963804,-1.8767353,-13.686299,-18.720366,-7.1833525,-10.773603,-0.4858403,0.041780155,0.1108021,-0.1063161,-0.026408417,0.06813206,0.057056878,0.039994877,0.038049743,0.06970869,0.009893288,-0.021337265,0.045631267,-0.026189145,-0.37714827,0.13717243,-0.046454716,-0.052881125,0.06812781,0.026235942,-0.015413338,-0.017182618,0.030990787,0.04997789,0.024841044,0.033550728,G11_D06_M_22_Furious_C3.wav,Angry
0.0523089563061377,0.0527689723311628,0.0034344539,0.008769964,1347.2694,2452.372527443707,4304.781062874252,5.0060263,1.1656742,-628.3683,146.60143,-55.231674,19.14959,-11.303161,-24.444986,-3.3358972,-32.51345,-6.2876062,-9.783665,-27.225163,-7.8034787,-9.10455,-0.32518557,0.24991761,0.19061686,-0.068527564,0.027005304,0.05274702,0.12265942,0.11602957,-0.07272105,0.037102375,0.09411974,-0.009179211,-0.002795869,-0.0036622465,-0.09514817,0.07136212,-0.03420888,0.008449623,0.0051402804,0.010062046,0.054223567,-0.021649785,-0.013930527,0.012008908,-0.005457792,0.0017873705,G11_D04_F_24_Happy_C2.wav,Happy
0.0613998413085937,0.0468649416056091,0.009645285,0.02494218,1946.7188,2634.745126630355,5014.0869140625,4.67589,0.10082121,-500.14102,163.03699,-66.7823,52.74419,29.771526,3.0305667,12.939032,-18.186216,11.111997,-2.6136518,-25.103039,-4.4306955,-11.512849,-0.62240994,0.44433245,0.26773307,0.027684152,-0.031735063,-0.045203544,-0.08252968,0.008695299,0.1639575,0.051906355,-0.110928334,0.030151427,0.083578,-0.11570223,-0.38362584,0.1675776,-0.03944541,0.054145157,0.07748521,0.041052677,0.058654357,-0.05680878,0.012908188,0.041299455,-0.023157496,0.027870063,G11_D03_M_21_Furious_C3.wav,Angry
0.1074397826253056,0.0626449882859008,0.018878503,0.1684196,2248.021,3389.8933276679436,5381.628209046455,43.043304,0.025244784,-459.92673,89.437035,-100.57781,28.353506,-1.8533067,-42.753014,-1.1627738,-21.794575,-24.22344,-13.010058,-12.60225,-9.5536175,-12.37043,-0.16185603,0.15142542,0.21490404,-0.09486351,-0.13653246,-0.0008913707,0.15835787,0.053063195,-0.028202444,-0.019585393,-0.015211488,0.006515848,0.010051701,-0.086349495,-0.017750178,0.07800547,-0.04624839,0.02427143,0.06798962,-0.009277185,0.024250207,-0.0036806571,0.035771783,0.009655447,-0.02798595,0.008549824,G11_D02_C_16_Furious_C3.wav,Angry
0.0733473799236334,0.042286057342504,0.015038924,0.045453485,2223.0527,2640.136890043957,4295.694332797428,5.7600203,-0.36751243,-480.47357,119.00424,-107.886345,19.962381,26.312273,-24.152521,-18.38216,-29.935503,-14.723463,-17.295315,-20.504816,-9.061456,-23.932365,-0.42484462,0.21923764,0.06713112,-0.17674491,-0.111450955,0.021767914,0.04812349,0.03816677,0.011794369,0.053013816,-0.010102695,-0.092349134,-0.057206966,-0.17204933,-0.24260667,0.3303751,0.0059839813,0.044283494,0.05950493,-0.02659427,0.06464516,-0.018312687,-0.018959867,0.02564957,-0.0016597214,0.014746109,G11_D01_C_11_Furious_C3.wav,Angry
0.0851460961391437,0.0545987482110595,0.011401313,0.05721646,2159.1877,2928.9667820252503,4950.473050458716,11.983713,-0.23493192,-481.8235,112.899635,-87.86549,28.052216,4.5332675,-41.974083,-9.073399,-24.000498,-20.657413,-12.938183,-17.303675,-4.492784,-6.319445,-0.10737794,0.26147783,0.06954866,-0.23004475,-0.29423872,0.07680599,0.1640789,0.04004053,0.13534072,0.09167478,0.06323906,0.15238984,0.039882936,-0.16966622,-0.11217876,0.19308807,-0.063912585,0.023371907,0.07222056,-0.011379442,0.043866765,0.04020298,0.008859955,-0.0029365593,-0.0030902135,-0.020452712,G11_D02_C_16_Neutral_C1.wav,Neutral
0.094555546120169,0.063529570029097,0.019694328,0.09621008,2145.1914,3163.488812430724,5425.894474637681,8.759561,0.13427486,-445.1465,92.49409,-96.89418,5.7486143,-0.88607466,-37.890087,-6.03823,-19.27996,-24.36128,-12.762721,-11.797349,-8.7487335,-7.840008,-0.00040529776,-0.27928063,-0.28932348,0.13542512,-0.07348669,0.07055773,0.10429738,-0.08829875,0.013050756,0.005359212,0.01338949,0.049982056,-0.027744772,-0.015197247,-0.13953982,0.06069008,-0.030782409,0.028700411,0.04921768,0.030100606,0.038073305,0.0010352192,1.0187499e-05,0.018544026,0.02092637,0.031066246,G11_D02_C_16_Happy_C2.wav,Happy
0.0613692434210526,0.0444811149454315,0.010358574,0.06619383,1891.9307,2396.7526431819942,3998.2965225563903,34.916103,0.92403215,-498.91577,132.78705,-65.9875,11.679626,10.674649,-20.131372,-4.708341,-14.146905,-7.1363063,-15.058314,-22.545303,-6.231625,-13.38946,-0.12663533,0.28276333,-0.02468284,0.04442257,-0.0067556496,-0.101069555,-0.067678615,-0.025542298,-0.042702496,-0.1108995,-0.12482976,-0.080502845,-0.016694702,0.22421597,-0.110447206,0.02449441,0.008153446,0.013981405,0.020971036,-0.020748587,-0.0069645233,0.020392353,0.02196784,0.020632116,-0.0022593571,0.0076121823,G11_D01_C_11_Neutral_C1.wav,Neutral
0.2044551454741379,0.1229355847787277,0.005710545,0.026756188,1955.2002,6635.653514060364,12046.713362068966,16.781786,0.32761067,-489.1418,28.540606,-25.607494,34.579693,-19.839117,5.7079473,-26.19607,-4.348568,-32.585316,-15.753997,9.156248,-16.614576,7.245446,0.327035,0.07921697,-0.12523063,-0.2118676,-0.024935473,0.12543316,-0.02874744,-0.012471364,-0.11438935,0.031981487,0.045274206,0.069367826,0.018088052,-0.19173051,0.03689181,0.073691286,-0.040844016,-0.032590542,0.0067989547,0.0880276,0.028579494,0.01814612,0.0030817755,0.027190164,0.009064872,0.008640302,G16_D02_F_21_Neutral_C1.wav,Neutral
0.2689608683628318,0.1832276939962281,0.014624326,0.09917218,2111.9688,6946.658646635937,11562.631360619467,26.620594,0.4554199,-431.12915,40.28061,-40.04641,44.547157,-21.516834,4.8604455,-28.967442,-6.496833,-12.993468,-11.807737,-13.224488,-10.0094385,5.2941575,-0.5207155,0.68895775,0.17549476,-0.15397815,0.0156132635,-0.21120906,0.0026071204,0.017806653,0.15392335,-0.15402344,-0.02502936,0.04309789,0.01450434,-0.006244924,-0.06728447,0.094758004,-0.073178336,0.044882193,-0.006977084,0.10383081,-0.011430289,0.026889194,-0.03171225,0.021376785,0.018399637,0.011470323,G16_D05_M_17_Furious_C3.wav,Angry
0.2724644377240143,0.1695153324721287,0.028983481,0.16996549,2241.8484,7340.478296000318,11985.118447580646,22.108921,0.2003164,-401.1566,12.865844,-49.41884,47.774704,-35.74872,11.740067,-40.136436,11.629361,-34.16681,-26.95596,4.002039,-24.15423,1.0318357,-0.42859074,1.0613459,0.19346628,-0.21329747,0.29214236,-0.19925515,0.14459968,0.05172121,0.01389212,-0.16254233,0.07130341,-0.0584607,-0.06864671,-0.11949372,0.053914394,0.12903926,0.01645322,0.068012446,-0.04974532,0.09695276,-0.0006116992,0.053744134,0.059620548,0.00020186619,0.015318928,0.0587488,G16_D02_F_21_Furious_C3.wav,Angry
0.0590424408783783,0.0442173573560066,0.01739648,0.055531528,1460.6527,2378.572900534891,4273.7265097128375,4.474686,0.4147617,-479.69952,98.9641,-88.38374,-4.8461313,-34.75991,-32.3699,-6.4642024,-35.23924,-21.175632,-20.8613,-12.028205,-7.584156,-26.914042,-0.35190204,0.0072079333,0.20993418,-0.17745702,0.024133258,0.21170521,0.038581338,-0.021813717,0.052277092,0.1250182,0.0148161985,-0.047623638,0.047273125,-0.13305032,-0.039096925,0.09598515,0.049164094,0.009800132,-0.013399599,0.0014204449,0.0116096735,-0.015868267,0.02831611,0.06941333,0.037471972,0.013450585,G16_D06_C_09_Happy_C2.wav,Happy
0.0859393636688931,0.0956174196421048,0.015680159,0.052669223,1613.8663,4053.076662212882,8182.534999701813,4.942303,0.41012463,-457.18817,83.76273,-41.2384,9.334151,-17.783726,13.505478,-31.601276,18.70166,-33.242516,-8.247096,5.2296004,-15.21233,-10.922547,-0.34186152,0.39731756,-0.038276047,-0.4625562,-0.11329051,-0.0023733824,0.06925091,-0.07278065,0.018241802,0.0801716,0.02015796,-0.03935349,0.08900958,-0.017690841,-0.052452587,0.09938979,0.05239817,0.05688756,-0.025882605,0.021248996,-0.022892581,0.016401267,0.004847399,0.022692014,0.028108383,-0.018069329,G16_D03_F_19_Happy_C2.wav,Happy
0.258740402169244,0.1466892877367235,0.015260657,0.07630217,2523.7087,6943.212104096336,11746.621295103092,12.261387,0.23263934,-463.69272,-11.169407,-63.281208,42.71806,-28.537582,-15.657337,-43.647015,4.258535,-20.391148,-5.6459813,-6.1740437,-22.146965,8.233647,-0.11364809,0.02943383,-0.057741992,0.044814374,0.12035417,0.088915884,-0.056408413,-0.01606488,0.04819904,-0.038154885,-0.0060553215,-0.009332444,0.0023299656,0.000818518,0.017186847,0.061486065,-0.040060308,0.0536583,0.030097723,0.021007063,-0.004861508,0.01030937,0.01871268,-0.004388355,0.025582766,-0.015015522,G16_D01_C_07_Shocked_C5.wav,Surprised
0.2167521848516949,0.2021852891779562,0.008294904,0.04138295,1883.8245,6205.6629501903835,10648.862387447034,15.321814,-0.07044003,-484.04056,66.21406,-16.339172,4.375982,-9.146944,9.247124,-37.63519,-0.6359797,-0.640073,-14.663289,-9.945284,0.97472894,-11.980411,-0.4029307,0.051869072,0.03294392,-0.057756513,0.28284013,0.26595813,0.19570664,0.025864279,-0.0036889804,0.032497935,0.03047184,-0.039933484,0.037122007,-0.23102795,-0.0930407,0.1345655,0.052762624,-0.0023353253,-0.020904198,0.039684832,0.00984323,-0.043507382,0.039977737,0.054103993,-0.011576466,0.004127274,G16_D04_M_46_Shocked_C5.wav,Surprised
0.1245735900042808,0.1064554307675856,0.02167584,0.14446574,1796.8391,5323.013188378449,10831.496147260274,28.927618,0.1642964,-395.9079,49.183453,-36.73268,21.362284,-30.904488,10.577995,-31.583466,7.6679096,-29.12686,-9.533929,-6.1121526,-9.977672,-5.1943913,-1.0950031,0.6073348,0.2263289,-0.07429392,0.22143336,-0.1833625,0.080204286,-0.060974892,-0.026190758,-0.048099797,-0.03177276,-0.102719404,0.0072489795,0.072403505,0.11874081,0.15003082,-0.017487882,0.092168726,-0.05956759,0.048863623,-0.046959132,0.06023915,-0.012449968,-0.016695134,0.0021648381,0.0069234306,G16_D03_F_19_Furious_C3.wav,Angry
0.1716095585151006,0.1136348247679664,0.007828052,0.058209583,1905.3611,6167.613526646312,11836.830661440856,32.774647,0.32052764,-485.63412,41.413326,-15.144043,20.905237,-18.31998,15.390983,-18.4118,4.066146,-24.450613,-12.753648,5.598965,-8.7376,-2.4713695,-0.14171661,0.27836382,0.11971684,-0.40167773,-0.16736007,0.10352955,0.060974404,-0.0006092667,-0.012407412,-0.076621965,0.042462673,0.18307492,0.11860218,-0.37138793,-0.025755338,0.09689258,0.004624057,-0.008433745,-0.09795052,0.075526446,0.05313134,0.06936214,0.02398772,-0.0025359192,0.0022195778,-0.0034408274,G16_D03_F_19_Neutral_C1.wav,Neutral
0.2702680840549699,0.1745982386055107,0.013003993,0.048446342,2121.8464,6952.39088134239,11283.657873682228,10.653378,0.41993803,-440.81598,25.49607,-43.134315,47.269047,-30.748512,0.042228974,-25.252012,-3.702739,-12.289448,-8.194105,-11.020841,-5.1858835,5.0767975,-0.2611842,0.1115062,-0.11548736,-0.19814834,0.33057988,0.25769877,0.07730779,-0.1048659,-0.011792413,-0.018037707,0.018910138,-0.014194931,0.017412126,-0.17933968,-0.009475846,0.08182599,0.002535069,0.019767072,0.010102858,0.0013255427,0.02241778,-0.009460818,-0.017734606,0.014379385,-0.019999988,0.008407193,G16_D05_M_17_Shocked_C5.wav,Surprised
0.2405987854904129,0.1318131943789074,0.01466208,0.051880248,2125.874,6936.432954525125,11611.795665099558,8.448624,0.33563936,-445.45276,7.8413367,-37.59974,44.747597,-42.275356,1.4659134,-37.465897,16.881756,-15.745972,-17.046886,7.9947124,-26.006886,-4.503382,-0.5734778,-0.39685994,0.1562303,0.25171524,0.2686927,0.20353508,0.024218293,-0.0933707,0.12694018,0.012206637,-0.039334446,0.011934308,-0.059898827,0.0429436,-0.14612097,-0.11851184,0.081545874,0.0238077,-0.041555483,0.009013275,-0.0026676718,0.019263953,-0.018506441,-0.022540726,0.041337967,0.011485437,G16_D02_F_21_Shocked_C5.wav,Surprised
0.1479734510700992,0.0914721644463715,0.01255048,0.06667422,2250.3052,5318.304342603801,10219.668889578164,17.593943,1.1576738,-443.47186,32.85989,-65.032265,22.204403,-23.61898,-23.731497,-49.2763,8.892874,-18.714394,-11.688249,1.1361492,-22.85337,11.215041,-0.3920527,0.25563106,-0.020346582,-0.13701946,0.107331105,0.057935786,-0.0638302,-0.040009607,0.12797019,-0.0019239634,0.042694576,0.008695664,0.07403021,0.03295024,0.027852057,0.01739269,-0.0729681,0.060616173,0.051043216,0.06298421,-0.047123395,0.03625807,0.014440702,0.008619702,0.015293318,-0.007893425,G16_D01_C_07_Happy_C2.wav,Happy
0.1813397284363468,0.1746788502922878,0.008378614,0.031242719,1452.7698,5675.077749639816,10792.26659795895,10.505168,0.68122816,-462.96915,98.2806,18.698517,5.266083,-21.853552,11.906114,-38.26566,7.06579,6.2841687,-9.760314,-5.678809,0.8955313,-8.296281,-0.38485605,0.42843875,0.12114212,-0.3052601,-0.13955984,-0.22331305,-0.07211377,0.09419967,0.07480876,0.09106725,-0.02321097,-0.080366194,0.11230068,-0.3470487,-0.19790906,0.12492466,0.05652385,0.07501581,-0.048685145,0.12330558,0.026291056,0.000812666,0.061794367,0.025129555,-0.07184736,0.012676619,G16_D04_M_46_Neutral_C1.wav,Neutral
0.0716607597436797,0.0574536489094517,0.016588895,0.06419016,2052.628,2623.780777237862,4615.968717082163,6.3449087,0.2389386,-491.8247,95.11433,-88.5293,16.441994,-30.21463,-41.980247,-12.497992,-34.47512,-17.757706,-24.920189,-17.622776,-9.117024,-26.071451,-0.19942354,0.30418622,-0.073084,-0.23297237,0.116410054,0.11407623,0.04783795,0.13964632,0.10869175,0.059135374,-0.05548909,-0.013655384,0.114833705,-0.0659904,-0.10443113,0.1658602,-0.01327463,0.042463634,0.015993373,-0.01029584,0.04091013,-0.012181056,0.004384839,0.0049639638,0.020319862,0.052455388,G16_D06_C_09_Furious_C3.wav,Angry
0.1443743596311475,0.1225317754066965,0.011623231,0.04961314,1899.1204,5093.5595040684275,9878.23338242828,9.602861,0.47892475,-428.21802,91.29697,-14.832305,5.1510386,0.5380302,24.877625,-47.793316,0.07967219,-2.6934626,-10.855309,-12.977614,0.33416992,-9.944085,-0.4446795,0.2743545,0.069535926,-0.2866189,0.09887145,-0.049321186,-0.09055746,-0.09764663,0.16307648,0.1334088,-0.052381035,0.047967307,0.112786554,-0.24014828,-0.21883035,0.04857699,0.08967403,0.01378823,-0.004520952,0.063857466,0.023730153,-0.06328566,0.0265556,0.04352754,-0.010354968,0.018943256,G16_D04_M_46_Furious_C3.wav,Angry
0.1684492312300319,0.0847834357510351,0.0154193565,0.072630696,2163.9998,5518.327413908625,10787.240415335464,16.167889,0.9790063,-412.61124,44.014584,-62.644436,20.1494,-46.22553,-17.486126,-46.711704,2.9065964,-12.4012165,-15.346829,-3.9053843,-23.59613,7.6546073,-0.2794278,0.35984823,0.066795334,-0.36856633,-0.17107233,0.117793866,0.14559156,-0.0559673,0.016946139,0.08504586,-0.011966645,-0.064338274,0.10378016,-0.03897135,0.1452202,0.09464734,-0.08718052,0.12283674,0.00450547,0.029928597,-0.024383454,-0.019246109,-0.007380699,-0.010419635,-0.00837066,0.010068822,G16_D01_C_07_Neutral_C1.wav,Neutral
0.2489498414855072,0.1812919079494636,0.008003443,0.043471545,2001.0306,6988.176061239242,12188.85402513587,36.35977,1.5004685,-466.5199,40.49139,-27.197271,43.2751,-14.067886,8.680395,-20.65443,-5.6744757,-21.359858,-13.492795,-9.408901,-15.855661,6.644479,-0.88279146,0.27592707,0.25494498,-0.04513825,0.2951206,0.09523718,0.13301425,-0.06644879,-0.007991902,-0.063640736,0.09740985,0.04089497,0.010363896,-0.16314346,0.053993937,0.07218423,-0.10485568,0.013096669,-0.043355037,0.04981693,-0.031600658,0.004332708,-0.016535787,-0.006355636,0.00048764478,-0.013705685,G16_D05_M_17_Sad_C4.wav,Sad
0.0834274790645424,0.0729227194825867,0.011502247,0.037234314,1622.1824,3132.160482612777,5500.466739430147,5.037513,0.379467,-525.8653,83.5251,-72.02817,26.925634,-43.162678,-36.31788,4.338139,-31.421415,-19.72414,-22.7602,-13.994651,-11.702921,-26.1117,-0.25799093,0.17789327,0.021742377,-0.10250569,0.13823463,-0.09077383,-0.013010075,0.12473197,-0.07970962,0.08600185,0.06760077,-0.0017674764,0.15692632,-0.23633197,-0.094941,0.19823371,-0.09237806,-0.034546547,0.056858953,0.060329273,0.085038185,0.008327001,0.0046985,0.0128913345,0.03375731,0.038744725,G16_D06_C_09_Neutral_C1.wav,Neutral
0.0436375473484848,0.0402520594301524,0.009441291,0.04344771,1446.0337,2185.4969286810965,3873.792613636363,8.932348,0.46006182,-530.9313,135.69818,-58.344982,35.862156,13.673578,-9.905335,-1.2002896,-32.2311,-9.321549,-13.287012,-23.440468,-7.4214044,-19.761133,-0.55397815,0.0820838,0.014751128,-0.1078718,0.11820422,0.19412012,-0.02323555,-0.10417968,0.05336669,0.13833769,-0.0071223765,-0.036041018,0.056861635,-0.036466178,-0.0707897,0.18104868,-0.1217481,0.013851192,0.05952574,0.0071393275,0.042027306,-0.02496592,0.026645707,0.02046568,-0.0072493525,0.05581515,G08_D04_C_15_Mutlu_C2.wav,Happy
0.0706324563746438,0.0511562906011071,0.010732951,0.033725873,2091.214,2734.8756961507556,4729.23344017094,8.341907,0.09277587,-503.26077,138.99957,-87.32201,59.246376,24.191486,-21.807636,2.1278002,-20.204319,-6.8220863,-22.154423,-21.196543,-1.3128556,-25.596302,-0.6393891,-0.020907408,0.106752224,-0.052380227,0.027132267,0.025535008,0.016089948,0.083528385,0.064463474,0.060542054,0.0072428277,0.015442618,0.06149793,-0.040908277,-0.1695958,0.06781628,-0.008722884,0.06383824,0.041429825,-0.012779402,0.024539338,0.0036496478,0.031625878,0.010218128,-0.04116083,0.007999608,G08_D03_K_19_Ofkeli_C3.wav,Angry
0.0798960343675772,0.0592271911540361,0.007678012,0.038241323,1955.3717,3808.9432301095367,6739.533847980998,11.164106,0.43358824,-557.94965,102.89347,-52.264122,38.049244,1.2091407,-20.530628,8.850109,-14.192704,-11.474499,-20.517448,-13.882251,6.0488954,-17.434423,0.75689405,0.27396774,-0.3212111,-0.0066096564,-0.010948553,0.001118404,0.0034487196,-0.048536964,0.10449776,0.045599908,-0.024858326,0.062685795,0.060242176,-0.48951456,-0.21483795,0.16920125,-0.021011157,0.006810435,0.095719,0.055693027,0.03759808,0.015188527,0.0057139997,-0.048582327,-0.04677869,0.0318161,G08_D04_C_15_Notr_C1.wav,Neutral
0.1426933641271289,0.093610308657952,0.00270946,0.008283625,1863.2284,4741.393772998989,9100.421989051094,3.2251663,0.13271856,-506.59503,117.16933,-53.91031,67.28493,-36.049442,27.013515,-23.395739,9.2299795,-6.574202,-6.300642,5.59492,-11.038032,10.115895,0.02802769,0.13344997,-0.11045732,0.0656622,-0.10076836,0.010929901,0.0024290201,0.04365243,0.04118209,-0.015350238,-0.014439946,0.017235324,0.018721588,0.09427329,-0.04837865,0.065875225,-0.07477161,0.050140444,-0.04171388,0.022025678,0.018544814,0.035680983,0.016744254,-0.02038882,0.01529185,-0.023822036,G08_D01_K_20_Saskin_C5.wav,Surprised
0.080576923076923,0.0578124546311342,0.009921653,0.05990329,1885.3257,2773.7506300563377,4841.754807692308,37.537155,-0.08472449,-508.26456,152.3979,-58.18325,66.47049,0.14613187,-31.386906,15.891902,-8.415004,1.7238097,-8.832222,-11.262824,9.023768,-7.827767,-0.8019354,-0.46829525,-0.23818651,-0.079741016,0.004600868,0.116677314,0.09674588,-0.014376908,0.024220124,0.015864087,-0.0004909134,0.052691627,-0.018445503,-0.44742224,-0.22529346,0.22933786,-0.14995168,-0.024063468,-0.053414352,-0.06702048,0.04061404,-0.047745544,-0.01637726,-0.046773374,-0.024291249,0.04561147,G08_D05_E_21_Notr_C1.wav,Neutral
0.0810863801223872,0.0484754531679277,0.01309943,0.04395894,1840.728,2804.0505105511043,4846.921410891089,4.2821193,-0.13406248,-490.65677,115.00251,-90.17872,10.788147,-12.987489,-45.082687,1.3708217,-17.039532,-26.170113,-16.917982,-11.734628,-5.404699,-12.44505,-0.019895414,0.049222298,-0.044389352,0.0170767,0.0023927847,0.0014787806,-0.006018291,-0.021251863,0.006960059,-0.0010041272,-0.01750046,-0.009475495,-0.005799347,0.03539747,-0.04774167,0.027973354,-0.005041185,-0.011815276,0.035213035,0.0102150105,-0.00633052,0.009499389,0.0054374654,0.00058722915,0.0053221798,0.01435485,G08_D06_C_7_Mutlu_C2.wav,Happy
0.0719706733819797,0.0619498121867345,0.0088228425,0.03894289,1952.7596,2902.5091701527895,5190.216529187817,9.293083,0.26093355,-529.76575,114.1688,-65.96457,55.685883,15.653272,-6.41768,11.555599,-29.19061,-9.813026,-14.679709,-20.514292,-3.9402268,-22.384796,-0.78238475,-0.036029704,0.24729934,-0.09849368,-0.023033462,0.12811966,0.14425975,0.12478091,0.025736302,0.03835429,0.011906362,-0.041563228,-0.020729015,-0.068388976,-0.13420832,0.1106627,-0.024444351,0.019600293,0.0030467086,-0.02667604,0.030935196,-0.006716035,0.0065476396,0.023364883,0.008017796,0.03110555,G08_D04_C_15_Uzgun_C4.wav,Sad
0.1131864892183288,0.0702052640851269,0.0045404267,0.022558702,1548.8127,4097.592135277009,8517.478099730459,16.014507,1.0555147,-477.38596,135.07228,-39.35465,56.14978,-42.775513,26.378874,-19.056967,-0.35361335,-10.143712,-5.0918036,-1.2060649,-13.836564,10.710229,-0.19492568,0.07063244,-0.070215136,0.025201455,-0.030045532,0.08238043,-0.054028656,0.0073227766,-0.0024304558,-0.009040416,-0.03972237,-0.057197377,-0.03883669,-0.01657256,-0.09912581,0.07368658,-0.07518047,0.051871322,-0.0365443,0.014799051,-0.022979194,-0.0021855123,-0.007520681,-0.028959827,0.012093729,-0.021296987,G08_D02_E_20_Notr_C1.wav,Neutral
0.1073055531509695,0.0813790548507369,0.010001815,0.05895937,1590.6936,4167.0919411582145,8116.386772853186,20.341671,0.37676096,-423.93698,121.25165,-44.51933,60.945133,-37.9084,26.876312,-11.898386,-0.62623495,-4.141465,-3.1943498,-4.2252936,-12.148443,4.8018155,-0.40352565,0.5363143,-0.024656411,-0.14713936,0.10671473,-0.15595827,-0.016303515,0.027187984,0.010724348,0.053885076,0.0036211568,0.05702749,-0.0028416114,0.039750446,-0.1107681,0.04979933,-0.10113099,0.10161131,-0.05203399,0.032433186,0.003017428,0.041720767,0.005750425,-0.0050576897,0.05212658,-0.008379829,G08_D02_E_20_Ofkeli_C3.wav,Angry
0.1372083403150134,0.0935588759951868,0.003352764,0.01120973,1736.0441,4445.113713666856,8402.123827077749,7.9456186,0.8333426,-490.16107,122.28175,-57.34201,52.5075,-39.036255,25.788078,-25.67543,-2.4645813,-9.00968,-4.266812,0.8482299,-13.22151,10.245254,-0.00042375867,-9.657423e-05,-0.043741733,0.15672405,-0.12717326,0.036496785,-0.03435592,0.048946176,0.009913054,-0.005106195,0.03630921,0.020287849,0.0036154145,0.0049292943,-0.034111176,0.09011396,-0.05364311,0.042038962,-0.041860238,0.01565885,0.009201215,0.016589103,-0.007337526,-0.0150007885,0.013603543,0.010512358,G08_D01_K_20_Notr_C1.wav,Neutral
0.0989367538623595,0.0728964090869034,0.009023921,0.04185123,1956.1149,3251.749680884193,5367.134831460674,12.678612,0.095034055,-530.1683,112.53334,-83.055046,65.43568,2.8357248,-37.48644,2.0196714,-24.459703,-10.110809,-18.43469,-14.329245,1.7668141,-22.361135,-0.5267323,-0.23366672,0.24071586,0.11318291,0.11702146,0.15887177,0.06653905,-0.020276612,-0.015519638,0.078769416,0.008135705,-0.04066804,0.041452587,-0.11437246,-0.06649175,0.013942173,-0.005817769,0.014347135,0.013817696,-0.0021803267,0.014706556,-0.0013940919,-0.014994822,9.1688824e-05,-0.002504217,-0.00638937,G08_D03_K_19_Saskin_C5.wav,Surprised
0.0797014094955489,0.0566565570165513,0.006352114,0.02815383,1726.8815,3022.85095841407,5338.812129080119,38.659584,-0.032547202,-532.5198,146.826,-79.30109,62.68066,4.8718843,-26.719927,8.53635,-32.9275,-12.600447,-6.1706095,-5.9575205,1.5735314,-20.584982,-0.25605577,0.3143791,-0.12087511,-0.14384307,-0.10938675,0.021920642,0.078063786,-0.019096969,0.018669756,0.025416326,0.00037432,0.11196971,0.119961224,0.14494444,-0.13668296,0.095404424,-0.13457175,-0.06414238,0.022420758,0.047600612,0.08631436,0.007944641,0.03703439,0.0539248,0.009893711,0.042114675,G08_D03_K_19_Notr_C1.wav,Neutral
0.0673207929057459,0.0401373975393172,0.0112443445,0.06171391,1736.4583,2459.5145249537645,4106.5476940524195,8.571578,-0.015061599,-520.10864,113.7497,-71.15891,-27.198032,-19.416885,-32.82244,0.38071367,-9.683214,-24.195847,-13.413074,-9.022764,-7.282308,-8.632848,0.010146903,0.11822612,-0.046041645,-0.061461512,-0.0087096,-0.0015986961,-0.0015722052,-0.0076788627,-0.02977878,-0.01958659,0.011824058,0.02351136,0.013728784,0.033537928,-0.027389994,0.036704108,-0.0034034369,0.0027126824,0.031035434,0.0061946423,-0.00360959,0.010409057,0.010323761,0.0073983213,0.003511041,0.0006283105,G08_D06_C_7_Notr_C1.wav,Neutral
0.1404928441061253,0.0597369179992216,0.0058812825,0.01433313,2176.897,4606.363918570979,8486.111111111111,2.4494948,0.35197726,-425.52545,106.47676,-90.15095,68.112816,-33.70486,20.526361,-36.267212,0.50536144,-12.532341,-8.932723,1.3579652,-17.188583,7.974142,-0.09383627,0.028421136,-0.10687786,0.1441101,-0.0023433708,0.10817958,-0.027674165,-0.00075982034,-0.013645394,-0.007744588,-0.008267556,-0.023151284,0.03680512,-0.018852727,-0.08669075,0.092956685,-0.043586876,0.0797188,-0.035752825,0.03955325,-0.026580987,-0.0064602355,0.009751924,-0.008617061,0.033910427,-0.0117285885,G08_D01_K_20_Mutlu_C2.wav,Happy
0.0976036391084149,0.0640238448282907,0.011725488,0.05122744,2059.746,3211.50060463466,5312.611308993767,8.00882,-0.050317504,-509.27203,93.9049,-82.34138,15.075652,-11.826843,-41.886257,3.1709359,-12.973222,-18.30336,-9.040562,-9.211028,-5.3017993,-11.363089,-0.1171669,-0.0015208923,0.042719565,0.07032553,0.056725778,0.009967055,-0.03547056,-0.031198874,0.0053653563,0.0020152591,-0.019159537,-0.0011730924,0.011223429,0.004277658,-0.019738099,0.039894354,-0.005155199,-0.0049242284,0.0131499935,-0.0029222188,0.0034334545,0.006577127,-0.0056873425,0.0003056815,0.0049571525,0.0036281848,G08_D06_C_7_Saskin_C5.wav,Surprised
0.0870351127263231,0.0624585608599081,0.007882636,0.052191533,2137.4326,3027.4199631034207,5351.257834261838,26.819061,-0.00017026864,-521.4056,126.86648,-67.89089,74.99245,22.364763,-8.054765,15.280744,-21.797688,5.316659,-0.7987266,-12.773712,6.455803,-7.862437,-0.59005564,-0.11696346,0.18703382,0.012188521,0.04211876,0.041516893,0.057316314,0.13765348,0.08273463,0.038969155,0.015429574,0.06727657,0.087127686,-0.12643816,-0.12015237,0.03893237,-0.08431232,-0.02506148,-0.013200053,-0.017753849,0.018908283,-0.01407892,0.01412249,0.016543668,-0.009018321,0.0028880322,G08_D05_E_21_Uzgun_C4.wav,Sad
0.0888912013319672,0.0695588866221556,0.010154096,0.05778362,1501.2754,2947.9343722640674,5332.761270491803,26.384113,0.000121346646,-502.4479,141.02148,-41.374847,80.61493,-9.571015,-38.073097,18.5005,-16.79172,-6.832747,0.8194175,-11.306953,-5.9993467,-5.946468,-0.57464516,0.5339295,0.24214217,-0.2965771,-0.052062407,0.070656784,0.015906302,0.09961039,0.09242564,0.033834375,-0.02779729,0.024747437,0.05379746,-0.0021867221,-0.0919441,0.1914492,-0.18224438,0.058539875,0.05213134,-0.05230275,0.027404025,-0.04026743,-0.0044571594,0.01437726,0.03509388,0.030978471,G08_D05_E_21_Ofkeli_C3.wav,Angry
0.0935552069481382,0.074232547240389,0.0060950904,0.01992555,1519.669,3999.899945834215,8089.178856382979,4.686737,0.68280965,-467.02478,125.921524,-48.59669,52.000095,-38.474495,32.780773,-15.263072,-7.8438177,-8.621563,-2.5367577,-4.8354745,-13.612977,7.232048,-0.29732707,0.18856998,7.6851946e-05,0.03759868,0.014719445,0.03519757,-0.012375712,-0.009370976,0.005172935,0.02356438,0.014520008,-0.00063647993,0.005176113,0.04648338,-0.105097875,0.07116898,-0.051627584,0.054809988,0.0050312355,0.04282797,0.0047060456,0.0012927994,-0.006208057,-0.02906593,-0.011704247,-0.025367524,G08_D02_E_20_Mutlu_C2.wav,Happy
0.1723691783665459,0.1611153363223405,0.018720614,0.0824417,1833.16,7002.373829356807,13541.159986413044,11.648564,0.12746108,-433.13568,15.364287,31.146465,54.583374,-0.4022497,-3.8636398,-34.374054,29.473457,-28.768017,-8.027996,-15.001169,3.3699317,-19.539953,-0.15307963,-0.06845055,0.02032808,0.104693756,-0.03365563,0.10125234,0.0069916584,-0.018641513,-0.018711437,-0.0121516725,0.050160278,-0.024374297,0.042733137,0.12913993,-0.17693098,-0.066849835,0.029380934,0.023239108,0.0053373305,0.004635578,-0.021711886,-0.0018047503,0.01922578,0.027055115,-0.01656963,-0.014870063,G11_D01_K_48_Saskin_C5.wav,Surprised
0.1821411814769553,0.1105891370949813,0.019023092,0.061139617,1898.397,5791.850044052202,10360.718728177377,5.9085073,0.057117227,-369.97018,37.451733,-31.553005,33.065395,-36.768436,21.137856,-25.34639,-3.7898355,-11.680746,-2.9862661,-31.724827,3.9949722,-7.357037,-0.7205527,0.07674591,0.0023492035,0.034613933,0.20698373,0.16439834,0.09954911,0.07875849,-0.02660048,-0.028203793,0.079458855,-0.002943926,-0.033156145,-0.051573843,-0.0630676,0.054376602,-0.0023924985,0.05982651,-0.026159415,0.04799501,-0.00485567,0.030471267,-0.009874805,0.033424567,-0.039945524,-0.008141778,G11_D03_E_20_Saskin_C5.wav,Surprised
0.2355014966881793,0.1622661360206407,0.009343597,0.034615092,1517.95,8416.065945520671,13912.90681258492,11.632143,-0.06075044,-503.4248,-3.6937788,43.2691,54.57488,9.448224,23.98687,-27.574469,18.373766,-32.64867,5.9386644,-11.056441,-5.4671416,-14.5065365,-0.839664,-0.008556863,0.20071024,0.08011892,0.06379423,0.028736377,0.014619545,0.11278373,0.062644765,-0.012455129,0.010417146,-0.0015383117,0.046089426,0.007608134,0.0688797,-0.023579473,-0.03233013,-0.057270154,0.008071006,0.033421177,0.022262024,0.012750787,0.019194383,0.048235763,0.04608606,0.040180143,G11_D01_K_48_Uzgun_C4.wav,Sad
0.1045757671734234,0.0853384709174702,0.018369274,0.06905652,1307.3674,5323.401997670653,11281.781830658783,6.6291704,0.27978784,-417.75394,51.8693,-19.428658,-17.77968,-33.93434,-23.961391,-13.324248,5.490243,-31.509838,-12.887651,-0.5996822,-16.510262,2.1696746,-0.27470577,0.30359602,0.09576212,-0.23924878,-0.08376066,0.18965049,0.037091225,-0.14884071,-0.0392166,0.11313427,0.114599876,-0.031302627,-0.0918635,-0.030094204,0.032724816,-0.00046686368,0.018300747,0.029621353,0.017519167,0.0076104985,-0.03435466,0.021167139,0.059890483,0.015971774,0.004030976,-0.017368969,G11_D05_C_10_Mutlu_C2.wav,Happy
0.2754335683021172,0.1488994904983913,0.017327627,0.1281746,894.9893,8563.297443224625,15032.49042523412,38.40234,0.056576975,-413.7651,48.133484,71.95608,21.27402,-14.120852,2.34832,-26.946888,11.527825,-31.840153,12.555188,-11.199061,6.0311594,-10.168751,0.299344,0.12700014,-0.108584054,-0.13557261,-0.1783108,-0.010511019,-0.028205931,0.0017590569,0.013985103,0.029715076,-0.01135974,0.071145326,0.035056733,0.08070407,-0.034114964,-0.22346784,-0.00827948,-0.057872076,-0.012963746,0.07477392,0.03048145,0.076093726,-0.0325738,-0.015628213,-0.007816567,-0.007892774,G11_D03_E_20_Notr_C1.wav,Neutral
0.1869216668801229,0.0895575245795376,0.014073119,0.09210639,1657.1913,6945.874930802429,14257.716244556865,33.077,0.31296057,-376.71158,50.322155,15.499842,9.579185,8.041932,13.119865,-26.313745,-0.64981127,-14.760143,-9.1279,-9.319592,-10.990723,-7.560925,-0.25618026,0.11063634,0.008449797,-0.0955532,-0.0129353255,-0.054797836,0.15385285,0.009100647,-0.05422754,0.10634038,0.09947183,0.018498987,0.03987335,-0.41189942,0.0048521073,0.05308362,-0.071638875,-0.14591272,-0.09042829,0.119775556,0.11790664,0.050998587,0.057048235,-0.038262278,-7.726911e-05,0.040779635,G11_D04_E_52_Notr_C1.wav,Neutral
0.2821380436769006,0.1348421487782988,0.016918153,0.07131613,1812.337,9194.062639414764,16410.88224712171,11.292111,0.42123616,-413.85645,-19.770267,-2.2445247,-15.468336,-13.008864,-9.144309,-17.915594,1.9351007,-37.029964,-7.0927563,-1.7851095,-4.543694,-5.9988284,-0.77825266,-0.019351758,0.29998827,0.18596546,0.17905371,0.16264555,-0.0073544015,-0.16877483,0.048787445,0.015232737,-0.046980686,0.017362412,-0.07058582,-0.36087963,0.008581942,-0.055123534,0.035176583,-0.01269425,-0.029265728,0.022215758,0.043467272,0.0012112905,-0.011437322,-0.015711296,-0.0014011372,-0.0141838975,G11_D06_C_15_Saskin_C5.wav,Surprised
0.2308085839353015,0.1435802781586371,0.023795415,0.13760798,1964.7726,7105.341069613139,11922.848004671796,22.524406,-0.11767897,-381.77664,3.7024465,-10.415554,42.80202,-34.319622,10.410438,-20.357895,22.976538,-23.198997,-16.175737,-15.530971,-0.95084965,-25.51679,-0.16817087,0.049505416,-0.12769909,0.14819491,0.060209457,0.15416299,0.032635152,-0.11866373,0.045602534,0.044485655,0.009439459,0.0024747993,0.023032907,-0.44908917,0.020383252,-0.022830682,0.0036156238,0.03002114,-0.0032822366,0.018049585,-0.02028532,0.026092395,-0.015465327,0.014944987,-0.0076219286,-0.0059581366,G11_D02_K_22_Saskin_C5.wav,Surprised
0.1856043198529411,0.1179337197865529,0.02136682,0.072585225,1645.1458,7667.89040242754,15694.4384312113,9.176121,0.3601546,-380.31302,20.40276,-10.09382,-37.574444,-21.855465,-13.055401,-26.457727,0.7035804,-22.192785,-16.946672,3.183681,-23.15593,-5.532119,-0.7333942,0.35770407,0.028138058,-0.05093417,0.03455842,-0.04288052,0.037961084,0.05448056,-0.00015213911,0.013449997,-0.035906967,0.033855002,0.020035746,-0.14453268,-0.013633517,0.0004568838,0.11253402,0.07542521,0.041525837,0.06481904,-0.019159192,0.030977728,0.004422105,-0.017370526,0.002355943,0.016906142,G11_D05_C_10_Ofkeli_C3.wav,Angry
0.12515625,0.0978962597515341,0.01439447,0.11209033,1541.176,5462.931427889604,10752.55528846154,58.086765,-0.22501649,-416.62778,53.191483,-12.631724,30.380432,-24.394266,3.3322003,-30.281166,14.071411,-16.599205,-16.22856,-25.56259,-2.136203,-27.395655,0.05093346,-0.117431074,-0.064421095,-0.039574362,-0.09349592,0.11423382,0.06496423,-0.07191693,0.019341918,0.018735003,-0.003933968,-0.021691633,-0.0236714,-0.20718127,-0.13170533,0.035207108,-0.00863357,-0.014479981,0.017918864,0.04862728,-0.00048791885,-0.01548579,0.0029131626,-0.00028463436,0.011257758,0.0389987,G11_D02_K_22_Mutlu_C2.wav,Happy
0.1524722450657894,0.1213822413712868,0.021459062,0.18310094,1575.1029,6967.821071177886,14535.516550164471,112.54657,0.2704504,-387.84332,29.055996,-3.7427683,-29.147646,-10.4624405,-10.524382,-37.91083,-7.902418,-36.538776,-4.7553,-3.194967,-3.1169047,-7.6540422,-0.44884738,1.2027841,-0.114520065,-0.2612074,0.012133695,-0.051291216,0.07202878,0.10407364,-0.007685009,-0.08488316,0.07098553,0.046893265,-0.037887987,-0.3469855,-0.13187331,0.07705647,0.07481326,0.037441313,0.0721976,0.040277235,0.038832832,0.06293609,0.008119358,0.00376295,-0.01093351,0.0077995267,G11_D06_C_15_Ofkeli_C3.wav,Angry
0.1606006210656475,0.1061126332418333,0.014017328,0.08289146,1947.754,6110.674273597171,12757.570818345324,21.071342,0.3835904,-386.8296,57.593716,-6.000075,-10.070927,11.670201,27.966145,-31.555063,4.365575,-2.899713,-26.591684,-14.491017,-2.0295064,-9.213818,-0.75126064,1.2843981,0.16882885,-0.33514577,0.26806337,0.010869931,-0.17345914,0.22467998,0.0136169735,-0.06769865,-0.029879248,-0.0052150823,0.092603065,-0.058018025,0.3280081,0.1139294,0.034174506,0.057572413,0.025319189,-0.018108014,-0.01211483,0.03675901,0.010153527,-0.04920032,-0.023833197,0.018950932,G11_D04_E_52_Ofkeli_C3.wav,Angry
0.1903382152869393,0.1528885281431354,0.014419112,0.056520835,1557.2582,7072.03577576958,13431.491692777045,8.195423,0.16040161,-453.4549,3.3862038,-6.968399,-0.27818826,-35.696133,-19.39989,-8.877031,3.1796227,-33.739056,-11.739624,-0.06799872,-18.683496,-8.188578,-0.48094645,0.016055105,0.20639245,0.14774539,0.28031626,0.16993786,0.06315265,-0.13820064,0.04011263,-0.06388893,0.012524685,-0.010571493,-0.041976154,-0.15888856,0.01263469,0.042353235,0.022594059,0.01761204,0.00515848,0.00315896,0.018899158,0.042226322,0.004352736,-0.0007145071,0.002006817,0.012200363,G11_D05_C_10_Saskin_C5.wav,Surprised
0.2134797312868731,0.1266595829533748,0.010187944,0.05192939,1897.0,7637.988744167092,14774.635733545354,18.21638,0.39658642,-428.0159,38.394936,27.099142,17.143856,18.788544,17.169167,-33.89628,0.28223285,-7.648756,-10.865624,-17.796558,-0.6908825,0.5176847,-0.65274554,0.16989738,-0.037260372,0.15703493,-0.0028683934,-0.032854997,0.14920944,0.043834254,-0.028920908,0.073425665,-0.0104080215,-0.04088524,0.007945694,-0.24248746,-0.09455115,0.007423893,0.06815695,-0.07755239,0.009424226,0.10187325,0.049385734,0.03236317,0.004872897,-0.022561073,-0.034644764,0.021719094,G11_D04_E_52_Uzgun_C4.wav,Sad
0.2439105694110576,0.1268591410359278,0.0193131,0.083482,1653.6357,8413.515749799657,15215.071458082934,17.022186,0.23423512,-380.9746,13.041417,18.295599,10.299684,4.081513,2.8225887,-28.657871,-6.4112406,-31.223515,1.8355634,-8.99354,-9.237857,13.254529,-0.6738814,0.049308214,0.4064968,-0.0151437,-0.07376871,0.21599907,0.19151609,-0.0013759916,-0.024841491,-0.04798142,-0.028597742,0.07763957,-0.049111605,-0.21337418,0.07014699,-0.019032527,0.06403139,0.029907051,-0.020179888,0.012543945,0.017155128,0.034028236,0.0001854973,-0.0015446919,-0.009738873,-0.008023885,G11_D06_C_15_Uzgun_C4.wav,Sad
0.2829204358552631,0.1254191339324846,0.018853003,0.08939258,1900.1896,8843.971280494183,14343.30910130551,13.88415,0.014951476,-384.78018,-7.4658003,5.1873107,22.497221,-15.243695,-7.1749,-43.199127,15.786713,-42.435093,-11.905964,-32.655174,3.4418278,-12.099271,-0.6919977,0.42168215,0.010426904,-0.20306902,-0.06608373,-0.01941238,0.08830549,0.12284871,0.043270595,0.011941798,-0.03076171,0.03584999,0.028806182,-0.25436562,-0.11164595,0.09177734,0.04742415,-0.0096909655,-0.012688439,0.0026846584,0.009438565,0.042635012,0.029068613,0.015082422,-0.018118884,-0.024604067,G11_D01_K_48_Ofkeli_C3.wav,Angry
0.1771950316584967,0.1239683948681673,0.0132282935,0.0624558,1995.0835,6561.2438910381725,12434.087775735294,16.901844,0.0017145476,-424.2645,36.381313,-4.2381597,42.389988,-11.894116,0.1177803,-42.50219,13.628314,-31.021261,-10.083183,-26.70024,-3.479376,-6.9426055,-0.18966281,0.3421761,-0.068996035,-0.090203874,0.085654765,0.08389987,-0.04009727,-0.07746012,0.064875424,0.027339444,-0.0026441836,0.05532124,-0.02627695,-0.3009109,-0.18916154,0.024241513,0.034547567,0.02924916,0.0043295114,0.003548029,-0.052794687,-0.073607475,-0.031034267,-0.009464619,-0.007891382,-0.024377456,G11_D03_E_20_Ofkeli_C3.wav,Angry
0.1540447443181818,0.1185253324233164,0.018206486,0.1947735,1453.2802,5829.904932251257,11159.523792613636,74.75496,0.057537977,-396.76865,50.940197,5.3151393,39.02986,-29.12136,11.536068,-25.28586,23.24394,-19.276924,-17.621971,-16.344402,-5.9777718,-20.552763,-0.3608335,-0.1226598,-0.075709425,-0.057635747,-0.1465805,0.059902716,0.14394408,0.13306116,0.10480479,-0.04185223,-0.03403896,0.08887318,0.07680064,-0.058014244,-0.16655171,-0.09871529,0.1123513,0.10107939,0.013784969,0.11276525,0.01766268,-0.024772234,0.0017468279,-0.03467823,0.09064385,0.056564506,G11_D02_K_22_Notr_C1.wav,Neutral
0.0942566081601876,0.049267457107894,0.023113294,0.091759585,2030.4926,3197.125804326683,5148.521280160858,7.1705256,0.33365896,-474.77982,83.22245,-115.47119,21.644726,-22.464378,-67.66589,-8.042221,-23.424559,-29.146532,-13.318499,-12.844385,-13.117285,-10.438898,0.062317252,0.06850379,-0.15218638,-0.06957177,-0.005876628,0.052157782,0.04550987,0.023852257,0.03429753,0.09397575,0.03756169,-0.051922612,-0.030719144,0.0015641742,-0.09513321,0.037615728,-0.091612615,-0.10639389,0.026590902,0.013846763,0.02126182,0.019783035,-0.0043912753,0.0011365945,0.030111065,0.027205933,G08_D01_C_7_Happy_C2.wav,Happy
0.0832667731629393,0.0530987346944758,0.010393883,0.03532755,1680.6471,2924.474664307813,5485.573083067093,6.4861345,0.38428912,-477.9149,157.18138,-72.48607,78.96393,8.4404,-23.146313,11.471843,-33.853596,-13.236927,-10.441234,-13.863459,-2.1014612,-15.184629,-0.8222641,0.27861848,0.24152511,-0.19460717,-0.03362067,-0.068867475,-0.089830525,0.0772529,0.042073283,0.07188397,0.057257187,0.012237622,0.002483039,-0.09119576,-0.28178498,0.13794497,-0.06872086,0.028238796,0.077405505,0.0052194293,0.049408775,0.03883296,0.004395312,-0.017747113,0.030365277,0.016067877,G08_D06_M_49_Furious_C3.wav,Angry
0.0810235206117021,0.0610267118705792,0.0050539603,0.015445334,1729.0529,2706.613927015035,4797.124335106383,10.031687,0.7280634,-552.0367,178.34833,-73.07439,47.63629,15.190247,-17.868748,21.984686,-6.7265973,-7.3930197,-9.8499565,-10.566157,2.2686455,-5.7652717,-0.56597686,0.059387263,0.12370977,-0.17128907,-0.020793881,-0.032642853,-0.074033864,0.12868282,0.14085902,0.05011516,0.026450362,0.019672101,0.003635163,-0.044136383,-0.23142543,0.046279423,-0.06812549,-0.017466316,0.002610599,-0.045916017,0.025026496,0.014124586,0.027412107,0.02796977,0.0020075825,0.016243724,G08_D04_M_22_Furious_C3.wav,Angry
0.1128768035817865,0.085080866670688,0.005474156,0.03224317,1858.0182,3486.2154805151868,5288.500580046404,16.676514,0.37089896,-601.2737,112.144966,-85.949646,25.812813,-8.699263,-31.10758,10.148616,-13.666386,-12.020919,-10.18469,-8.331701,1.1074898,-11.742411,-0.56859624,0.097013794,0.12534039,0.04870309,0.093399286,0.12625217,0.0672238,-0.002275343,-0.020536838,0.021479916,0.027077924,0.0023227474,0.00311091,-0.023487188,-0.22204791,0.16939324,0.038227413,-0.04521813,0.04247039,0.018976906,-0.012425389,0.014084375,0.036725003,0.031762432,-0.0113124335,-0.012709811,G08_D03_F_20_Shocked_C5.wav,Surprised
0.0782377860915493,0.0612688202171736,0.009588353,0.040897187,1828.3772,2891.3724849899577,5063.62235915493,9.183981,0.31047267,-526.2358,138.74931,-83.5495,44.86619,8.46064,-26.688396,7.144177,-19.729082,-14.265302,-14.63947,-18.60515,-6.2598343,-10.702476,0.35358942,-0.25658908,-0.34189558,-0.041607507,-0.12627614,-0.0010773658,0.046378177,-0.058310855,-0.026068293,0.04413209,0.09863157,0.06953003,0.038151186,-0.12945579,-0.02427649,0.19206317,-0.10941013,-0.055091567,0.011039424,0.032234095,0.052698005,-0.032143272,0.033673108,0.036167834,-0.0029937213,-0.00074677804,G08_D05_F_52_Happy_C2.wav,Happy
0.101025390625,0.0677274416478618,0.011603705,0.05360841,1866.38,3127.4016119160774,5032.6171875,13.432241,0.07823396,-497.9256,110.81155,-82.1426,40.04959,-7.2227955,-42.575214,-1.4751788,-24.76504,-7.0585947,4.3052015,-14.319722,-11.197317,-7.191615,-0.34076053,-0.109684095,0.22431798,0.10292037,0.1339667,0.2303377,0.13577875,-0.0008161675,-0.07178054,-0.058088314,-0.051793307,-0.04848696,-0.01104108,-0.13015324,-0.03483616,0.074552104,-0.002766501,-0.0156134125,-0.016943311,-0.020693762,0.022070868,0.030455226,0.019231493,0.015191614,0.012787839,0.005640221,G08_D02_C_6_Sad_C4.wav,Sad
0.11407470703125,0.0732799051441998,0.0053943736,0.028968366,1943.1962,4341.480780041635,7757.26318359375,12.068158,0.2641234,-580.93304,111.07587,-56.726593,55.30558,4.687426,-19.803905,9.647817,-23.824903,-9.802713,-4.6543145,-10.064621,-0.95615333,-8.634705,-0.33401164,-0.031614155,0.16770047,-0.10273786,0.005439276,0.028963951,-0.020080911,0.0035784002,-0.03539134,0.029161062,-0.018626066,-0.07846473,0.0004550619,-0.026369095,-0.02027494,0.0037237927,0.005408127,0.008377964,0.016713751,0.010149206,0.008969949,0.011616705,0.008578976,0.00605576,-0.0037784465,-0.0034934827,G08_D06_M_49_Shocked_C5.wav,Surprised
0.1157565104166666,0.0689824754756094,0.008841497,0.052105308,2192.6738,3334.1735618193516,5276.125,22.136587,0.15006906,-531.4003,133.02182,-87.68521,62.322693,16.117874,-32.282894,18.094393,0.39898896,-5.8809524,-8.868822,-11.394178,-0.8079224,-0.6434292,-0.33163917,0.18937522,0.07104645,-0.049033508,0.04682708,0.19565487,0.14555922,-0.018955272,-0.072263315,-0.024229355,0.03368357,0.061536625,-0.00540634,-0.225171,-0.3202726,0.11054739,-0.02350674,0.008340172,0.0670541,-0.027826462,0.010466599,0.05869753,0.018448677,-0.0091134235,0.0012598718,0.018385272,G08_D04_M_22_Shocked_C5.wav,Surprised
0.0781870249155405,0.0522477280897788,0.0042215115,0.013918685,1825.0504,2829.482688434105,5335.19847972973,8.136961,0.45788732,-595.4133,139.97028,-40.71923,72.814865,19.89063,-31.604645,1.5217892,-11.556993,-3.8844774,-9.610171,-15.013627,-0.42886114,-11.137292,-0.34086317,-0.08529649,0.14497003,0.03620991,-0.12496674,-0.032716323,0.024837859,-0.056614447,-0.03222194,0.034556475,-0.007940854,0.010732838,0.07566401,-0.30924547,-0.14964633,0.19042672,-0.008999819,-0.002119224,0.0382357,0.0025585992,0.025398182,0.008077887,-0.0004679493,-0.013752131,-0.0067671235,0.011717601,G08_D06_M_49_Sad_C4.wav,Sad
0.0995175032665505,0.052653088410655,0.01252642,0.042672735,2067.0642,3177.220641103421,5063.398301393729,7.2950363,0.46353757,-482.64514,140.39896,-107.61075,53.01223,8.59399,-31.961306,14.18224,-15.471966,-15.824614,-16.546427,-15.45256,-8.737478,-19.213362,-0.8251847,0.25427988,0.24869764,-0.22168283,0.102478094,0.1247015,0.06335995,0.2034426,0.09918533,0.040800028,-0.026790084,-0.028318375,0.019786928,-0.20364143,-0.3556272,0.17442185,0.09640281,0.08037999,0.04398369,0.06345776,0.07099374,-0.029812494,0.028338183,0.019432932,-0.034588996,-0.004755249,G08_D05_F_52_Furious_C3.wav,Angry
0.0566586488045302,0.0404051444238786,0.008774565,0.027323231,1419.4971,2420.802867205474,4261.849832214765,4.882045,0.81331295,-530.19824,134.48967,-70.972694,8.397301,-16.798035,-28.791687,-11.247682,-34.61511,-6.0952597,-12.540034,-23.941757,1.1628078,-9.046295,-0.35141528,0.2680574,0.06578451,0.066061646,-0.07399134,-0.020511234,0.045511827,-0.052750874,-0.006642953,0.09490457,0.114383355,0.07951821,0.033815537,0.16345848,-0.20791519,0.0519026,0.019014902,0.052519146,0.023176432,0.010998924,0.07228622,0.02338485,0.020383973,0.030875813,-0.016513199,0.004355242,G08_D03_F_20_Happy_C2.wav,Happy
0.0773343373493976,0.0555524015430388,0.013368621,0.06210216,1702.4672,2757.680320367176,4590.530873493976,8.221138,0.13156469,-469.46844,109.62805,-77.967026,6.7896814,-17.926424,-40.06008,-3.3608985,-20.423447,-9.098431,0.47496617,-10.905725,-8.910453,-16.619677,-0.5304596,0.10595365,0.056534328,-0.107615605,0.057062235,0.056194462,-0.031420365,0.011646468,-0.011909449,0.029795174,0.04777492,0.0062471586,0.009801412,0.03421223,-0.12424866,0.12929618,-0.0012161162,0.030415257,0.032832082,-0.01826037,0.012979216,-0.011461414,0.0007819101,0.008946814,-0.010623316,-0.0008968192,G08_D02_C_6_Furious_C3.wav,Angry
0.096875,0.0560530226039151,0.021362945,0.06748366,2036.0371,3305.5644863560315,5452.96875,4.258995,0.47775248,-462.74738,82.75692,-112.40302,24.646997,-27.731188,-60.366062,-6.1487017,-33.45908,-28.046041,-12.146995,-13.440017,-7.803335,-7.021772,-0.63087744,0.15961583,-0.03856661,-0.12783527,0.035909258,-0.032459114,0.037400175,0.14905827,-0.0077804457,-0.039285827,0.018840136,0.024502836,0.030619796,0.08075027,-0.13276592,0.23038256,0.05967272,0.096098445,0.08115118,0.001899993,0.050433904,0.030659605,0.0346342,0.034826297,0.024327407,0.04570736,G08_D01_C_7_Furious_C3.wav,Angry
0.0967360769356955,0.0612516660954369,0.009301674,0.03973123,2136.1113,3095.091507405413,5009.842519685039,19.280928,0.35465515,-535.29004,124.83117,-79.77251,62.71655,32.24949,-26.332605,3.2379699,-14.577659,-15.255703,-10.695816,-13.355584,-8.225455,-11.049025,-0.46386054,-0.061733186,0.2571098,0.04493696,-0.07290194,0.097269975,0.19772157,0.09149944,-0.00352457,0.038805027,0.030230979,0.009064299,0.039892536,-0.16554113,-0.13306773,0.074419774,-0.041736975,-0.011248877,0.025764901,0.027435841,0.041587338,-0.0016166244,0.013084256,0.01750742,-0.009526483,-0.005479999,G08_D05_F_52_Sad_C4.wav,Sad
0.1292903438495223,0.0810019429325352,0.0036845335,0.015096397,1947.131,4301.269324761804,7232.260151273886,12.046543,0.3514697,-612.48035,116.91339,-64.989204,56.750534,8.663702,-17.088787,25.036566,-7.678632,-9.750527,-7.2681723,-7.783672,1.8393703,-5.543776,-0.36664066,0.116810806,-0.1071213,0.22820394,0.12799181,0.014453854,0.081005245,0.0005348898,-0.045988336,0.0009737493,-0.004535198,-0.08453335,-0.08598093,0.16390297,-0.20093057,0.10771201,-0.07701592,-0.11381652,0.04197537,0.01966572,-0.03154171,-0.019636499,0.013816308,0.021345975,-0.00102354,0.017641973,G08_D04_M_22_Sad_C4.wav,Sad
0.0835287404614825,0.0711958128560353,0.004517348,0.020642862,1564.6277,3093.0733587010654,5256.063771802325,10.655496,0.44430435,-590.59546,120.0863,-59.630688,27.27921,-8.956787,-33.941616,13.442443,-10.065717,-20.421833,-10.295725,-11.490411,-7.0538654,-10.1186495,0.085469,0.48036557,-0.0033114678,-0.24489935,-0.17434707,-0.11061947,-0.06444375,0.017449707,0.026940994,-0.022073532,-0.025235774,0.047642376,0.061720975,-0.006500078,-0.12110762,0.07833157,-0.090228,-0.018053629,0.050032526,0.017217617,0.05710308,0.0056046234,-0.01726524,0.03717071,0.015230497,-0.020399189,G08_D03_F_20_Neutral_C1.wav,Neutral
0.1025939755889057,0.0581261297519782,0.015696777,0.046398412,1961.5165,3218.6020306187165,5045.117781155015,6.989259,1.0047152,-488.2827,100.06198,-102.56243,23.555494,-11.25229,-57.458443,-5.237125,-23.431864,-30.857433,-8.934948,-8.37988,-12.908479,-13.396781,-0.14217481,0.29733324,-0.040076908,-0.3050586,0.008126842,0.1267332,0.00015650694,-0.046885956,-0.027818065,0.13502242,0.1395788,0.04074813,0.07594742,-0.04338841,-0.046219412,0.18128067,-0.005787232,0.061453126,0.068337284,-0.02873018,-0.009975516,-0.033670843,-0.006329806,0.03329204,0.0102907745,0.018060582,G08_D01_C_7_Neutral_C1.wav,Neutral
0.0747163987559952,0.0558088437973056,0.013986738,0.04946611,1735.5613,2652.986728028485,4379.946043165468,3.8501396,-0.0057260883,-486.55997,123.520775,-93.24663,11.372383,-21.214676,-46.545372,-0.5203036,-18.704624,-7.86148,-1.4240766,-12.2374735,-6.3606544,-15.106667,-0.20826623,-0.26860437,-0.18201196,0.14926957,-0.03916206,0.012231873,0.07271997,-0.017673008,0.02666284,0.022438753,0.015150703,0.056805745,0.048436593,0.16528507,-0.048239015,0.2053754,-0.105607376,0.015187001,0.04684018,-0.023304103,0.023097368,-0.04823864,0.013554445,0.030247988,-0.007817665,0.0153998025,G08_D02_C_6_Happy_C2.wav,Happy
0.125727416714123,0.0934133886552824,0.0064498223,0.018167028,2173.5483,5085.544846547187,9963.980637813213,2.4090085,0.09652894,-515.77747,56.87076,-55.513702,59.1428,-16.030056,7.628952,-41.347675,3.360321,-32.538025,-2.4612503,-8.773661,-18.43804,-17.447977,-0.5409863,0.009181429,0.20941506,0.13426,0.060584318,-0.054047883,0.008402396,-0.042392056,-0.015409791,-0.07065592,-0.066529766,0.0028363692,0.05548737,0.09806332,-0.017643979,-0.04198421,-0.0044504874,0.0016086694,-0.0668902,-0.029661065,-0.024375364,0.031300563,0.0039736168,-0.01936372,-0.040861912,-0.012483129,G16_D05_C_11_U╠êzgu╠ên_C4.wav,Sad
0.1102309558603117,0.0589565910421446,0.015098985,0.05500079,2290.787,3890.213882811726,6413.16321942446,7.238488,0.09815589,-472.0942,62.228718,-93.997505,27.423954,-30.786264,-37.96589,-27.023115,-3.9243746,-10.9576025,-26.732656,-27.659643,-4.463876,-6.099122,-0.49549642,0.48349196,0.04103417,-0.3211252,0.13118677,-0.16581897,0.08674754,0.07882172,0.08379739,-0.054686833,0.021469062,0.07867362,-0.0025707835,-0.059308436,-0.0018409516,0.059970118,-0.047804795,0.065743566,0.014403825,0.02177607,-0.0028207644,0.021178992,-0.002518904,0.014030366,0.02825797,0.015442662,G16_D05_C_11_O╠êfkeli_C3.wav,Angry
0.1442629256338443,0.070170152311239,0.017422711,0.06435144,2059.3096,4534.768187767586,8445.51518278302,10.792507,-0.07199253,-362.76523,111.487854,-62.39234,47.37102,-32.960503,21.408068,-28.132643,7.06611,-2.9108841,-12.826487,-13.411454,11.467323,-20.187635,-0.3366805,0.13072309,-0.008051429,0.060110446,0.037416395,0.012670562,-0.022560839,-0.07702509,0.03138476,-0.041405328,-0.019692037,0.023630898,-0.052163493,-0.049214408,-0.036735475,0.050307143,-0.10364734,0.059323207,-0.021201145,0.006813488,-0.018972104,0.013007905,0.008481795,0.02870212,0.0010406498,0.00418977,G16_D02_E_20_Ofkeli_C3.wav,Angry
0.1680060325584975,0.1184798431501249,0.0064533115,0.020926287,1887.7928,6467.298918421243,11592.152863300493,6.263789,-0.39215434,-562.231,1.1717288,-37.30956,34.40547,-58.179466,-2.6080122,-37.47698,3.0178325,-37.12326,-7.386461,-14.258734,-2.4826622,-5.227754,-0.5049549,-0.08661471,0.16266584,0.011110635,0.0529607,0.22354133,0.015583753,-0.06644878,-0.031106615,-0.0529572,0.06887526,-0.112034954,-0.021332717,-0.23097971,-0.0033773836,0.07163818,-0.006625171,0.058528654,-0.02358915,0.018472495,-0.021758746,0.0061075133,-0.028218927,0.009170501,0.0068607447,0.054738104,G16_D04_C_09_S╠ğas╠ğk─▒n_C5.wav,Surprised
0.1861787683823529,0.107921556481972,0.016819166,0.07330506,1993.9122,5599.0512700790905,10398.88392857143,9.856997,-0.08238896,-351.94498,83.96893,-61.853413,40.82473,-38.96643,32.131954,-31.244837,11.377262,-19.987158,-0.06367393,-11.96326,3.6771533,-1.3142059,-0.38530877,0.14022762,0.09288713,0.033888195,0.022559516,0.00024935137,0.022704355,0.0024785371,0.04612837,0.036383543,0.027430292,0.051437512,0.004967941,-0.19594312,-0.060661167,0.094683096,-0.06666735,0.04817496,-0.06982999,0.028570548,-0.024429869,0.026443036,-0.0019481207,-0.0015470457,0.0066814832,-0.013276538,G16_D01_K_21_Saskin_C5.wav,Surprised
0.1404129831414473,0.1073282645591292,0.0085840775,0.035838302,1887.5515,5747.831847617601,12161.842105263158,13.387615,-0.042026073,-499.61765,80.40883,-39.384235,5.225721,-8.679405,-9.154548,-46.048416,36.45009,-69.073875,17.939295,-4.5585046,-12.462793,-7.1548033,-0.35727555,0.11138691,0.06293581,-0.07475978,0.060064927,0.035235185,0.08389397,0.07681375,0.003340144,-0.0055912016,0.051476628,-0.010662621,0.017480064,-0.23509096,-0.08663247,0.07874537,0.029801728,0.05517398,0.05678241,0.01826779,-0.06828789,0.08177132,-0.0005255624,0.00089709635,-0.024873864,0.015426329,G16_D04_C_09_O╠êfkeli_C3.wav,Angry
0.2686999736388036,0.1072701983175979,0.028006501,0.21306388,1828.9753,7979.501748620611,13724.884969325154,37.701645,0.05856929,-332.81662,58.25181,-32.155045,48.06064,-46.40012,51.398808,-54.78398,16.656963,-21.908089,11.390843,-9.014636,10.663603,0.27476183,0.10679678,-0.20167796,-0.1362728,0.20553458,-0.0672098,0.025236499,-0.007177985,0.07070717,-0.08815934,0.037319418,-0.053691115,0.024091937,-0.06637697,-0.034073032,-0.0842937,0.067155756,-0.09892648,0.08326954,-0.053917803,0.09688333,-0.026067348,0.04733817,-0.025042415,0.012355912,-0.012095372,-0.023781251,G16_D06_K_24_Mutlu_C2.wav,Happy
0.3230547223772321,0.1152740652567502,0.021615792,0.22770259,1817.194,8446.823083427204,13758.64955357143,74.01597,0.027633777,-348.51636,49.47425,-26.913412,50.673958,-48.503517,47.144367,-46.887333,23.235575,-25.95531,12.117906,-8.428166,5.301376,4.962476,-0.011997564,-0.2203091,-0.19720252,0.28926176,-0.06557555,0.026153192,-0.0010824545,0.05245948,-0.03256713,0.04731936,-0.07457258,0.060204063,0.061342813,0.12620088,-0.076671444,0.09583898,-0.07959606,0.034653198,-0.0714563,0.039693408,-0.023253301,0.03079516,-0.038837127,0.0059591276,0.013151697,-0.025126109,G16_D06_K_24_No╠êtr_C1.wav,Neutral
0.1323005395589465,0.0635551061892985,0.004288724,0.030921083,1960.7069,4647.343306320801,8826.178407190635,25.82052,0.10285838,-565.049,103.53444,-47.450188,16.772324,23.260452,4.78375,6.989878,19.556099,-33.85503,22.88426,-21.280737,12.921358,-9.281153,-0.27441686,0.09046096,0.06662976,-0.038803056,-0.037098564,-0.029774612,-0.0041760537,0.07205293,-0.01664207,0.011176613,0.04440383,-0.035058662,0.08097265,-0.1804512,-0.07433924,0.030596549,-0.029397104,-0.027197497,0.026107462,-0.010623108,-0.041861396,0.059656985,-0.08269104,0.049021434,-0.014618692,0.011650513,G16_D03_E_42_U╠êzgu╠ên_C4.wav,Sad
0.1039032517817982,0.0737874066095543,0.0067217606,0.05183029,1747.0051,4209.4963213249175,8214.84375,27.968313,0.05352564,-509.4173,115.11089,-29.448387,26.188759,17.250853,-0.41266912,4.479177,22.8223,-31.564297,22.52734,-22.311834,11.652692,-7.398942,-0.28699416,0.35910922,0.08848448,-0.027193937,0.010177896,-0.050418083,-0.016139816,0.04539354,0.12414938,0.029337917,0.034902263,-0.034498524,-0.0317308,-0.005403895,-0.07781621,0.054738343,-0.031580575,-0.0212542,0.06672667,0.021941423,-0.04394501,0.09353227,-0.07322977,0.075780064,-0.022462584,-0.027964434,G16_D03_E_42_O╠êfkeli_C3.wav,Angry
0.12297331297762,0.0817940853120905,0.0045107324,0.026581392,1805.6942,4422.533013019747,8457.71356441048,19.203175,0.10316068,-525.18945,132.51297,-44.34843,24.623652,11.284757,-1.4819385,0.7375126,26.135548,-28.18282,36.88979,-32.5195,11.038504,-2.8169723,-0.037126433,-0.020154046,-0.14585212,-0.049728464,-0.0781383,0.0167237,-0.02619598,-0.029860571,0.024788659,0.0659035,0.014402922,-0.058370423,0.045564514,0.052406028,-0.25466207,-0.0024010104,-0.008898454,0.0008643579,0.028714072,0.0041847546,-0.0379038,0.09424852,-0.042186096,0.07229749,-0.03893987,0.016507704,G16_D03_E_42_No╠êtr_C1.wav,Neutral
0.1288693985849056,0.0740286641549349,0.010564831,0.060608763,1856.7316,4342.748302536116,8644.623378537735,16.11172,-0.12256983,-391.7584,122.871925,-46.437252,45.802937,-28.327284,23.505297,-27.997177,0.19127837,-13.57125,-12.688637,-13.461077,6.8717847,-17.599447,-0.3090985,0.15443127,-0.02597544,0.01908657,0.01912942,0.009987651,0.0027046294,-0.022309313,-0.009128544,-0.027176704,-0.00053032616,0.021969113,-0.0050889975,-0.0058081173,-0.05561308,0.068951875,-0.0617831,0.048532594,-0.011425088,0.032659523,-0.018534077,0.010636647,0.0032182257,0.0066573303,-0.0016333276,-0.001129562,G16_D02_E_20_Notr_C1.wav,Neutral
0.2409024765403682,0.0971374220409388,0.006318526,0.07534519,2291.026,7796.877062090587,13912.679266997167,52.06145,0.045463055,-601.85266,-0.072325625,-40.799084,41.37018,-18.426092,8.714973,-26.127556,18.177912,-23.835741,7.234983,-9.496142,9.280028,-14.357325,-0.059336353,0.102497675,0.008200853,-0.09970536,-0.019780524,0.038051818,0.044943374,-0.055331115,-0.0022743416,-0.009266157,0.013770538,-0.03691856,0.014062398,-0.012368649,0.024241095,-0.00695808,-0.011025983,0.007057231,-0.005001287,0.01672598,-0.0069439933,0.0031283614,-0.018980902,-0.0015974228,0.0008968139,0.025660725,G16_D04_C_09_Mutlu_C2.wav,Happy
0.1806395872493734,0.1082303347150525,0.022047985,0.11187995,1851.975,5904.2155063605915,10697.368421052632,15.864183,-0.0072972593,-354.14413,71.056694,-56.068684,42.20695,-48.40224,29.643166,-30.74336,5.654986,-25.578756,-5.505568,-9.575509,-5.017501,-7.8263917,-0.30457896,0.15452841,-0.038143728,-0.03261245,-0.086252555,0.03598799,-0.0077940286,0.012280992,0.02787919,-0.0407361,-0.016522873,0.018581765,0.009795105,-0.026420712,-0.094199836,0.10458339,-0.05615832,0.048268415,-0.05170197,0.008121614,-0.020792432,0.023250282,0.015873978,0.0014744755,0.022177914,-0.00206618,G16_D01_K_21_Ofkeli_C3.wav,Angry
0.3475944967830882,0.1112913515807712,0.02521373,0.22984627,2138.125,8951.361711725749,14169.692095588236,51.84197,0.065530114,-336.87393,30.307201,-28.758766,65.77469,-38.591248,48.565643,-55.95902,21.74076,-25.87802,11.941111,-6.2800345,7.444545,-0.6222933,0.057841342,-0.037490435,0.030776888,0.0525026,-0.040181194,0.04883702,-0.006861249,0.0351265,-0.06835153,0.005641003,-0.04543144,-0.03006272,0.0014264962,0.014189681,-0.116292395,0.08556994,-0.054848038,0.07386974,-0.06931994,0.062290493,-0.026501201,0.06194393,0.016948044,0.03534586,0.02460188,0.012156828,G16_D06_K_24_Ofkeli_C3.wav,Angry
0.1156827718904703,0.0723795384390602,0.013309571,0.045135602,1689.4796,4972.671596216204,10116.007889851486,3.700532,0.1446278,-386.08725,93.107216,-46.61785,36.30025,-38.008995,26.083414,-35.557976,4.339968,-19.88398,-8.299954,-11.77449,-0.92877597,-6.77014,-0.10308573,-0.07591502,-0.042436324,0.073992014,-0.06218091,0.04018194,-0.026455501,0.007772361,0.015874716,0.066329956,-0.04524892,0.015052202,0.0597558,-0.009378167,-0.075643726,0.04496823,-0.08844556,0.08527531,-0.056213003,0.05843392,-0.017759439,0.0377269,-0.01159853,0.0066896947,0.010241297,-0.009784281,G16_D01_K_21_Mutlu_C2.wav,Happy
0.1231749487704918,0.0649346592549123,0.0117738815,0.07808257,1925.1145,4504.187123934153,8713.370901639344,19.32307,-0.0054935794,-386.12634,108.17633,-51.056545,54.56904,-25.44905,25.640032,-24.371864,-3.944632,-14.991261,-6.882822,-16.754906,-0.4673218,-14.2138405,0.086827,-0.08845028,-0.11403355,0.092667595,-0.047407206,0.051559098,-0.088898286,0.0148945525,-0.013815822,0.004138196,-0.016741399,0.0115771135,-0.023352057,0.04054208,-0.08900419,0.10409291,-0.07429761,0.01836749,-0.011385885,0.0063834516,0.0100000715,0.019457597,0.005989708,0.019153371,-0.016772443,0.0137224,G16_D02_E_20_Mutlu_C2.wav,Happy
0.0793295575526052,0.0642954356907687,0.0085250605,0.046826895,1979.9752,3845.500259793665,7269.476452905812,8.06598,-0.11215661,-544.9504,53.516537,-64.343575,15.532414,-40.408844,-32.302856,-29.481714,-4.2741036,-13.657638,-27.337013,-8.752537,-8.278612,-5.6587963,-0.35391945,0.035523497,0.10105226,-0.0396475,0.16057076,0.0013596042,0.016385932,-0.032939963,0.0049389666,0.026913805,-0.012186912,-0.00803574,-0.018034367,-0.15512158,0.0009040259,0.08707549,-0.036518544,0.012473382,0.023357095,0.016411437,0.008507321,0.012949842,0.006923136,-0.0009062945,0.021493083,0.0010393359,G16_D05_C_11_Mutlu_C2.wav,Happy
0.1333871905723314,0.0835327727639205,0.011046092,0.034903046,2024.6208,3814.374871375144,6741.2232816889045,13.171156,0.4067183,-496.8725,108.858215,-86.320404,54.697945,-16.338894,-10.889865,5.7953634,-37.344303,-0.0061014798,-11.401909,-11.492581,-0.14391379,-10.929164,-0.65979594,0.17700006,0.011942338,0.19940653,0.2031697,0.18211244,0.17866442,0.023596201,-0.047824815,-0.025428293,-0.017999427,0.008070924,-0.021775173,0.08217399,-0.15757085,0.19894865,-0.120063566,0.05946779,0.05827373,-0.0009545168,0.043853417,-0.03907765,0.02697705,0.039172515,0.023561606,0.033847984,G01_D08_C_14_Surprised_C5.wav,Surprised
0.1687358290615142,0.1501427384793634,0.01356655,0.0660208,1955.8036,6704.792169492536,13892.176563732257,15.00313,0.16507095,-436.47162,19.908184,-23.963106,-7.045176,-5.6235075,-7.7630963,-36.15048,-1.6835843,-24.227304,-6.5661683,-35.358765,0.14194293,-21.50399,-0.40146294,1.2404966,-0.08942317,-0.3097203,-0.034223184,-0.21390913,0.062544614,0.025415367,0.06996526,-0.12605543,0.03524524,0.051989138,-0.042817216,-0.123970486,0.20148295,0.08150936,-0.0031125522,-0.0037132856,-0.051585615,0.023375498,0.04229142,0.021291059,0.010181848,0.081311904,-0.030726507,0.020523185,G01_D06_F_29_Angry_C3.wav,Angry
0.1683419481271043,0.1432977895619805,0.0070898733,0.04467366,1976.8926,5848.559382285717,11230.181699810606,26.396301,1.0762275,-500.75925,32.843723,-19.827797,21.793222,14.829551,5.754658,-36.153404,-20.477316,-38.598602,3.3054726,0.7779815,-10.860896,-8.781519,-0.5713056,0.070646085,0.27852663,-0.01324337,-0.0035614148,0.15576665,0.24642214,0.07702787,0.00096796657,-0.09327114,-0.094106585,0.033727054,-0.022595393,-0.36779562,-0.14132063,0.17426953,0.050486907,0.06327092,0.037314676,0.059610914,-0.07670538,0.07730109,-0.012207991,-0.031257357,0.014549584,-0.016419752,G01_D05_F_20_Sad_C4.wav,Sad
0.0688198075095057,0.0746287173098357,0.009910457,0.049110785,1790.363,2706.036450178837,4916.8572139377375,14.177227,0.36623985,-524.7352,111.668594,-64.04778,50.81294,-5.114594,-27.31731,-9.331564,-26.80552,-1.4052243,-20.630884,-16.917364,-4.396258,-20.354136,-0.40089455,0.016295226,-0.046071157,-0.18907472,0.0008774239,0.00423889,0.018672667,0.13014619,0.047593374,0.00479308,-0.0051238853,-0.032153055,-0.008752503,-0.13739678,-0.19275165,0.055313397,0.010855457,0.11334998,0.11232009,0.05295795,0.042482086,-0.003511001,0.027466223,0.044976287,0.027094632,0.024676241,G01_D01_C_11_Angry_C3.wav,Angry
0.1006247179602888,0.0683988759199659,0.0026308557,0.008907674,1404.6572,3159.693679769923,5757.916325868682,12.330275,0.4666449,-600.333,143.06721,-42.10757,51.673637,-32.996525,-14.448389,17.873886,-26.879862,12.915983,-14.211791,-17.783278,2.6252716,-11.066284,0.24998072,-0.24717489,-0.4909962,0.06439369,-0.030901032,-0.055672534,0.036922943,0.066759974,0.09737791,-0.013958608,-0.0339244,0.06008779,0.14071457,0.26762354,-0.25751188,-0.0050434154,-0.1399315,0.0047556646,-0.00092970766,-0.06574962,0.020731155,-0.03981819,0.028133268,0.0050849346,-0.023892026,0.04916491,G01_D02_M_18_Neutral_C1.wav,Neutral
0.1921648599697231,0.1558309020791866,0.0025088917,0.009577006,1653.9197,6880.873195588542,13933.249080882351,7.322465,0.31052506,-598.6589,34.966576,20.90062,12.381274,-7.624331,-0.25298533,-24.74686,-3.7639735,-15.352716,-1.5497546,-15.415725,-1.6901301,-16.736338,0.2531677,-0.33573893,0.1495342,0.117263556,-0.08188909,0.15727036,0.113503225,0.14203839,0.11022498,0.06022436,-0.13973612,0.06515626,0.042807348,-0.22551242,-0.02726607,0.10585379,0.026739748,-0.019538494,0.0069994167,0.05948305,-0.02837442,0.023431879,0.0039370484,0.016515812,-0.0072489907,0.04134085,G01_D06_F_29_Sad_C4.wav,Sad
0.1625526374113475,0.1071394733765372,0.015629536,0.052190162,1870.727,5663.415998129678,10984.606154421544,6.086335,0.2647103,-438.80734,31.941042,-49.486797,-3.3569207,8.896238,-1.7361732,-41.539738,10.79087,-46.269714,-12.426178,10.284578,-27.491886,-25.42616,-0.55417573,0.08457751,0.013466287,0.24885987,-0.06487258,0.03012745,-0.011346695,-0.11693354,0.016044833,0.092495576,0.15557797,-0.0867743,-0.06635586,0.066186495,-0.23723927,-0.03016671,0.035433605,-0.10552561,0.0020277821,0.13864936,0.098664306,0.024644054,-0.06578684,-0.04271282,0.05099319,0.064981386,G01_D05_F_20_Happy_C2.wav,Happy
0.1589483123978758,0.1452091233257494,0.005162213,0.021761382,1882.6576,5713.779601237241,11100.084731158087,10.444769,0.2615812,-542.957,43.09458,-19.169819,1.9159697,-1.0024215,-14.254479,-27.554512,-0.8722706,-17.447268,-7.2101355,-10.99066,-1.4286537,-12.296417,-0.59886485,0.17013694,0.24536288,-0.12238352,-0.11241098,-0.02752736,0.01055849,0.16412777,0.15309465,0.09444077,0.06642022,0.077797584,-0.032961626,-0.070213065,-0.08980718,0.17725168,0.016256738,-0.032139808,0.011330121,0.09154877,0.04860166,0.040297996,-0.0010107047,-0.010886569,-0.014373929,-0.010301356,G01_D07_F_25_Neutral_C1.wav,Neutral
0.060786265807393,0.0494954383985918,0.0038072055,0.009927991,1234.8816,2815.57329056611,5363.778460907101,4.1382065,0.7404622,-597.8925,130.33871,-54.976387,45.100292,-25.009216,-8.957932,8.880172,-37.85592,-1.3406477,-20.872007,-23.99598,-2.092781,-18.843887,-0.17940222,-0.07283542,0.0039538075,-0.0057781828,0.044630103,-0.010425063,0.1409796,0.06514216,-0.15923978,0.09443194,0.09756432,-0.07899367,0.00034752337,-0.2168063,-0.18378878,0.05869317,0.02355101,-0.07917162,-0.031954113,0.082374215,0.0760534,-0.028485695,0.020212753,0.0117077,-0.026978541,0.019133676,G01_D02_M_18_Happy_C2.wav,Happy
0.1282393692323825,0.1144199856315077,0.015267084,0.05876815,1893.203,4410.749537612488,7265.794096057047,9.158949,0.11939525,-446.17538,74.82861,-68.97512,14.155191,-2.7916577,-1.6583358,-20.089785,0.40071648,-42.9774,-18.326365,-16.91458,-6.347233,-32.447735,-0.8431039,0.26462293,0.19702676,-0.053141166,0.036671273,0.0011439611,0.14308348,0.057423156,0.06693742,0.06060631,0.028178202,0.013245986,-0.009132526,-0.26334304,-0.15121703,0.11160524,0.062108744,0.06274536,0.01965352,0.13117506,-0.09218957,0.04014502,0.05646325,-0.030872796,0.0064085755,0.0470177,G01_D03_F_23_Angry_C3.wav,Angry
0.0519802954889112,0.0458729556016246,0.00669748,0.02104838,1539.833,2168.892472320784,4225.456976121472,6.176853,0.20237342,-528.78784,160.15619,-47.909267,61.237114,13.479544,13.141508,27.758709,-24.481817,-3.243169,-5.6574893,-12.358229,-6.444358,-18.207775,-0.45299262,0.44125226,0.5344768,-0.29308608,0.075848855,0.058328565,-0.023235729,0.09529481,0.19181827,0.22085473,-0.0398237,-0.021396853,0.057887472,-0.1964883,-0.3395288,-0.11553822,0.081006415,0.03183659,-0.005717589,-0.021473657,0.028665135,-0.047186937,-0.062910646,0.0100192325,0.0117617035,-0.0025716962,G01_D04_M_20_Angry_C3.wav,Angry
0.0775448638613861,0.049268670916843,0.0072132377,0.023484867,1598.7198,2542.4744060376556,4763.741491336634,7.87833,-0.18509668,-494.76138,161.87064,-59.26431,49.946323,-0.8540728,1.393754,22.547884,-27.898798,-4.0003543,0.24264376,-11.718483,-13.987639,-16.695671,0.11696285,0.09714906,-0.21051209,-0.052738465,-0.13809508,-0.007128851,0.003681164,-0.108259395,0.031346552,0.08695969,-0.04717343,-0.0318034,0.108564675,0.039403807,-0.2492383,0.07617637,-0.146371,-0.058260374,-0.040299866,-0.036270134,0.059679918,0.002805104,0.027812224,0.02000308,0.0062851026,0.024254667,G01_D04_M_20_Neutral_C1.wav,Neutral
0.0858421454124579,0.0766644582558121,0.006088701,0.024013506,1698.4518,3099.1458200472835,5748.350201231061,14.142082,0.43945175,-558.9009,105.116646,-49.794838,33.792274,-17.305996,-26.783987,-7.4830704,-27.974442,-8.215598,-22.96682,-18.094803,-1.3702625,-16.58397,-0.24767686,0.48793766,0.05664593,-0.30225205,-0.16403091,-0.097880155,-0.0053168405,0.11523327,0.024541287,-0.0032913678,0.001642073,-0.0040030787,0.053069465,0.030897545,-0.14954604,0.121521495,-0.07924649,0.01865938,0.0901937,0.05296753,0.06689867,0.047817398,0.048962932,0.01951217,0.033507414,0.042695012,G01_D01_C_11_Neutral_C1.wav,Neutral
0.0779495497881355,0.0542090514194573,0.009917828,0.026762564,1625.7289,2603.497370288642,4919.05952065678,8.906666,0.2424495,-474.3812,156.48663,-61.630096,40.73093,-18.137278,-22.344015,3.2476654,-29.609858,-6.348011,-15.926127,-13.535879,-1.6665095,-14.8077135,-0.37693185,0.31901214,-0.030567518,-0.12926064,-0.19499868,-0.16446386,0.03695997,0.07942081,-0.0069150054,0.0066485177,0.02829313,0.03513468,0.056038737,-0.14232776,-0.29587096,0.1430373,-0.12371237,0.031933155,0.04558119,-0.021018729,0.08071375,0.016003726,0.007493386,0.019924093,0.010197146,0.0356655,G01_D08_C_14_Neutral_C1.wav,Neutral
0.1193381632834757,0.0913370497095871,0.0064810994,0.032665607,2134.525,3799.770855054426,6697.439653445513,16.221766,0.23662187,-577.91,81.32273,-66.90317,60.50938,0.32454115,-16.6613,3.9270005,-26.630156,-6.666228,-15.671242,-13.121898,-5.641452,-16.208275,-0.4118728,-0.008150476,0.3160199,0.009054418,0.10487887,0.12189216,0.013572551,0.054942053,0.05597244,0.0239582,-0.010372852,-0.02807133,-0.05141073,-0.18654098,-0.096375555,0.002921493,-0.040533587,0.03978614,0.0117415525,-0.046727188,0.013501366,0.035090808,0.017642196,0.011000939,0.02762439,0.026672635,G01_D01_C_11_Sad_C4.wav,Sad
0.1537551428439349,0.0879611621225521,0.009512129,0.030372411,1890.7532,6488.2182064284725,13176.791327662722,5.9724674,0.46655843,-456.91678,27.98233,-34.125954,-2.1256099,-12.454844,-1.7920489,-36.132576,-7.7862883,-22.458845,6.8942494,-40.481697,1.1239303,-28.503523,-0.2290332,0.25843033,-0.10102822,-0.06445538,-0.015700921,0.061280467,0.036338545,-0.028175173,-0.08389093,-0.07535442,0.046879772,0.052394092,-0.116201594,-0.035609398,-0.004093822,0.088912554,-0.05559213,-0.049114734,-0.014984361,0.07455933,0.027950674,0.044707566,-0.050545268,0.06706795,0.019762116,-0.004127164,G01_D06_F_29_Happy_C2.wav,Happy
0.2312293419471154,0.1401560858867961,0.013363802,0.04991799,2049.5022,6945.690754535772,11524.759615384615,8.042251,0.074664414,-477.43457,-33.966293,-46.631596,22.095963,-40.219807,-8.248442,-20.542135,-11.047975,-17.753637,2.715681,-23.101168,-7.9780416,-11.699157,-0.58221745,-0.0024113078,0.28752434,0.02952756,0.3395087,0.21781896,0.014752912,-0.040167447,-0.08026791,0.03393508,0.032689583,-0.06634894,-0.07064538,-0.30051172,-0.020602066,0.10315199,0.040665694,0.02916445,0.008097102,0.03713044,0.018631333,0.00964178,0.008869726,0.00051749934,0.0014237532,0.017391838,G01_D07_F_25_Surprised_C5.wav,Surprised
0.1984987842793367,0.1700413793877583,0.0041351113,0.014152698,2097.7317,6616.0843687207325,12284.197998046877,6.9491205,0.24278274,-564.3412,16.190372,-20.310867,29.734434,8.89104,11.102035,-27.940063,-6.4831753,-30.588314,-2.0249174,-8.565817,-1.3365312,-14.300581,-0.6995792,-0.09812586,0.29594868,-0.026323255,0.012212987,0.16561091,0.19472258,0.11742984,0.031191222,0.068146616,-0.010042188,0.036578834,-0.071602575,-0.08582304,-0.045188554,0.02786685,0.018337382,0.041309394,0.0067634,0.022908643,-0.018704286,-0.009616707,0.0038813911,0.017991884,-0.0024544415,0.022663487,G01_D07_F_25_Sad_C4.wav,Sad
0.0902787329445422,0.065227997939055,0.011931119,0.032469377,1557.9698,3121.6633906130846,5943.846452739876,5.3435144,0.37027225,-488.94772,145.18422,-67.185005,45.20549,-14.278181,-24.663887,11.152457,-28.938921,-19.730967,-11.294807,-8.994845,-8.446491,-12.960886,0.2414259,0.06049752,-0.06687915,-0.089347914,0.06888426,0.099172406,-0.07983331,-0.010632408,0.065031275,-0.012661122,0.013735922,0.05498631,-0.017341271,-0.3167475,-0.2898969,0.020265404,0.009577772,0.058882963,0.021988984,0.031429928,0.11063631,0.0027445587,-0.0017242999,0.025582686,-0.024510445,0.0016111992,G01_D08_C_14_Happy_C2.wav,Happy
0.1236132244731104,0.0924614925841612,0.0104997065,0.048829645,2174.277,3878.5963369913406,6472.104662518169,15.500126,0.28070357,-545.67865,83.52737,-91.97757,56.71838,-16.036518,-21.913973,6.9270673,-24.107922,-2.0091124,-21.820404,-10.25241,0.9353512,-18.416334,-0.30780727,-0.07711992,0.28827363,0.24706224,0.2914202,0.28218126,0.026435811,-0.13339001,-0.094809555,-0.048094895,-0.056030944,-0.038865514,-0.011420089,-0.3378798,-0.06940038,0.09375488,-0.11155678,0.04931357,0.023077859,-0.004875972,0.080534466,0.0003210112,0.011886622,0.020449989,0.015385509,0.03940006,G01_D01_C_11_Surprised_C5.wav,Surprised
0.0679629654834494,0.0465064527112731,0.0065638754,0.025825396,1824.936,2425.217465802089,4380.543778582317,8.947786,0.06841993,-527.04144,146.67773,-64.06245,56.70264,26.00817,17.003052,25.293184,-24.074713,-6.64418,-7.9007316,-13.229633,-9.696353,-18.78692,-1.015713,0.079266116,0.23003478,0.040166076,-0.12514593,0.010136568,0.21252383,0.16626011,0.054959595,0.008237965,-0.033205323,0.023355154,0.023977963,0.0446156,-0.26953766,0.18184032,-0.05291538,-0.050679423,-0.02835305,-0.01409598,0.056386244,-0.0075804847,-0.008667746,-0.00796946,-0.013126591,0.011583978,G01_D04_M_20_Sad_C4.wav,Sad
0.0730308657786885,0.0670295494658988,0.0021800674,0.0074655004,1593.098,2868.9409480634868,5334.656922387295,7.276826,0.6201731,-622.16815,134.7751,-46.67202,49.373642,-8.539567,-3.542713,19.70453,-24.460909,1.5530666,-19.82558,-21.189735,-0.6786382,-16.44123,-0.24553393,-0.015899383,0.06429543,0.06655237,0.035677128,-0.04408645,0.021455206,0.10355407,0.03694734,0.007284252,0.028363025,-0.009231779,-0.012452163,-0.28493643,-0.21817558,0.06264817,0.018186633,0.06268604,0.010428409,0.0069262553,0.058942705,0.0069243023,0.047645487,0.045806453,0.010692528,-0.0059278067,G01_D02_M_18_Sad_C4.wav,Sad
0.1671142578125,0.1231390655476012,0.014291113,0.062471803,1782.2733,6027.9859425775185,11815.995649857954,10.407962,-0.01427459,-414.08115,43.82416,-20.885296,29.04701,-16.082794,11.919945,-38.778294,-10.88739,-12.439652,-9.636237,-29.12824,0.82589126,-25.231627,-0.49459997,0.5230917,0.088803686,-0.18796068,0.016550343,-0.17647444,-0.05007454,0.100677766,0.16380885,0.06276779,0.048188422,-0.017748524,-0.002711804,-0.12010767,-0.18663742,0.038117502,-0.011694314,0.06354061,0.088038184,0.06529807,-0.0103572905,0.025197716,0.057264026,0.038557243,-0.025587847,0.028818378,G18_D04_K_44_Ofkeli_C3.wav,Angry
0.1990000603281853,0.0919970256272542,0.020112645,0.08721597,2027.4352,6204.144213442977,11656.52977195946,13.287344,0.12682536,-345.4094,53.21608,-37.911346,28.46311,-19.4544,28.147106,-34.208862,2.0261443,-2.743755,-3.789852,-24.451427,-1.9906334,-25.186237,-0.6294055,0.6705138,0.1399686,-0.29916,0.113460965,-0.02718614,-0.030954406,0.02336625,0.18810707,0.0006212691,-0.009961426,0.018758884,0.058725923,-0.33989,-0.3101203,0.06878243,0.029558133,-0.015445494,-0.0131376255,0.12261031,-0.037243105,0.03877775,0.016765313,0.008537145,0.016270906,0.0018274711,G18_D02_E_53_Ofkeli_C3.wav,Angry
0.2238506331319702,0.1187193273519844,0.028211037,0.09761125,2210.7166,6503.637084840837,12514.31317524396,8.80474,0.053305216,-324.34213,47.160534,-42.656364,26.063292,-17.91379,27.233194,-39.988964,17.460974,-9.14372,-7.807502,-27.158308,20.613935,-24.669178,-0.15550442,1.2223777,0.21673977,-0.4610798,0.17730637,-0.27489138,-0.11305648,0.024776388,0.2408787,-0.19000033,0.05083307,-0.043710716,-0.025037985,-0.28616402,-0.052981034,-0.00979938,0.0031261444,0.07544085,-0.016934706,0.086408176,0.008577655,0.023335515,-0.0020991932,0.04197301,0.020824444,-0.02644164,G18_D05_E_18_Ofkeli_C3.wav,Angry
0.1306816909921203,0.0665366012227227,0.020990558,0.0601966,2053.0532,5087.039434161012,9875.10227323603,3.923596,-0.0033219052,-374.24786,44.04331,-61.35348,15.976244,-24.269045,-9.105816,-48.19056,10.73869,-26.217228,-14.020943,-5.862774,-18.585073,-13.780953,-0.6138175,0.0402037,0.07782106,-0.13352872,0.05794317,0.12499988,0.14003241,0.027656265,0.026416555,0.03751665,0.02077083,0.016987732,0.0017400922,-0.08534937,0.018596862,0.04840547,-0.009729859,0.07734895,-0.0204542,0.023065023,-0.017698692,-0.009749159,0.008142947,0.0027121787,0.009583046,0.018369375,G18_D01_C_11_Mutlu.wav,Happy
0.0899133057336182,0.110054587333146,0.013028801,0.050244723,2093.6404,3727.758770599204,6414.6246494391025,6.368428,-0.2972608,-511.5779,71.24158,-72.538376,15.063128,-5.324332,-46.529152,-5.363701,-34.69724,-10.476059,-27.364452,-27.50353,-10.327422,-17.657833,-0.061310858,0.22971438,0.03372199,-0.28915542,0.12495311,-0.021067752,-0.015865332,0.2381768,0.05771716,0.04306546,0.037567448,-0.04539276,0.0664887,-0.036475368,-0.18508376,0.012678943,0.04919636,-0.0005322562,0.10974927,-0.036130793,-0.023030194,0.032757174,0.05822166,0.018811725,-0.014535235,0.031642944,G18_D06_C_7_Ofkeli_C3.wav,Angry
0.1897324474617903,0.1238111829388023,0.009924427,0.069773756,1851.4722,5988.9595767205265,11968.699679312229,35.941883,0.13943307,-401.10977,72.73646,-13.023339,14.709683,-8.3408785,19.636232,-17.142792,25.694775,-19.764933,-1.3315818,3.470257,1.5298473,-12.6514435,-0.8233972,-0.115872614,0.2360068,0.09593963,0.055116795,0.052919045,0.108870246,0.014904988,0.01676586,0.1546442,-0.06407995,-0.022845006,0.1634008,-0.3357521,-0.1258667,0.1089246,0.059549294,0.015964696,-0.09011098,0.13468988,-0.02345458,0.08690839,0.07165073,-0.05560561,-0.024944896,0.046208367,G18_D05_E_18_Notr_C1.wav,Neutral
0.2061797145328719,0.080479362798056,0.019981395,0.06609929,2054.667,6153.608175789644,11529.875378460209,8.62622,-0.15345827,-332.19788,54.763664,-39.39941,38.88278,-13.896525,26.386204,-32.167713,2.2053528,-4.0232778,1.6123871,-27.785719,1.0288677,-19.963434,0.09433974,-0.16986467,-0.3738201,-0.15402627,-0.11714934,-0.2028595,0.05429703,0.05882159,-0.07334563,0.06005011,-0.024277624,0.05940947,0.079262376,-0.09426762,-0.02276247,0.0906655,0.029908372,-0.0065912236,-0.051920444,-0.034358576,0.038185086,0.014735641,-0.038954463,0.023467172,-0.038133387,-6.731984e-05,G18_D02_E_53_Mutlu_C2.wav,Happy
0.20552734375,0.1602526368922534,0.013038014,0.071070775,2050.5278,6349.483908546386,12359.9150390625,13.420919,-0.17994644,-422.0121,47.915627,-34.943275,12.97904,-7.932029,12.491204,-18.112398,8.185555,-22.198622,-5.3049054,-13.925215,5.947239,-18.954252,-0.48307648,-0.1938063,-0.100422494,0.19748268,0.11435173,0.32037967,0.24757461,-0.041257508,-0.057686184,0.087570965,-0.0008689753,-0.038018446,0.009888795,0.12875831,-0.22975674,-0.08526043,0.022476263,-0.0034336695,0.070219405,0.028805912,-0.096535474,0.046452675,0.038606204,0.03243402,0.027557869,0.062960014,G18_D05_E_18_Saskin_C5.wav,Surprised
0.0864688162076271,0.0772823692116576,0.0096339965,0.051205274,1574.9379,3648.7823211196305,6634.635361493644,10.445476,-0.0045974106,-516.7852,101.062126,-51.423332,-14.152519,-27.300411,-43.13123,4.278087,-28.753952,-0.7492184,-20.439968,-22.040327,-8.183663,-14.601286,-0.2353782,0.12369444,0.091002226,-0.23087592,0.10352561,0.07034468,-0.07190521,0.036050856,-0.024108285,0.008311379,0.062430702,0.018065078,0.039744586,-0.19909291,-0.10785988,0.14019041,0.11292122,-0.008706776,-0.0018521196,0.068964474,0.08148924,-0.00864075,0.01631703,0.016655428,0.018911993,0.01646595,G18_D06_C_7_Notr_C1.wav,Neutral
0.1371562619457186,0.0882423137028042,0.014536286,0.065992355,1652.401,5495.632721747579,10917.59738747133,10.377861,-0.020790882,-395.19812,52.140076,-28.619791,23.12621,-19.68923,17.296381,-40.22799,-12.178793,-7.400007,-9.405048,-26.379946,-0.7827204,-25.511614,-0.06888543,-0.21722646,-0.12754865,0.24765551,-0.0542006,0.02031065,0.07866421,0.03520292,-0.0047141346,0.07235401,0.057612278,0.0417996,0.047157165,0.020475639,-0.11174157,-0.020679457,-0.008425086,-0.030744506,-0.057785437,0.09107633,0.032624003,0.019484602,0.030921228,0.044191245,-0.014718314,0.030592376,G18_D04_K_44_Mutlu_C2.wav,Happy
0.2230922797509225,0.0747928130469743,0.010902222,0.049359664,1991.6465,6655.365135931824,12439.199074607934,19.788204,-0.016911207,-378.95975,54.566486,-12.182635,35.24068,-15.17665,27.112875,-29.683208,19.655188,1.4680495,-7.003264,-14.069849,5.459722,-15.102294,0.025808413,-0.09568739,-0.05213917,-0.17654307,-0.23295268,0.12993486,0.050556093,0.027313383,-0.124653034,0.058580432,0.14898764,-0.05936757,0.075626776,-0.17658585,-0.054799423,-0.030095808,-0.071650326,-0.03281977,-0.03866869,0.045387775,-0.022385098,-0.004393889,0.0012931542,0.06912601,0.047509544,0.018800545,G18_D02_E_53_Notr_C1.wav,Neutral
0.1274776249141483,0.0868239552010482,0.011730375,0.057592656,1856.2982,5246.041238221792,10872.847806490385,17.098751,-0.12880623,-417.94006,56.95855,-32.59888,11.676807,-26.152962,-12.110603,-38.774357,9.196062,-19.109962,-11.830962,-8.574464,-9.116784,-11.169279,-0.026653437,0.1737144,-0.07593449,-0.081470184,-0.012436248,-0.0011877071,-0.09870219,0.018963704,-0.06927005,0.019798324,0.093261614,0.026475037,-0.0046559703,0.12588736,0.03193777,-0.0071126837,-0.06962023,0.025759595,0.011497971,0.010100593,-0.0062380517,0.0019751498,-0.011815523,0.03780217,-0.02078604,0.01449814,G18_D01_C_Notr_11_C1.wav,Neutral
0.2168968380905512,0.1287058380005029,0.011538359,0.08567962,1896.4325,7012.432749942981,13122.02878937008,32.383713,-0.1419544,-414.05286,35.08862,-16.679293,24.709229,-20.5026,9.345544,-33.39283,15.318063,-21.414242,-0.5835485,-13.032406,-5.977191,-10.952771,-0.19752558,-0.09589824,-0.092287146,0.11004056,0.07904001,0.018749984,0.03969882,0.028413104,-0.017632278,0.05441018,0.03433387,0.040648684,0.012783026,-0.03931485,0.04948971,0.074138895,-0.078521796,0.020209135,0.0037674557,0.024632622,-0.030032106,-0.004729451,0.027629744,0.007981017,-0.006426767,-0.024768881,G18_D03_K_17_Notr_C1.wav,Neutral
0.1815970552884615,0.1218200813036578,0.013230834,0.055957064,2037.7194,6156.025336144295,11458.711838942309,9.339889,0.026817007,-421.5201,35.220463,-35.246994,23.229807,-16.556856,0.90196186,-46.932137,0.9471656,-20.518879,-26.629417,-6.8006115,-6.2446823,-28.689543,-0.19316179,0.15808815,0.00029227624,-0.04796632,-0.02536098,-0.024044964,0.0065795663,0.113529354,0.08701218,-0.006358279,-0.017338715,-0.061508864,-0.00361388,-0.039288085,-0.05828686,0.053148046,0.003932746,0.028192509,0.016179774,0.025967775,-0.01983267,0.016786093,0.05287467,-0.018214568,0.005638141,0.08855778,G18_D03_K_17_Ofkeli_C3.wav,Angry
0.0680904858732876,0.05711598064069,0.011853584,0.043208662,2053.0068,3595.696384546701,6660.426209332192,4.487087,-0.21792464,-527.6268,65.31766,-75.66175,14.240941,-4.141587,-54.568344,-13.859499,-35.717533,-4.520385,-35.13512,-26.848415,-5.6506696,-16.833208,-0.13969462,0.02915016,-0.01713828,-0.19174474,0.0320951,0.07827233,-0.015933912,-0.038647085,-0.044239435,0.042450428,0.016656028,-0.0017467446,0.09394504,-0.16271655,-0.026319576,0.12974243,0.054735135,0.024168804,0.05445992,0.013020897,-0.002202672,0.014521689,0.06431505,-0.0108406,-0.031821035,0.038691785,G18_D06_C_7_Mutlu_C2.wav,Happy
0.1920256597835689,0.101831383888296,0.012851205,0.06950809,1736.8052,6269.477593402995,12390.037682199649,19.585281,-0.09679981,-384.7485,52.885834,-16.530546,23.33525,-28.5597,11.412565,-33.664165,6.4537387,-4.32004,-5.198804,-24.626854,1.6039573,-21.77328,-0.17036615,0.1053748,0.21965362,-0.10525098,-0.16088785,0.071802385,0.10770563,0.11763885,-0.029603105,0.0139437765,0.02046884,0.09942688,0.05852136,-0.15789783,-0.07183288,0.118391864,0.015167836,0.10121752,0.009718206,0.043640587,0.021547426,0.017895369,-0.00059047097,0.03953969,0.012213118,0.040325146,G18_D04_K_44_Notr_C1.wav,Neutral
0.1892886779468912,0.1005421026787232,0.019468991,0.055153113,2173.9097,6054.566163743537,11280.999660986075,4.3079996,0.05996724,-400.33865,15.714247,-63.12806,17.725086,-34.1992,-15.102357,-49.991215,4.0961013,-32.7453,-8.817775,0.6582594,-14.047409,-13.995893,-0.5457268,0.1217065,0.12082829,-0.14753237,0.050564293,0.010260816,0.0065191495,0.038934696,0.10519265,0.029680677,0.05985209,0.03473566,0.05723785,-0.13222744,-0.045087192,0.08988734,0.02332196,-0.0015841939,0.008389327,0.022870138,-0.02838626,0.041555163,0.0054510175,-0.039166152,0.015018379,-0.016499758,G18_D01_C_11_Ofkeli_C3_.wav,Angry
0.1798512528582317,0.1116997978436057,0.0147464685,0.07244461,1871.66,6378.953211587757,11931.95488162157,10.934673,0.03561681,-396.91135,42.359158,-26.560844,23.212765,-20.371819,12.92063,-42.292828,5.1613154,-15.004115,-18.161827,-14.05123,-6.2011137,-19.408958,-0.4870162,0.1311004,0.07383129,-0.11010112,0.008735768,0.063063234,0.19219363,0.0025190318,-0.04322096,0.1194393,0.035044707,0.013893328,0.034854352,-0.037014898,0.0150954835,0.049224366,-0.067332864,0.007978331,-0.036301658,0.07114954,-0.019344069,-0.035527527,0.03399105,-0.00039352442,-0.037243098,0.035226002,G18_D03_K_17_Mutlu_C2.wav,Happy
0.3209071303858901,0.153146860218175,0.034196615,0.145883,2271.7844,8488.086546336368,13835.450051047585,7.913454,0.0704272,-389.13104,-56.01574,-55.126545,25.972967,-46.263466,13.192904,-21.881248,1.2033817,-37.55508,2.968071,-24.024254,-7.6217613,-27.289318,-0.33268535,0.10827223,0.12006355,0.08104472,0.15238033,-0.026185386,-0.041507795,-0.15792905,0.038640495,0.040172793,0.0053793048,0.022736665,0.019113338,-0.16676192,0.035985418,0.073600106,0.012321178,0.042814653,-0.00097363465,0.05730046,-0.011765382,0.014927341,0.0033336766,-0.009456246,0.020979678,0.005196153,G06_D06_C_08_Shocked_C5.wav,Surprised
0.3405050223214286,0.0930717934684011,0.025148604,0.1218243,2223.9841,8117.625284790182,13230.9228515625,15.599979,0.041518524,-339.24332,13.499961,-33.63106,41.51092,-20.208061,44.633434,-39.84977,10.249785,-18.848595,9.533691,-23.207363,10.527486,-11.625797,-0.6955953,-0.08009557,0.1361953,0.050769232,0.1310233,0.15966739,0.18534079,-0.021960296,-0.07522472,-0.00038033622,0.018823722,0.0050299796,0.07067335,-0.26066113,-0.14151743,0.03764528,0.00236913,0.011247449,-0.03793561,0.08285919,0.021801833,0.017123226,-0.020551533,0.020865321,-0.030708838,0.014450453,G06_D04_M_48_Shocked_C5.wav,Surprised
0.1164682937143874,0.0737002841021736,0.011262888,0.04921409,1929.0568,3634.877496523907,6680.752954727564,10.925267,-0.05353688,-489.51318,112.53535,-97.1201,37.411415,-16.578745,-13.395756,8.458161,-45.822525,2.902844,-13.00849,-28.830885,2.0387783,-24.394014,0.4236801,0.11112244,-0.29789641,-0.13863845,-0.07627395,0.050640382,0.046526026,-0.104796484,-0.060379688,0.07018443,0.09906008,0.032105543,-0.011891788,-0.12635185,-0.102455705,0.047530975,-0.074029036,0.038478054,0.04656812,0.004942038,0.06594829,-0.01504067,-0.001156125,0.03329625,-0.013483273,0.0008102672,G06_D01_F_20_Neutral_C1.wav,Neutral
0.1601300105870327,0.101052220012126,0.010982063,0.05521055,2252.6995,4666.908466788651,7562.8835517669395,10.159405,-0.2724981,-492.47745,102.54226,-93.165726,47.600327,-2.826507,-21.374128,22.946568,-19.400208,-2.4998775,-3.0930998,-15.372771,-1.0427021,-17.928516,-0.7807091,-0.12256749,0.15405415,0.06036659,0.15209007,0.1641241,0.04385295,0.081900805,0.057265513,-0.018089911,0.017446712,0.058334786,0.0457586,-0.09977512,-0.25505236,0.09098171,-0.0042985687,-0.03202606,0.058204945,0.024105487,-0.011132117,-0.0041208644,0.0044310805,0.0209444,0.013031594,0.014824699,G06_D03_M_20_Shocked_C5.wav,Surprised
0.2166131132392473,0.1466165086106086,0.018519318,0.085788466,2262.7717,7319.955138149648,14174.05730216734,13.76704,0.5377725,-416.968,-4.1922116,-44.80377,12.049258,-9.1396265,-0.042092927,-29.415743,13.294314,-36.810795,-18.049929,-26.563812,2.021089,-34.68585,-0.85198104,0.06822065,0.24394979,0.17964242,0.1667233,0.11506698,0.11056586,-0.20336607,0.09686997,-0.033002537,-0.01615768,-0.046453465,0.067570955,-0.29399788,-0.028187914,0.0986,0.058246676,0.014253839,-0.018328434,0.007420133,-0.010252805,0.04539337,0.018387951,0.03155317,0.02076724,0.052007183,G06_D05_C_10_Shocked_C5.wav,Surprised
0.127657591841603,0.0945833583044323,0.011562505,0.07454233,1974.4843,4295.3566476743745,7321.727397423664,28.0967,0.0565451,-522.2858,92.08534,-87.884094,46.956688,-18.060556,-22.574156,12.974077,-37.470512,-3.4320304,-19.75001,-30.078403,1.7408437,-23.003593,-0.56162226,0.441248,0.32034758,-0.1932412,-0.040455956,0.042461086,0.04629771,0.16010492,0.016310092,-0.07285549,-0.04313565,-0.052025035,-0.014193979,0.11627355,-0.0008745218,0.19955353,-0.061136212,0.06028262,0.029931284,-0.026540548,0.07865305,-0.012856076,0.026691252,0.041763116,-0.03651553,0.008428151,G06_D01_F_20_Furious_C3.wav,Angry
0.4303136679817276,0.1158764847352616,0.03591318,0.2990508,1958.8508,9857.757454520117,14691.153025072674,35.562782,-0.039586224,-419.493,-35.789204,-16.324488,34.106483,-38.292637,19.528975,-39.72583,17.18228,-32.01844,3.8847187,-20.013678,-2.556416,-20.26204,-0.82219267,-0.35172364,0.23224619,0.23380211,0.25713816,0.22031866,0.09555674,-0.036653742,0.06286059,0.004561142,0.04612926,-0.068211675,-0.04911932,-0.12796474,0.0067064185,-0.025153315,0.017989675,0.013305463,-0.011792319,0.028977923,-0.020464625,-0.0026201021,-0.03764961,0.01675901,-0.005289187,0.02643909,G06_D02_F_19_Shocked_C5.wav,Surprised
0.3435209297839506,0.1232772665411563,0.038945407,0.1499799,2143.5693,9090.047939206926,14839.212601273148,9.434912,0.31774506,-364.24924,-53.259018,-45.671547,27.814795,-31.941181,7.569953,-45.632755,4.0066752,-48.204124,6.440661,-18.368572,-1.0277616,-33.48951,0.09256828,0.54227024,-0.19423395,-0.1674632,-0.03510932,-0.06931387,0.05787695,0.013595993,0.04061469,-0.10654567,0.020949595,-0.05969188,0.012343042,-0.22889772,-0.06453087,0.04202888,-0.016761094,0.051715713,-0.01175682,0.059511703,0.013705111,0.047902133,0.019679403,0.04786774,0.0025135067,0.029474914,G06_D06_C_08_Furious_C3.wav,Angry
0.3376505533854166,0.1020550253115898,0.011647262,0.061336856,2045.667,8020.473465569302,13336.35009765625,21.99573,0.045744676,-379.5844,23.59865,-17.887337,39.700363,-18.685366,33.812916,-33.112778,12.692813,-16.678009,13.298384,-7.57697,7.0956855,-7.8417506,0.08297518,0.014326189,-0.090687685,-0.15113463,-0.1749427,0.10376807,0.07648332,-0.00022214784,-0.14347969,0.054267578,0.063314766,0.07887255,0.05783793,-0.047679804,-0.013572812,0.018664788,-0.077123985,-0.010075004,-0.02017781,0.062569,0.015626177,-0.014646864,-0.036265034,-0.015018607,-0.03142535,-0.000574451,G06_D04_M_48_Neutral_C1.wav,Neutral
0.286872138094473,0.1398926261481461,0.018308666,0.09461114,1979.826,8505.089943483485,15181.018913680911,18.24242,0.15006678,-393.84985,-10.928309,-35.492027,3.0118675,-23.732359,5.9255333,-29.510366,8.5106945,-52.144833,6.836343,-10.058518,-9.292809,-27.786537,-0.10652398,0.2600147,-0.070330776,-0.14713669,0.0850229,0.05063533,-0.06497354,-0.0269501,-0.0084474655,0.03537958,0.04802732,0.019169906,0.012985401,-0.16095732,0.011450643,-0.013947676,-0.05541017,0.042075742,0.00721661,0.10797675,0.00047677464,0.06404635,0.01806511,0.006664384,-0.019079234,-0.012396246,G06_D06_C_08_Neutral_C1.wav,Neutral
0.298589049533195,0.0795630854223198,0.028683452,0.08877788,2075.5623,7608.140227679654,13014.810927774895,13.510185,0.030985069,-298.07513,34.178722,-32.52366,37.867786,-26.582996,43.907166,-54.555645,-0.4395555,-21.68806,9.055399,-25.988773,6.879584,-13.966518,-0.5275946,0.10658315,0.13442595,-0.022691276,-0.083914995,-0.10523966,0.034388125,0.082206376,0.10188976,0.111482784,0.04240243,-0.16610995,0.04023559,-0.27904055,-0.22124305,-0.026387243,-0.019760335,0.12655665,-0.0107435845,0.12560417,-0.0059202784,0.011145196,-0.02029521,0.06955835,-0.025855323,0.013113075,G06_D04_M_48_Furious_C3.wav,Angry
0.3442217293432203,0.1043911726647375,0.030647142,0.32009792,2007.1282,8607.022871133562,13750.22758871822,58.27244,-0.035508007,-361.59128,0.49088287,-17.366972,41.78585,-36.320652,20.121748,-50.023876,17.899137,-32.177036,1.1616739,-16.076979,-4.698657,-25.969252,0.13650164,-0.04049429,-0.119866066,-0.09206866,0.022608466,0.07273652,0.035295673,0.1539792,0.024137776,-0.02836048,0.01339447,0.14148869,0.06567451,-0.4521516,0.10638802,0.07740441,-0.16940773,0.0656577,-0.023987846,0.11948162,-0.04352204,0.0721588,0.05876772,-0.015969716,-0.0034714977,-0.009016441,G06_D02_F_19_Neutral_C1.wav,Neutral
0.1401530401288301,0.106573372014981,0.008894172,0.031834096,2136.321,4455.636651921324,7301.315367122214,7.210327,-0.36006162,-519.43036,124.46085,-82.5563,48.101616,-0.9423711,-22.865402,24.961372,-21.671537,-2.1644106,-2.1179292,-17.807777,-5.5418067,-19.695107,-0.7670907,0.61626005,0.6202718,-0.34833667,0.0900668,0.14068228,-0.07847421,0.180722,0.12086427,0.13584451,0.07745597,-0.0835391,0.017530916,-0.053774636,-0.12600799,0.16692144,-0.029445725,0.04323984,0.08395241,-0.0017185397,0.011867704,-0.015923599,0.029113263,0.018304545,0.009000339,0.009208037,G06_D03_M_20_Furious_C3.wav,Angry
0.1518765367227157,0.0980682520284358,0.016254373,0.10097617,2221.7114,4507.857753880355,7383.101379084708,21.660234,0.011159896,-497.25928,78.005356,-105.281746,40.03217,-23.599684,-22.78738,9.05405,-39.416748,0.16468719,-16.211132,-25.92698,3.682591,-26.008408,-0.63431865,-0.0678466,0.23821224,0.1740336,0.2469676,0.22700344,0.020814393,-0.024108548,-0.0178247,0.0053953663,0.066140704,-0.0020467618,-0.07049966,-0.04704032,-0.15951498,0.10754717,0.04389272,-0.010740236,-0.014232178,0.00293098,0.07627108,0.048437346,-0.024426714,0.018682564,0.06774328,0.02745229,G06_D01_F_20_Shocked_C3.wav,Angry
0.118359375,0.0953988382350779,0.0141678415,0.042687804,1968.3933,5609.198674348594,12771.3427734375,4.8441277,0.87363696,-408.42664,52.628826,-7.3191566,24.36972,-5.1258583,-22.050467,-32.019653,24.325914,-29.678003,-16.040707,-21.733028,-1.480085,-29.686876,0.0044603017,0.19903514,-0.21660721,-0.2691561,-0.005389917,-0.039601926,0.02282793,-0.010725234,-0.018019235,0.11655247,0.025102714,0.10971049,0.10911435,-0.27027237,-0.123741284,-0.0502291,-0.0034401105,-0.0012072859,0.031117676,0.15950455,-0.020246705,0.047713112,0.04525689,0.021057142,0.03746887,0.008176926,G06_D05_C_10_Neutral_C1.wav,Neutral
0.2987744677197802,0.1140623415979662,0.04859068,0.4137977,1869.7139,8138.286096799304,13244.260817307691,41.171375,0.070584096,-349.802,-2.1779659,-23.489737,47.949234,-41.737057,11.531483,-43.907112,13.502377,-34.50543,-0.54837495,-11.364621,-8.484464,-30.146194,-0.017760113,0.8440373,-0.009959091,-0.14772895,0.26372555,-0.27135918,0.23208995,0.1494332,-0.08227889,-0.04322409,0.06824573,-0.05107102,-0.036540247,-0.28217536,0.09119153,0.0034888864,0.00674225,0.08137895,-0.030600619,0.06557008,-0.025858324,0.052839503,-0.045728542,0.00038880395,-0.010708771,-0.0213976,G06_D02_F_19_Furious_C3.wav,Angry
0.1498177083333333,0.0990178442049791,0.008948924,0.034485925,2113.803,4523.987842927806,7363.034765625,10.6805315,-0.58521235,-505.00967,124.301414,-80.66991,42.718006,-3.3830736,-25.778141,27.111263,-16.350698,-1.8332096,-3.5816894,-14.1564245,0.8511112,-17.365482,-0.073337324,0.062539265,-0.21209233,-0.054143228,-0.075916216,0.03219337,0.07538627,-0.05925531,0.04852147,0.039509803,-0.053029392,0.023295777,0.049792476,-0.013961457,-0.1749008,0.01278772,-0.027458593,0.00091279857,0.017603194,-0.019754339,0.015476656,-0.008507499,0.0174366,0.014837519,-0.01613855,0.038704883,G06_D03_M_20_Neutral_C1.wav,Neutral
0.1640101841517857,0.0916887284074242,0.024765411,0.058114223,2274.7544,6063.292592930299,11822.777210582386,3.743342,0.26524356,-360.78702,16.41292,-65.64925,6.456633,-5.7163677,-7.166189,-46.348297,13.83797,-45.719193,-22.0786,-16.905071,-11.33067,-36.643013,-0.53615373,0.27465102,0.014967944,-0.08778774,-0.025415575,-0.08147776,0.010804647,0.070324115,0.08103801,-0.09146769,0.09284087,0.022410328,0.05842793,-0.08296649,-0.040643413,0.08804254,0.022540953,0.06769229,-0.016626237,0.028380133,-0.01756396,0.022831796,-0.0060772956,0.03691886,0.00022569105,0.024600707,G06_D05_C_10_Furious_C3.wav,Angry
0.2876858313106796,0.1482920144023768,0.030721525,0.15346967,1959.8374,8922.736147966012,15091.388614987864,11.772894,0.27860448,-401.03787,-15.545805,-24.933704,-14.415362,-25.551878,-15.320124,-18.726803,4.7150235,-57.828747,14.153309,-21.547749,-6.6136856,-16.685429,0.052816655,0.07429005,-0.10622694,-0.07529651,-0.06920623,0.0868055,0.045277175,-0.024825634,0.016526913,-0.024178155,0.078352004,-0.0047590365,-0.063202836,-0.1426981,-0.045269918,0.022508532,0.026981393,-0.0055499594,0.04533189,0.05970293,0.02236339,0.037301417,-0.046745878,0.013151113,-0.003390428,-0.0401699,G19_D01_C_08_Notr_C1.wav,Neutral
0.1381259494357639,0.0617649242724696,0.02615567,0.12117647,2175.5144,5173.795555557588,9801.271057128906,15.797789,-0.041640863,-299.75757,59.921474,-37.4341,36.341267,-4.6528144,8.019401,-33.610798,2.8864102,-3.0631156,-17.278622,-27.79345,10.525844,-25.05668,-0.031251498,-0.19061181,-0.44809183,0.028249867,-0.038812883,0.09729106,0.1117097,-0.07012325,-0.036277313,0.047015477,-0.030248854,-0.03096945,0.04104839,-0.29085457,0.076386675,0.061062906,-0.09758519,0.024408273,-0.059614718,0.06429049,-0.055650406,-0.009361975,-0.018893316,0.05744615,-0.05925192,0.048624404,G19_D03_E_21_Mutlu_C2.wav,Happy
0.1619035309436274,0.091088133503341,0.016173301,0.05114767,2057.0347,5843.5955465290535,11307.183478860294,10.423507,0.081178375,-363.04788,54.32511,-24.491783,26.11209,19.535858,26.074802,-11.298757,-3.1370287,-8.284154,-13.795984,-13.996696,-2.712585,-25.018574,-0.588826,0.17068692,0.08364881,-0.0023494796,-0.08262197,-0.030978782,0.048215143,-0.01531366,0.11160986,0.13902986,0.012077167,0.035019316,-0.06355887,-0.33323392,-0.12998246,0.09454473,-0.03682432,0.049529012,0.037908472,0.019002909,-0.018152552,0.046420615,0.027824558,-0.0021351657,0.031685654,0.06609291,G19_D06_E_46_Ofkeli_C3.wav,Angry
0.2406962076822916,0.1190895608828749,0.023849908,0.07640952,1911.6536,8329.95279919585,14314.421081542969,6.6317425,0.48672992,-395.80615,-26.523739,-33.968216,-14.601009,-25.029192,-13.794407,-26.3012,2.5983255,-57.562542,14.409251,-22.204033,-16.267387,-9.988409,-0.055350192,-0.3643052,-0.09682789,0.04946204,-0.04002106,-0.010745939,0.073068306,-0.055237103,0.080317095,0.029564023,0.025958179,0.028826686,0.016821163,0.027715333,0.20812114,0.0361703,-0.04898152,0.011101363,-0.016282631,0.041827995,-0.011520246,0.03785359,0.0067008,0.0020385275,-0.013325636,0.026528616,G19_D01_C_08_No_Mutlu_C2.wav,Happy
0.1845121837797619,0.1277437713478265,0.019859679,0.15270258,1763.5974,6774.049240853675,12926.4404296875,38.896404,0.06404579,-427.96002,18.299181,-8.818745,17.33669,-20.934282,-21.201284,-45.304115,18.435776,-22.161852,-20.255192,-15.9962635,-18.112518,-17.095957,-0.3794881,0.36771488,0.20806289,-0.32833946,0.10733507,0.06554066,0.0021636307,-0.017691735,0.047686033,0.15422517,0.04209918,0.103401974,-0.029649572,-0.16919693,0.06722153,-0.036560647,0.008804795,0.12515941,-0.0073778774,0.034154873,-0.014450729,-0.030595189,0.023092365,0.06056417,-0.036638863,0.04944575,G19_D04_K_19_No_Mutlu_C2.wav,Happy
0.1719578912466843,0.0712173088511496,0.026415817,0.10851869,2011.9905,6362.4598642448855,11557.789704907162,6.869664,-0.036206875,-330.16238,9.482625,-40.828896,21.60257,-21.158176,-1.7683824,-30.403318,1.6062644,-18.285881,-17.365036,-3.6876197,-3.115683,-14.446561,-0.122294664,-0.17797172,-0.16033399,0.050788537,-0.001724481,0.028547384,0.1283816,0.04641831,0.017680626,0.030265743,0.0966915,0.08062931,0.014680396,-0.1224053,0.061293624,0.066829115,-0.053950626,-0.029454557,-0.003036356,0.044457268,0.0059254062,-0.0012329464,-0.023908779,0.0055900924,-0.012891414,0.022425158,G19_D05_K_87_Mutlu_C2.wav,Happy
0.2326834542410714,0.1261662129701266,0.016360573,0.16441375,2001.6472,7573.439317965792,13779.120342548076,68.63828,0.031365845,-368.85358,16.926832,-11.4070425,9.569989,-25.448977,-3.1903882,-37.971783,-2.5397358,-9.320517,-18.372244,-6.9976406,4.5844426,-19.92617,-0.17978941,0.10219899,-0.06751392,-0.18442467,-0.08236697,-0.059208095,0.14960308,0.19800718,0.04901809,0.02053561,0.024921443,0.07183208,0.05918771,-0.15163524,0.019690052,-0.0006874053,-0.020112868,0.01471753,0.0039879917,0.06464644,-0.0015347436,0.035746977,0.0122499205,-0.020633794,-0.041357413,0.005807271,G19_D02_C_09_Notr_C1.wav,Neutral
0.1612374441964285,0.0727083241815689,0.018613607,0.07644688,2295.2136,5841.510395889903,11483.19580078125,10.003228,0.025774395,-324.85583,42.531197,-38.29448,32.225487,10.063192,12.881881,-23.147291,1.1202595,-1.2772146,-16.12095,-24.850412,-2.7121603,-28.0107,-0.5766267,0.037340354,0.10596668,0.06364841,0.02307447,0.053775813,0.100894615,0.07975014,0.00085436273,0.025135297,-0.015163047,-0.071365125,0.06186969,-0.32065445,-0.0052187648,-0.019587303,-0.052033793,-0.06056524,-0.048824687,0.03224414,0.013830444,-0.021516701,-0.0010012568,-0.015177275,-0.029385775,0.023193767,G19_D03_E_21_Uzgun_C4.wav,Sad
0.2529754099492049,0.1476568802928849,0.030392664,0.14846434,2161.6794,8222.834574264067,14245.164980399735,10.935309,0.3325486,-428.78784,-31.685032,-39.53303,-12.351412,-16.182562,-12.81736,-32.712986,2.2535717,-39.06676,5.7390847,-19.472322,-16.45194,-0.017404119,-0.020576948,0.34623337,-0.1227423,-0.10757923,-0.03925295,-0.04537825,0.022237865,0.015204565,-0.056493677,-0.027717909,-0.03913941,-0.017749356,-0.035104554,0.064795144,0.1254035,0.035316367,-0.032461073,0.0088494,0.0095653515,0.010596577,-0.0024203344,0.008136609,-0.011711926,0.013063237,0.001554709,0.0012359358,G19_D01_C_08_No_Ofkeli_C3.wav,Angry
0.2225428109217171,0.1354193964142774,0.031378247,0.2661476,2049.9785,7531.874797965686,13649.875710227272,41.08272,0.03926568,-373.70117,4.208992,-16.256977,7.997718,-17.973389,-7.0200443,-42.553032,17.111715,-28.653475,-15.008769,-12.061009,-10.150365,-20.297628,-0.063845165,1.0051364,0.13727324,-0.21996526,-0.024767738,-0.040098853,0.10197918,0.08144032,0.043491203,-0.006860579,-0.08005233,0.033504575,0.007945456,-0.32295942,0.07599979,0.04912646,0.09869818,0.07652048,0.038508862,0.08274326,0.014968333,0.010091017,0.029604234,0.025808861,0.0015389004,0.022111693,G19_D04_K_19_No_Ofkeli_C3.wav,Angry
0.2137494768415178,0.1031725957819428,0.028868148,0.12555677,2371.677,6690.409352080891,11887.09716796875,14.125364,-0.058592655,-318.15897,11.115767,-34.617886,31.76677,-3.7845223,6.75961,-32.234756,7.6450877,0.47309595,-21.246387,-16.400251,1.6025511,-25.533798,-0.6138892,0.098915644,0.061012723,0.1018605,0.12140662,0.20309937,0.099016294,-0.0840823,-0.07067436,0.012533222,-0.045665886,-0.04741732,-0.027283544,-0.19312565,-0.06733961,0.032611363,-0.0035145667,0.003390142,0.028965887,0.051513,0.0011515021,0.005493568,0.006078601,0.01045137,-0.00080836954,0.025490597,G19_D03_E_21_Saskin_C5.wav,Surprised
0.2243684895833333,0.1300973820908949,0.012908022,0.05319998,2183.3855,6577.064614708148,11925.4228515625,10.143273,-0.10473159,-403.06992,28.565462,-28.885727,26.891388,15.473573,31.332422,-12.332197,0.5088434,-3.7741406,-5.486817,-14.757983,-5.286746,-17.305744,-0.20401897,-0.025120502,-0.004032474,-0.02415235,0.1176264,0.19063643,0.08303977,0.015917711,-0.0010861482,-0.04279358,-0.015777461,0.021214798,-0.01739877,-0.29006723,0.022779923,0.04400024,0.03005519,-0.009005182,0.0058877375,0.041250598,-0.0031058015,0.003837738,0.026096264,0.009509107,0.0013442013,0.010502882,G19_D06_E_46_Saskin_C5.wav,Surprised
0.1563778147977941,0.0989309532176427,0.018240387,0.16864558,1938.0552,6104.444734412931,11264.905215992649,54.30116,0.0433248,-380.6525,29.150646,-32.11257,10.847667,-21.622395,5.1619096,-43.608852,-14.911207,-9.889357,-19.919985,-9.6872835,-8.129021,-30.720709,-0.1871388,0.7140088,-0.008138185,-0.14590125,0.048398737,-0.102056816,0.023051778,0.074463174,-0.011949663,-0.022104409,-0.009098216,0.0937563,-0.05044191,-0.14154583,0.06330162,0.002703992,0.041625053,0.015959153,0.037146978,0.06631382,0.035060752,0.056710333,-0.0127738165,0.040487953,0.022415427,0.053128805,G19_D02_C_09_Ofkeli_C3.wav,Angry
0.328865382982337,0.1098545469847572,0.016694957,0.08192781,2274.447,9068.202194458425,15406.597236965014,17.042206,0.00013547436,-391.15637,-27.316833,-10.762393,19.137173,-13.898859,5.269292,-30.374527,0.87636817,-6.141191,-10.896633,-10.375158,1.342482,-24.156239,-0.34044132,-0.0962682,0.11732151,0.13498904,0.10865436,0.12527464,-0.028784174,-0.076402485,-0.014706201,0.034050874,-0.00851971,0.009863711,-0.039441206,-0.16662899,0.06327934,0.029690346,-0.008885913,-0.027138691,0.043752905,0.04772267,0.01467514,-0.003943486,-0.016650343,0.005283362,0.0052702934,0.008713198,G19_D02_C_09_Saskin_C5 (1).wav,Surprised
0.2431523169029209,0.1200057054900196,0.021249607,0.28429812,1800.018,7469.668587607475,13461.655827158504,115.58549,-0.028156076,-396.40277,24.613873,0.6320413,17.844366,-20.705303,-5.6201205,-43.48314,15.730781,-37.158276,-5.00332,-9.195567,-17.27216,-16.232681,0.250656,0.3467541,0.0014267361,-0.4597623,-0.15588832,-0.0023024254,0.03292701,0.062180877,0.07468918,0.14112541,-0.16049963,0.08725913,0.12314635,-0.3272177,-0.06035551,0.09501025,-0.012241767,0.005409421,0.0049123913,0.13674715,0.019122286,0.022126267,-0.023260232,-0.01642912,0.017867258,-0.0359588,G19_D04_K_19_Notr_C1.wav,Neutral
0.1858907948369565,0.0823309577387472,0.023716709,0.10694256,2089.7847,6604.244833419266,11790.208899456522,12.470947,0.020479098,-351.2359,-3.0948696,-42.804646,17.607138,-25.408783,-6.8529367,-29.621376,-1.0948268,-23.920721,-16.518103,-1.7579073,-2.3620834,-18.214962,-0.45495406,0.6635216,0.13183977,-0.22447085,0.13767546,0.038749967,0.08982256,0.07337671,-0.00088191376,-0.053373076,-0.014053476,0.0451419,-0.011887188,-0.13115956,0.0844858,0.045188323,0.030414918,0.031844877,0.032530032,0.028105263,0.016621292,-0.0009661246,0.004602758,0.010060715,-0.006574013,0.007289912,G19_D05_K_87_Ofkeli_C3.wav,Angry
0.1638461358532934,0.0877391468474353,0.02103972,0.101366915,2000.3379,6353.559939365123,12217.513946715942,16.75702,-0.0874392,-363.25565,20.157034,-28.612251,20.46743,-16.820433,-13.135012,-25.020391,-12.823907,-18.78464,-16.910973,4.817912,-7.634115,-17.300766,-0.2121847,0.0065408465,0.12134083,0.0076581417,0.041454066,0.028449899,0.20725507,0.07551763,-0.0233393,0.11543808,-0.02540598,-0.029042222,0.04695272,-0.20609888,-0.102871835,-0.011483429,0.037163936,-0.017406968,0.017118568,0.053442612,0.018596943,0.0069353892,-0.008934105,-0.028545123,0.0011244881,-0.010459602,G19_D05_K_87_Notr_C1.wav,Neutral
0.202165510270979,0.076282076903295,0.007928153,0.023605525,2154.4546,6122.310153991784,10313.274933074736,13.22146,0.5509911,-438.48273,22.042986,-46.399162,57.974754,-17.545172,7.453248,-26.215971,-4.9406343,-27.093668,-6.0646014,-7.7875037,9.63634,-13.8852625,-0.25939548,-0.23264056,-0.16977221,0.11553168,-0.013418491,0.14030807,0.067575894,0.10058426,0.015501153,0.004601931,0.11237019,0.058835357,-0.012760173,-0.024711823,-0.101583295,0.037914306,-0.06740742,-0.06577591,-0.025287403,0.14582907,0.029303651,-0.0073454846,-0.029896546,0.0464872,0.011607692,0.033118416,G07_D06_C_15_Happy_C2.wav,Happy
0.1631584933483935,0.1152865345312898,0.012291527,0.037207726,1884.8434,5144.012517366818,9906.051746046687,8.8779545,0.12898894,-390.2436,70.121,-39.520973,18.023254,-18.291256,10.720674,-35.747074,14.923769,-26.185467,-13.889045,-22.02407,-4.6374903,-20.207277,-0.31073767,0.2870952,-0.030892981,-0.17263184,-0.19620965,0.02877386,0.18719137,0.07494375,0.19138616,0.17176148,0.10317885,0.11433291,-0.014524873,-0.3346835,-0.17934136,-0.01643848,0.062039293,0.05465267,-0.015922247,0.0665178,0.0150004225,-0.00589978,0.026522767,0.05372044,0.027666897,0.028044265,G07_D05_C_15_Neutral_C1.wav,Neutral
0.1941883883372274,0.1185966020322013,0.007460312,0.055031665,2026.4056,7422.652198568326,13100.1031323014,30.767857,-0.121795915,-497.0054,28.40337,-6.4803643,41.33021,20.922104,41.982807,-26.748373,16.334438,-15.609512,10.3901205,-9.341425,-4.5310774,-5.3672156,-0.87964094,1.0705884,0.24892733,-0.102256335,0.15483734,-0.05648624,0.09015891,0.04137817,0.08735837,-0.015366914,0.06443381,0.10129813,0.025232458,-0.19099005,0.041042935,0.0044556023,-0.030985018,-0.00057474105,0.00070734706,0.08970262,0.027296143,0.07383096,0.017069256,0.0056125643,0.024051802,-0.007870522,G07_D01_M_22_Furious_C3.wav,Angry
0.1779315300707547,0.1057322573174357,0.013916985,0.063441135,1954.8291,5516.409611571859,10245.254274764153,13.312124,-0.06421974,-390.28018,50.822006,-43.842556,30.022707,-24.532959,22.386574,-31.357054,4.9473066,-26.918793,-16.63719,-14.693306,-6.946813,-35.34083,-0.8249333,-0.13306545,0.080509864,0.17997128,0.087015785,0.030094799,0.23498091,0.102787584,0.10454252,0.09042934,-0.04263179,0.061472975,0.03384606,-0.14497958,-0.064638264,-0.016956257,-0.007699668,0.0054039867,-0.00024031693,0.008830968,-0.041500226,0.0033492655,0.0076572797,0.029394481,0.0059400597,0.018027019,G07_D05_ C_15_Sad_C4.wav,Sad
0.2319992952025993,0.0892384361774843,0.0031002753,0.027183974,2033.582,6627.052577686094,10962.507615395642,47.53408,0.057150755,-547.01575,28.669252,-18.06638,61.065834,-18.806128,16.229488,-19.7419,8.2719965,-15.632958,-1.4535842,2.4266992,1.8454646,-4.839695,-0.20315565,-0.22489367,0.037661828,0.3427802,-0.10798785,0.1167732,-0.05668542,0.03458477,-0.0009947683,-0.025840135,0.095001,0.055802785,0.004406646,0.18196486,-0.11023908,0.020673271,-0.035448693,-0.0140764695,-0.01510393,-0.022480814,-0.024825405,0.011159319,-0.0013352797,0.031489566,-0.017959543,-0.010354862,G07_D06_C_15_Neutral_C1.wav,Neutral
0.1352456021471088,0.0881345605063625,0.0062129954,0.05596759,1882.3969,6089.692006562754,12042.7734375,69.04389,-0.088782,-478.13504,55.740555,4.3186307,43.608505,33.89083,48.10561,-36.428364,16.764158,-15.512606,13.368464,-8.093401,-5.977911,-7.632686,0.075465456,-0.32366374,-0.29058325,-0.20350723,-0.16144647,0.04756613,0.11280745,-0.17144093,-0.13547786,0.1175858,0.0058525437,0.023311354,0.0007669812,-0.08168899,0.16507085,0.031120196,-0.019544959,-0.07220938,-0.042175286,0.013301854,0.029504277,0.0062908963,0.0028655787,0.02857216,0.007454517,0.030796226,G07_D01_M_22_Happy_C2.wav,Happy
0.2144474852773556,0.0728640540280224,0.0033435947,0.02096328,1883.5808,6302.3978480039905,10672.745595079788,29.407532,-0.11527414,-530.191,43.523354,-16.358665,45.701233,-29.025408,20.944988,-15.925986,17.081234,8.017619,-6.75029,-16.020914,12.685734,-12.249147,-0.58066726,0.6160398,0.035644356,-0.25819495,0.059922747,-0.027070878,0.025364084,0.070671,0.073972106,0.014410149,-0.006733462,0.08057989,0.020475006,-0.17175747,0.18916728,0.015112468,-0.0074772285,0.06058938,-0.016551994,0.01290449,-0.025619132,0.012265685,-0.025531728,0.01323707,-0.031902075,0.024372915,G07_D01_M_22_Neutral_C1.wav,Neutral
0.2261822579920977,0.0988946859855469,0.014240922,0.07070676,2370.8474,6310.603582559185,10038.989678744612,20.480461,0.056847055,-456.4271,6.592177,-48.591415,57.00425,-13.527415,7.9179926,-23.16657,7.3923283,-17.943983,-13.91448,-7.8304605,10.501807,-11.395077,-0.5193756,0.22267435,0.37365487,0.08596315,0.08054589,-0.13081612,0.056750774,0.124868,-0.1275109,-0.00933073,0.04834835,0.0069546974,0.1018386,-0.1973763,0.007569538,-0.017756816,-0.048963346,-0.024436254,-0.014933476,0.0047404356,-0.042961136,0.040923756,-0.03895872,-0.018027777,-0.028817583,-0.0108434055,G07_D06_C_15_Furious_C3.wav,Angry
0.1707066577842377,0.1255974753735115,0.0031266157,0.021145275,1463.8977,7309.904668682554,13376.403524709302,35.351482,0.01710387,-596.1105,22.907017,26.96993,28.755165,4.3348503,25.405937,-45.94862,-3.5035458,-13.891647,5.42872,-22.96692,-3.7209795,-9.63882,-0.14093363,-0.08357034,-0.106200784,0.15866484,-0.06873128,0.021671552,0.13285972,0.03641509,-0.079631306,0.10135154,0.09601565,-0.03078067,-0.0070553,-0.10625678,-0.042259872,0.071873665,-0.075792484,-0.04732931,-0.032931596,0.08228451,0.048245464,-0.017219929,-0.0056733913,0.010817874,0.009290149,0.010608242,G07_D03_F_35_Happy_C2.wav,Happy
0.1511929381127451,0.1058661461285657,0.009505331,0.028241815,1437.7859,6159.316116482973,11198.870059742649,4.996675,-0.11458349,-467.43628,19.073856,-8.504503,47.76129,-26.491179,4.9323416,-46.795734,-3.3761983,-35.806892,-7.643663,-0.8204852,-15.6325445,-20.580273,0.1821922,-0.68478215,0.06012283,-0.10880567,-0.35829064,0.13503353,0.19372554,0.0049253297,0.10618871,0.22943597,-0.07998439,0.1487212,0.0062050465,-0.1708816,0.029775605,0.0043285894,-0.037338294,0.036730748,-0.05831858,0.0061539165,-0.026295375,-0.025919372,0.001008591,0.002632847,0.05513325,0.054282874,G07_D04_F_20_Happy_C2.wav,Happy
0.1508053296232876,0.0986122143429412,0.015735334,0.057376947,2007.5624,5287.883426265469,10012.152852097604,8.015342,0.07015431,-372.5756,53.99287,-49.858006,11.958895,-20.216307,9.598288,-42.91367,15.978966,-26.948675,-26.249594,-16.446688,-3.834323,-29.210728,0.47292233,-0.5467275,-0.35347196,-0.13230899,-0.25920036,-0.053744003,0.1957393,-0.109764375,-0.040255073,0.2690895,-0.012656894,0.05716998,0.2126109,-0.19681165,-0.16580613,0.0010747779,0.030158702,-0.009097815,-0.03618168,0.061902758,0.06858458,-0.01006976,-0.03711201,0.0006697951,0.0045782845,-0.011492783,G07_D05_C_15_Happy_C2.wav,Happy
0.1629605480551359,0.1311856500559814,0.003281682,0.01912683,1683.2051,6428.387146232835,12567.584025679758,20.507364,-0.031126013,-582.2061,58.67948,24.176336,37.184124,24.67233,27.289652,-33.484642,21.339502,-25.263115,8.957337,-5.6169167,-1.9252673,-15.018546,0.32595176,-0.20910215,-0.18572176,-0.104016356,-0.094632275,0.10878263,0.059014473,-0.03738225,-0.11238323,0.081006385,0.070165716,-0.013084359,0.121885434,-0.028000604,-0.198156,-0.04945241,-0.05888233,-0.073980235,-0.04012637,0.043494496,0.06676315,0.026937615,0.02329601,0.022562971,0.02634177,0.0471828,G07_D02_M_50_Neutral_C1.wav,Neutral
0.2175664756503807,0.1149473634803821,0.0028430806,0.009912633,2404.7373,7917.119611822825,13901.923381979695,10.474245,-0.005514997,-610.6846,13.060159,6.868044,52.369656,42.668385,25.637318,-27.278389,27.540539,-21.554173,3.185032,-7.8905754,11.307614,-12.503364,-0.93857694,0.073149316,0.10264241,0.047888365,-0.0034622396,0.053817894,0.1884706,0.08028141,0.069260985,0.024602681,0.012777752,-0.04181115,0.074270405,-0.242581,-0.0663583,-0.015285212,0.027176155,0.0069359764,-0.05594213,0.016218422,0.028651135,0.018389937,-0.011654457,0.009654321,-0.0010730766,0.019951997,G07_D02_M_50_Sad_C4.wav,Sad
0.1744510576253481,0.1374747482763003,0.0050904076,0.052126307,1777.6309,7316.920488888686,13635.97585524025,83.47437,-0.03626627,-556.70245,10.757154,7.868666,26.669716,6.502773,24.29966,-45.58469,-6.86866,-18.591774,5.041937,-20.98433,-3.5458105,-11.678603,-0.69992244,0.75504005,0.04200834,-0.09481899,0.0974885,-0.13057134,0.021683807,-0.013759316,0.026518883,0.004872376,-0.047845453,0.04553263,-0.018674271,0.047418557,0.20824647,0.079865485,0.032392442,0.04319235,-0.0021303757,0.03300408,-0.04542756,0.009384558,-0.008323025,0.023414979,0.0029530977,0.008334431,G07_D03_F_40_Furious_C3.wav,Angry
0.1020773182744565,0.0983567660146838,0.00319031,0.013407745,1545.2769,4924.775602756401,11116.750169836956,9.684567,-0.14542055,-581.7288,80.24951,22.329967,47.16597,35.81546,33.16853,-37.281914,19.338821,-21.178265,2.7946873,-12.438776,-3.9710016,-17.674202,-0.47100753,-0.060674407,-0.12184592,0.09782866,-0.10816968,0.10890041,0.086437374,-0.029424822,-0.029442068,0.093847334,0.07523574,0.044165805,0.047125276,0.29045475,-0.21011467,-0.12291069,-0.058227256,-0.08041573,-0.052835297,0.01603812,0.007065562,-0.028525818,-0.016428092,0.04984205,0.06423392,0.021638358,G07_D02_M_50_Happy_C2.wav,Happy
0.245458248272613,0.1314390940812727,0.0048891576,0.03330066,1758.2706,8166.005193897127,14212.671511856155,24.990122,0.18982996,-527.482,16.094278,17.082424,28.265425,4.204159,17.916288,-45.279488,0.29891616,-14.628481,5.840107,-14.686309,5.969484,-10.676967,0.28296635,0.20550765,-0.07329456,-0.09129756,-0.1260572,-0.067654595,0.17960514,0.022466423,-0.048482366,0.05844218,0.040915318,0.1293535,-0.020796342,-0.357055,0.027245114,0.04024611,0.007199187,-0.020983595,-0.0009731731,0.058993027,0.022980247,0.021548985,-0.028808119,-0.000730209,0.0047257664,-0.002881703,G07_D03_F_40_Neutral_C1.wav,Neutral
0.2196118655620805,0.1000848971291111,0.00835826,0.057502445,1802.6914,7004.145649317601,12024.848763894715,37.176193,-0.00856425,-465.081,17.967852,-6.1400027,37.53698,-33.093346,19.788359,-36.736073,-2.362003,-38.73256,-7.1586847,-0.53763473,-11.3379755,-22.174887,0.05789515,0.40306216,0.029629624,-0.3528135,-0.15994652,0.03941939,0.02308535,-0.0639362,-0.010766292,0.03493446,-0.008191425,0.13767655,0.08322219,-0.27773917,-0.001886611,0.018538877,0.0061830417,0.017821072,0.0216617,0.10391351,0.047036983,0.033049002,0.03210318,0.035970498,0.023215245,0.018319964,G07_D04_F_20_Neutral_C1.wav,Neutral
0.1479607985424901,0.1047628251675686,0.007794829,0.039311998,1671.198,5913.4394119590615,11329.784191267292,122.04236,-0.19415312,-501.09,34.212975,-11.971772,47.767384,-9.68805,20.278042,-43.408936,-10.344794,-39.29331,2.1464596,2.2932594,-13.848195,-17.444004,-0.8276073,0.23468621,0.16831163,0.09861838,0.07893168,0.15604837,-0.01059545,0.033004023,0.09728023,0.055525556,-0.0140598435,-0.03840818,-0.044261295,-0.06842591,-0.08545659,0.09459903,-0.023844281,0.015744787,0.06905799,-0.0045219506,-0.05562811,0.0425583,0.02989212,0.009176482,0.05797347,0.036087472,G07_D04_F_20_Furious_C3.wav,Angry
0.1049574908088235,0.0667994136061983,0.0060858475,0.051024728,2026.417,4557.868427166379,9016.40625,61.155045,-0.30516684,-505.82712,98.31084,-38.031498,47.253624,-0.06281972,44.969036,-12.229739,6.8383617,-11.160841,0.8389676,-30.412483,14.688192,-11.929192,0.106769584,-0.15955904,-0.33198565,-0.054379877,-0.14931059,-0.10917865,0.12858298,0.044253528,-0.04708054,-0.0051982068,0.09743566,0.031486195,-0.0042838897,0.011275696,0.0035948025,0.037529565,-0.02582281,-0.023479126,-0.013946072,-0.021915615,0.004386965,-0.013706739,-0.028846646,0.06357832,-0.0046667294,0.024795577,G21_D06_E_20_Mutlu_C2.wav,Happy
0.1635912320339721,0.1091666076843372,0.016290827,0.070610575,2063.1846,5567.753230485799,9999.284251143292,9.74308,0.2826056,-430.37643,31.156145,-60.690155,10.984814,-31.948124,-14.239097,-41.20541,-15.465965,-6.171665,-22.838905,-20.671274,1.3332899,-28.033857,-0.24107765,0.02074883,-0.026470497,0.031787075,0.028632041,0.05119822,0.105029516,-0.05696288,-0.020572111,0.1051102,-0.1120369,0.03413925,-0.011772452,0.24470082,-0.031285867,-0.024974085,-0.039538074,-0.08722951,0.010174928,0.08279632,0.009394323,-0.007128938,0.029105814,0.036029756,0.019086177,0.07401552,G21_D01_C_11_Mutlu_C2.wav,Happy
0.1496210354477612,0.0941628917087239,0.014401271,0.063228756,2223.3586,4876.932450369242,8964.176043610074,17.793053,0.48155442,-413.93106,63.352222,-64.29107,9.172325,-10.125224,-7.871014,-25.714214,-8.3751135,-11.132105,-28.232239,-21.894472,14.262863,-26.274405,-0.018527336,0.2626715,-0.028557932,-0.2476677,-0.13191314,0.08688797,0.1009909,-0.051463034,-0.0042010094,0.015542343,-0.029772019,0.034117643,0.09725275,-0.16653445,0.026978236,0.13034794,-0.055396903,-0.00904502,-0.00020447062,0.066620104,0.010456664,0.011247888,0.030886538,0.039537765,-0.023425138,0.01280231,G21_D02_K_21_Notr_C1.wav,Neutral
0.1889568391393442,0.0998949256150993,0.012881761,0.04642774,2009.8647,5633.339947774122,10310.06739882172,12.127876,0.054255147,-392.4547,58.717186,-47.94065,32.79666,-1.5603802,13.226811,4.7604337,-1.9623706,-32.899822,12.5996,-21.654766,-3.6262548,-4.169011,-0.0044579427,-0.02074234,-0.18748929,-0.15840732,-0.0075632716,-0.048252307,0.0025736252,0.0171906,-0.050160572,0.05824812,-0.058039185,-0.020795062,0.101387024,0.047418267,0.051317647,0.0130041065,-0.037148666,0.00082319067,0.039582115,-0.018526122,-0.03718847,0.041273408,0.0045470567,0.012737936,-0.0016076948,-0.030334763,G21_D03_E_50_Mutlu_C2.wav,Happy
0.1535953012184115,0.0963488739589971,0.011855648,0.06251962,2094.6956,5463.750790896609,10877.998963504062,16.740427,0.1283988,-427.92752,49.54772,-45.17452,20.48367,-8.044346,-2.487434,-28.294024,-11.989158,-27.426468,-21.180561,-18.008137,2.0516305,-8.790878,-0.004576232,0.20592208,0.0755655,-0.18022652,-0.050665114,0.053162336,0.13492301,0.0019972385,-0.10130923,-0.08379817,-0.027175449,0.022197053,0.11899491,-0.29824883,0.0003777239,0.084446,-0.049482163,0.041587118,0.10527652,0.087438956,0.05976135,-0.012544417,0.023657158,0.010176648,0.012067393,0.071589276,G21_D01_C_11_Notr_C1.wav,Neutral
0.209852549793956,0.1416580515717878,0.010251312,0.072569974,1827.9551,6642.728545451126,11716.74107142857,25.691378,-0.016092123,-480.28772,27.625015,-40.748848,32.3204,-40.668446,23.89426,-27.013823,11.230224,-30.034294,-12.89258,-5.574283,-7.3596497,-12.172489,-0.37461364,0.09388797,0.22885318,0.064446904,0.15996861,0.08290412,-0.0043337685,-0.049340576,0.017059822,-0.09758576,-0.02430834,-0.000890824,0.0067006834,-0.13771027,-0.029499935,0.06062293,-0.011062932,0.041322015,-0.0061302898,0.014612064,0.0023360914,0.009019737,0.028358094,-0.010099875,0.03077473,-0.006291421,G21_D05_K_21_Sask─▒n_C5.wav,Surprised
0.1643372563303858,0.0767732830248849,0.024353005,0.069038406,2191.446,5023.646198522545,8590.917183731914,4.880948,-0.055613164,-378.13358,29.641197,-87.521515,19.236261,-41.604195,-12.293661,-35.292416,-13.472504,-18.021969,-17.850721,-15.472543,-3.7884777,-18.558474,-0.34123656,-0.017165156,-0.0804803,0.07009227,0.02065697,-0.018906645,-0.017145218,0.04491233,0.004435582,-0.013290988,0.064946815,-0.07202334,0.039603695,-0.08639715,-0.113657616,0.10717788,0.033840165,0.101818,0.03964258,0.041277714,0.008424501,0.017689323,0.03000351,0.0012138587,0.016982887,0.013091761,G21_D01_C_11_Ofkeli_C3.wav,Angry
0.2305488325740319,0.1295820923946684,0.0055398657,0.039544985,1896.6296,6933.414702579069,12649.950170842823,28.38708,0.10880189,-512.81824,44.040123,-39.86812,53.623024,-32.32015,38.54144,-30.023664,14.901232,-37.21453,-5.1057725,-11.4839945,-4.805478,-7.293829,-0.28574958,0.049686536,0.20082973,0.05237781,-0.17317843,0.003202547,0.09491459,0.04127434,0.028730985,-0.0015761695,-0.09642607,0.012555096,0.07868989,-0.026307741,-0.039925095,0.005339021,-0.047461115,0.023788039,-0.048588574,0.020840405,-0.006700231,0.0085396515,0.00012009562,0.027423536,-0.0008410682,-0.010043191,G21_D05_K_21_Uzgun_C4.wav,Sad
0.1376635880120056,0.0854661847628714,0.0165431,0.046239123,2250.4626,4889.002506777308,9058.42243776483,6.397479,0.13648629,-412.00653,52.42766,-70.4902,13.204925,-7.2817893,-1.747861,-35.851475,-14.414039,-9.455291,-39.32681,-18.592329,13.975073,-33.303093,-0.15150197,-0.06326516,0.046115514,-0.08503376,-0.063766725,0.028437564,0.10172911,-0.022452075,0.0096569415,0.04762436,0.015915353,-0.02380489,0.029192884,-0.051043704,-0.05545079,0.040247843,0.026995827,-0.00979049,-0.007906504,0.07908742,0.039080676,-0.010260219,0.050384283,0.015207019,0.004765026,0.04829826,G21_D02_K_21_Mutlu_C2.wav,Happy
0.1545228660821342,0.1252635895264855,0.0069964794,0.028376602,1807.2297,5959.155520058717,11864.602068345324,11.688359,0.056882836,-497.02045,63.6421,-31.722406,37.959274,-33.624268,20.784517,-38.767254,20.461216,-31.895473,-16.836393,-12.814483,-8.799686,-15.634368,-0.4234335,-0.0059602405,0.14205903,0.09581173,0.11690022,0.074912176,-0.0052662767,-0.051001236,0.08539018,0.09348761,-0.024781307,-0.050408874,0.024037806,-0.10854279,-0.07450973,0.05438534,0.0013865647,0.04421628,-0.0003494153,0.025227714,-0.019062517,0.030253092,0.03013196,-0.011199422,0.028531378,0.041890398,G21_D05_K_21_Ofkeli_C3.wav,Angry
0.1827669043989547,0.0873974678226642,0.016649855,0.046860266,2012.8129,5658.352960777024,11170.930592606708,7.133548,0.06469864,-351.08786,65.028145,-47.95601,33.388657,-4.570574,7.5323033,-6.220831,-2.5162547,-37.569687,16.424498,-29.063997,-2.1372077,-14.287582,-0.5208173,0.20492731,0.06748035,-0.035409775,-0.037556976,-0.032194834,0.023030166,0.028958138,0.09721529,0.056356575,0.061189592,0.00955791,0.0518299,-0.28246245,-0.096305914,0.024408989,-0.04056852,0.07542467,-0.020629428,0.049231593,-0.031252753,0.0411754,-0.06997409,0.05685853,0.026180211,0.011745939,G21_D03_E_50_Ofkeli_C3.wav,Angry
0.1213658854166666,0.0731354452963597,0.008033682,0.047393773,2190.3992,4011.22429379081,6751.25,35.648777,0.27768394,-554.2277,99.28573,-84.34015,64.213,-6.959592,-28.460804,-9.102534,-41.866337,3.9808881,-22.159899,-28.42019,9.483904,-20.941,-0.54401845,0.06361618,0.3015019,-0.25630122,0.056835175,0.115432546,0.15188968,0.16863647,-0.13249876,0.04929544,0.047226734,-0.113986135,0.045452308,-0.19836403,-0.0630316,0.0991065,0.0015108642,0.0028072738,0.0013925807,-0.00059503556,0.047449116,0.02045774,0.016461266,0.02463727,0.01010863,0.020561093,G21_D04_C_13_Uzgun_C4.wav,Sad
0.1940569196428571,0.1299127197832163,0.01290697,0.06468115,2189.4797,5923.510052210116,11108.320932539682,18.09476,0.0053717713,-436.9419,72.715195,-55.847775,48.004734,-23.884584,29.413809,-21.782206,29.072208,-11.989984,4.069657,-21.983786,13.731486,-12.675549,-0.3876753,-0.17491844,-0.017349022,0.112242095,0.18812157,0.06928886,0.13729817,0.011961014,0.014424415,0.047326814,0.044884954,0.011520282,0.069757104,-0.3235909,-0.11223031,0.033926,-0.027374303,-0.014917842,-0.034468155,0.02172688,-0.001662289,-0.011102587,-0.01292375,0.03488437,-0.023180982,-0.0040352773,G21_D06_E_20_Sask─▒n_C5.wav,Surprised
0.1058264747660427,0.064069419030608,0.006202069,0.023446783,1995.8774,3787.729041367931,6606.116310160428,7.1323566,0.374362,-557.7318,117.81876,-97.153145,42.499832,-11.617382,-27.389025,1.2079676,-40.432858,-4.825016,-18.11244,-24.291574,3.6970885,-18.828342,-0.35453817,0.21776289,0.1649136,-0.21535228,-0.0365543,0.012024212,0.03238841,0.08385334,0.0109680435,0.106687374,0.024770109,-0.084986575,0.015568432,-0.1455463,-0.11579198,0.11587582,-0.0060900403,0.03959878,0.0200097,0.003676519,0.06242392,-0.009492674,-0.013934641,-0.004899915,-0.0055528255,0.018471025,G21_D04_C_13_Ofkeli_C3.wav,Angry
0.1759863587382445,0.103766089630137,0.011511934,0.07704443,2081.286,5912.702287586216,12490.27723354232,34.95797,0.04894771,-447.38544,82.701294,-30.70288,52.24335,-3.239657,47.112495,-24.837929,15.824593,-17.61386,2.2758658,-29.975576,16.538988,-12.286225,-0.6171329,0.60718244,0.2467323,-0.10883566,0.20630883,-0.114785366,0.06615843,0.06238068,0.1811718,0.05811222,0.05760357,0.025967173,0.03629642,-0.22722702,-0.29138872,-0.06531121,-0.03552554,0.03004461,-0.011171012,0.0611664,-0.025367288,-0.0048695775,-0.006402467,0.027711151,0.0012336809,0.022818705,G21_D06_E_20_Ofkeli_C3.wav,Angry
0.0934262199197861,0.0586085747216746,0.009693754,0.035739064,2086.7979,3402.8214974177413,5988.030581550802,7.366415,0.66375536,-510.48834,112.29942,-88.55167,38.45638,-17.317059,-41.908928,-10.109879,-31.481773,-4.1331553,-24.015265,-24.390244,6.7512336,-20.55922,0.00021664216,-0.30737585,-0.26403883,-0.004890411,-0.007201409,-0.06333003,0.07137573,0.18910405,0.04975217,0.0120397145,0.19082928,0.10486185,-0.09611367,-0.03352364,-0.05730145,0.0832513,-0.08906306,0.01093297,0.0042108735,-0.021882277,0.021660047,-0.05855378,-0.0008675733,0.016179195,-0.009425693,0.021982446,G21_D04_C_13_Mutlu_C2.wav,Happy
0.2183576531013853,0.0870819950014968,0.010313259,0.02942713,1895.9824,6074.364544525679,11613.773098039988,9.420984,0.03220301,-382.2682,61.525425,-26.53977,42.47551,-16.695295,0.61755687,-5.3769665,4.344839,-17.170364,13.497338,-26.662518,10.184938,-4.501185,0.28149027,-0.14412631,-0.2693161,-0.04287988,-0.020422228,0.017275121,0.018308097,-0.0039101294,-0.037471503,0.075037554,-0.067081265,0.015545982,0.04399155,-0.0955097,0.0073382766,0.0029222886,-0.0311076,0.0002077929,-0.001971646,0.0011670475,-0.015740154,0.00032455375,-0.0051403684,-0.008040503,0.0038606767,-0.01097335,G21_D03_E_50_Notr_C1.wav,Neutral
0.1421858990778688,0.0951663927050245,0.019332202,0.07404974,2203.0122,4693.3743497351525,8609.92771836578,8.609301,-0.09312662,-405.32727,67.01867,-68.95868,6.6906605,-12.707793,-6.743515,-27.597069,-10.695918,-10.79657,-32.967224,-27.082975,11.354582,-27.305008,-0.5067209,0.6104553,-0.01053166,-0.24227038,0.0034252543,-0.12537634,0.034263756,-0.013781959,0.08810538,-0.12626158,0.013533389,-0.013529568,0.05441505,-0.07894147,-0.053694375,0.0913827,-0.007145444,0.06749794,0.01445844,0.021865126,-0.0068973047,0.050442774,-0.00034672575,0.039734595,-0.012332809,0.012284308,G21_D02_K_21_Ofkeli_C3.wav,Angry
0.2341414282332251,0.1464502711084388,0.011028539,0.05249682,2021.0613,5677.965461543804,9860.715553977272,15.6525345,0.6665391,-467.51395,68.71876,-34.678726,38.241463,-20.229265,18.158026,-17.864185,3.4009109,-6.9955654,1.1225655,-16.642078,-1.1297396,-1.4702759,-0.26847857,0.42628184,0.04466744,-0.10742713,0.20053834,-0.09287531,-0.04273246,0.080443196,-0.009021628,-0.018291613,0.013175681,-0.017621994,-0.020772323,0.24813487,0.063085236,0.06320336,-0.00433523,0.074271366,-0.0013348324,0.02712251,-0.014908241,0.012689339,0.0014864681,0.02262158,0.0014850175,-0.018886687,G09_D03_E_21_Furious_C4.wav,Sad
0.1038964114972015,0.056618050460738,0.025526833,0.072346,1969.6155,3448.1808301835,6123.86620364972,8.663614,0.024645751,-370.38684,120.712265,-78.378586,36.98287,0.7089775,-4.739984,11.872588,-17.349018,-2.410937,-9.641998,-9.123697,-1.2483147,-8.295249,-0.67623186,0.7418742,0.123298146,-0.27200007,0.17745422,-0.1736477,-0.16872984,0.24570653,0.10794688,0.036160704,-0.021334652,-0.018910522,0.08753543,-0.52515584,-0.24218893,0.08366916,0.07746831,0.024558853,0.1177156,0.08784999,-0.030920427,0.042541403,0.05510289,0.034846906,0.010734699,-0.0005462561,G09_D04_E_42_Furious_C3.wav,Angry
0.1382924787674216,0.0837187441782319,0.016128719,0.05361194,1841.5686,4226.2527343913125,8157.257526676829,14.113739,0.7943941,-368.27835,112.44531,-39.590626,30.491549,-31.144823,30.012539,-34.423428,3.767283,3.6140468,-13.6870165,-18.180569,-4.357483,1.5663071,0.17239004,0.30129895,-0.022592744,-0.17998515,-0.11119796,-0.122038335,-0.059757095,-0.048503444,0.011451185,-0.0393812,-0.04867063,0.017472887,0.039483633,-0.22817379,-0.1042514,0.20201923,-0.12490202,0.10616104,-0.07531038,0.07194857,-0.04180421,0.029352939,0.00792924,0.031247487,0.032167513,-0.012643356,G09_D03_E_21_Neutral_C1.wav,Neutral
0.1082484534982935,0.0648260488879216,0.01768747,0.054099865,2083.8208,3189.4661368850684,5369.85171581698,11.071295,-0.010380836,-417.511,142.57317,-87.37027,62.16731,2.8034887,0.6352913,23.712944,-15.194786,-1.7109957,-25.977695,-4.1304374,10.098286,-18.872093,-1.0778439,0.30562764,0.10992947,0.04980906,0.06356888,0.10413199,0.10155864,-0.0060514444,0.10343706,0.061257426,0.045650482,0.13618329,0.052355573,-0.33780652,-0.122957304,0.0025060477,-0.034460906,-0.045186676,0.011549014,0.03769983,0.043773245,0.07483283,0.027283054,-0.00051555375,-0.0077677295,-0.0013772408,G09_D04_E_42_Sad_C2.wav,Happy
0.0720986291821561,0.0677419077390834,0.021471545,0.057278223,1654.9045,3046.088516220693,5480.800563429368,4.773898,0.5625395,-407.03555,132.40726,-44.75979,33.824364,3.8647058,-17.463116,-6.858928,-22.19662,-12.109952,-20.81451,-11.121292,0.53962815,-17.20146,-0.35088536,-0.0028535922,0.06027816,-0.29405978,0.12024411,0.15544471,0.026163049,0.014233511,-0.039260834,0.10243299,0.024105916,0.024155067,0.052292436,-0.20977458,-0.07685294,0.013231778,0.100575335,0.015637642,-0.10088337,-0.06411285,0.029741008,0.06176838,0.025698857,0.014025281,0.009986014,0.00912707,G09_D01_K_22_Happy_C2.wav,Happy
0.3010352882179054,0.0925749341475012,0.058742806,0.35666457,2161.4624,7759.352821129574,12827.460046716638,27.146896,6.7137975e-05,-254.76848,20.562084,-40.052353,58.115677,-39.71189,26.422901,-58.365723,23.978815,-39.978107,2.9827642,-16.659063,0.27048522,-8.605292,-0.4200861,0.14411658,0.28253245,0.20276959,0.05530347,0.104531504,0.023364672,0.069432616,-0.046146516,0.059281807,-0.09311817,0.058387615,-0.017528756,-0.2463308,-0.0013795318,0.04746123,-0.036477286,0.03152656,-0.022795517,0.083076626,0.01609599,0.055049833,-0.02229709,-0.004380524,-0.008828625,0.00025924234,G09_D06_C_12_Sad_C4.wav,Sad
0.2659544585853494,0.1178947236638712,0.03706331,0.16517371,2155.4976,6980.733674124595,11820.976011214718,14.263725,0.013736179,-319.71066,10.787451,-59.69882,39.580997,-40.60403,15.979032,-50.249046,17.97778,-40.056576,-0.7819734,-10.80833,-3.063448,-15.932377,-0.6646465,-0.080930606,0.2518915,0.29299942,0.046422847,0.23044835,-0.046914224,0.03490089,-0.005969986,-0.0037893276,-0.107927114,-0.023816617,-0.045024596,-0.09733479,-0.04781416,0.06462541,-0.00065890566,0.049134843,0.018513154,0.0300079,-0.0001493154,0.050152604,0.021394333,0.021227995,-0.012895101,0.009968519,G09_D06_C_12_Shocked_C5..wav,Surprised
0.1793529369212963,0.1304882851593987,0.02014327,0.117710985,2022.2324,5495.449121273299,9509.89990234375,20.937462,0.07770814,-428.44092,30.02747,-63.56087,-6.78047,-31.626492,-13.31462,-27.457098,20.004848,-55.820812,-7.8639803,3.151276,-23.992033,0.9077184,-0.6945221,0.5563383,0.20330141,-0.18840402,0.14073408,0.13631044,-0.19716676,-0.06350211,-0.22040498,-0.094496295,0.06998297,-0.046219613,-0.04797026,-0.21398304,0.07046157,-0.11818713,-0.046740554,-0.054076914,-0.022647355,0.0009679809,0.06636892,-0.02436366,0.04638497,-0.018725095,-0.01823368,0.016904505,G09_D05_C_11_Shocked_C5.wav,Surprised
0.1686756646455224,0.0924736741494975,0.028014975,0.11638162,2121.2664,5513.443302885496,10288.821565998134,11.15931,0.3768239,-359.62463,39.827446,-67.32902,3.959367,-28.419691,-8.462997,-42.753048,13.858705,-52.081203,-8.439869,-7.098796,-21.282743,3.226619,-0.56261903,0.2362783,0.08045707,-0.14428677,0.06363305,0.040483948,0.21532738,0.05671361,-0.08343507,0.026100012,0.005974294,-0.0723581,0.02264221,-0.13458619,0.02771853,0.10938599,-0.014828417,0.04911737,-0.046403617,0.07787319,-0.02362395,0.053881004,-0.005406163,0.026619641,0.052771732,0.047230307,G09_D05_C_11_Sad_C4.wav,Sad
0.1674745858433735,0.1050506660430674,0.029480146,0.08644877,2028.4789,5403.571740412639,9890.139660203313,8.718236,-0.04494355,-328.7753,66.79193,-45.48306,18.408882,-16.526468,-5.326979,-44.659092,28.134647,-40.246777,-24.659874,-9.23126,-9.741056,-2.8157818,-0.6481844,0.76353824,-0.2305336,-0.2947448,0.014150918,-0.1782015,0.1492855,0.14325818,0.2020766,-0.25372386,0.038751543,0.14208016,-0.2286341,-0.28841895,-0.292606,0.1281187,0.045393184,-0.02929198,0.06953871,0.06640566,-0.0541009,0.002100665,0.135464,-0.019333143,0.005054449,0.044802114,G09_D02_K_21_Furious_C3.wav,Angry
0.1775191695601851,0.096538729173059,0.04507917,0.16269623,2099.8892,5663.235255481116,10066.453450520834,10.202956,0.17484564,-287.25003,52.04767,-53.998352,8.472033,-21.986334,2.853356,-46.76065,24.143023,-32.909687,-27.82848,-8.720911,-8.302715,-21.635374,-0.40482274,0.5094004,0.009996767,-0.2903771,-0.07899709,-0.039812487,0.030462025,-0.07556951,-0.064613774,0.069096066,0.108718894,0.023135044,0.16050407,-0.123566166,-0.067706406,0.0770385,0.029809285,0.015664635,-0.09954215,0.08266466,-0.026398955,0.04734268,0.047932986,0.056278568,-0.0077576,0.03978709,G09_D02_K_21_Happy_C2.wav,Happy
0.225830078125,0.1072080412424173,0.04950136,0.21927695,2154.5417,6690.64520809815,11333.94393338502,48.01872,0.0812035,-285.0436,19.249392,-60.20396,30.782118,-51.32749,10.066204,-56.704678,17.15946,-38.815456,-12.472367,-5.5878053,-5.382146,-26.86088,-0.42017612,0.6239601,-0.13850746,-0.18497828,-0.13074411,-0.1642228,0.17038703,-2.7459997e-05,0.102738604,-0.06263989,0.039341714,0.03864736,0.054648187,0.04808599,-0.23512422,0.12451494,-0.034643427,0.16397321,-0.039869368,0.1036836,0.008951844,0.10269453,-0.028185943,0.021516722,0.018876592,0.059184745,G09_D06_C_12_Furious_C3.wav,Angry
0.1187881469726562,0.0690226083589924,0.021986194,0.057782263,2058.5034,3428.5863972981197,5565.5255126953125,6.8393574,0.09230975,-397.1289,122.666916,-87.243164,59.362804,-10.734834,-16.24185,18.177547,-9.3678465,-0.020412445,-21.394989,-4.1690955,8.179789,-13.747327,-0.85739696,0.030943966,0.16251612,-0.10758922,0.18486094,0.30463687,0.16714354,0.021023428,-0.0422839,0.010256183,-0.045459192,-0.046188515,0.01704067,-0.21103053,-0.05048483,0.016232174,0.030059507,0.01004236,-0.016998032,0.0025271594,-0.0013300374,-0.0048019914,-0.005223674,0.01633447,0.0051011466,0.022274598,G09_D04_E_42_Shocked_C5.wav,Surprised
0.2384956173780487,0.106720955880427,0.03269768,0.34154347,2000.5543,6751.302160767124,11603.095226753048,69.05645,-0.025488412,-312.8624,42.249912,-24.445652,35.283875,-33.15645,31.375984,-28.155714,31.39481,-19.660997,-7.20927,-7.210148,9.868697,-25.961943,-0.16942477,0.38612583,-0.102368385,-0.33360285,-0.1286094,-0.01272704,0.2021165,-0.071021035,-0.037856963,0.06594499,-0.020362468,0.021740003,0.2608606,-0.107148014,-0.109783396,-0.09490359,-0.0040095393,0.014985911,-0.045675226,0.0951658,0.0082725445,-0.03094824,0.01312895,0.0018196853,0.014390133,0.043668788,G09_D02_K_21_Neutral_C1.wav,Neutral
0.129240509647651,0.1112628247103689,0.015724892,0.09558638,2163.485,4413.9972858277415,7576.724878093541,32.422848,0.18619983,-453.31754,78.06478,-48.857464,50.762753,16.930183,-5.765737,3.9576964,-22.017296,-1.6401224,-4.061132,-7.3195524,1.2520881,-8.333912,-0.46375296,0.12959632,0.14332867,-0.025665386,0.105888054,0.14689319,0.1128601,-0.019272765,-0.07999591,0.09195401,0.080810346,0.02987206,-0.010423369,-0.26417735,-0.0679396,-0.10492188,0.035791557,-0.050905693,-0.06280054,-0.010136673,-0.03761381,0.019378524,0.019184778,0.016423881,0.016708285,0.0017831557,G09_D01_K_22_Sad_C4.wav,Sad
0.156979815391459,0.100195524210906,0.03384179,0.14238301,1995.4978,5349.7699189191035,9877.53315447064,12.229437,-0.07813616,-352.97986,45.43935,-72.78752,-11.102613,-34.106533,-11.14253,-45.858204,14.065963,-56.119698,-9.625584,-2.345126,-18.83767,-4.652031,-0.7997987,0.61133873,-0.14564033,-0.15889174,-0.02155889,-0.034119237,0.20399149,-0.05131021,0.21707311,-0.17650566,0.04151939,0.10159796,-0.07778867,-0.22707161,-0.117923126,0.11789197,0.008488849,0.0035604464,0.061167967,0.020890854,0.038323615,0.02350007,0.08928486,0.04377386,0.008603059,0.00517181,G09_D05_C_11_Furious_C3.wav,Angry
0.0937687200479233,0.0822979186735217,0.013965453,0.105769284,1848.7878,3257.654045206447,5698.0432869908145,38.223682,0.21082921,-465.2402,127.70318,-54.16068,56.14616,-0.64183867,-9.519611,7.0374594,-24.542057,-8.649522,-26.577011,-14.085935,4.998101,-15.275116,-0.4772993,0.10017935,0.14579354,-0.010095249,0.025017107,-0.010947904,0.06711577,0.15254024,-0.015110519,-0.047067497,0.0484642,0.009879067,-0.052483976,-0.0013796894,-0.23252244,-0.05875809,-0.05142022,0.018985601,0.047512677,0.011210228,0.01622134,0.025820224,0.037502997,0.01574751,-0.010809316,-0.0034880165,G09_D01_K_22_Furious_C3.wav,Angry
0.1869822746545226,0.1365694643822886,0.012983187,0.08607603,1960.6405,4925.443578194981,8881.418322079146,25.704575,0.5772834,-435.73264,90.258575,-39.926453,36.017326,-21.265148,24.956562,-21.016954,1.0073233,-8.147946,-5.1957793,-15.535119,-1.5299768,-4.2463994,0.107295744,0.14323625,0.031511605,-0.21591085,-0.12711008,0.07086462,-0.077970564,0.036785968,-0.1074708,0.024219848,0.048234858,-0.085511036,0.06655435,0.21178244,0.088088356,0.06753531,-0.046626423,0.030963235,0.015191299,-0.008745927,-0.0020244205,-0.016408361,-0.023176754,-0.016274145,5.735285e-05,-0.005082961,G09_D03_E_21_Happy_C2.wav,Happy
0.1726119995117187,0.1201350996474726,0.014851081,0.11739844,1752.084,6815.354027285231,13033.5205078125,39.23533,0.054972425,-461.8238,27.192358,-14.976184,25.64272,-25.04807,-11.324377,-52.993103,18.982157,-18.339355,-18.42102,-19.557682,-11.302835,-26.510662,-0.37572178,0.283923,0.20214677,-0.2162145,0.088396065,0.09261869,-0.049175363,0.0071600736,0.013986871,0.12566142,0.03561188,0.063787565,0.0356689,-0.15405434,0.046988226,0.0028472065,-0.02353679,0.13530779,-0.01906834,0.055445313,-0.035086416,-0.02277567,0.01595748,0.07378422,-0.016533066,0.05089301,G17_D02_K_20_Mutlu_C2.wav,Happy
0.2088891374806501,0.1276499719010978,0.028044987,0.24329588,2022.665,7558.289094621217,13732.19814241486,40.699394,-0.015233128,-391.60733,14.334364,-23.64635,17.671968,-25.290665,3.9849389,-50.552826,20.173883,-26.27616,-13.849309,-16.342728,-3.229239,-27.28307,-0.08261451,0.79344285,0.104636095,-0.2356232,-0.038629822,-0.064755045,0.042665146,0.046367403,0.03433614,-0.0024103513,-0.06548821,-0.024305973,0.06790206,-0.19166245,0.079475164,0.0462361,0.07704957,0.10692088,0.021285396,0.09453433,0.011438975,0.032976855,0.02251654,0.03984555,-0.026707169,0.021867698,G17_D02_K_20_Ofkeli_C3.wav,Angry
0.1837605391398515,0.1168502155312098,0.0040246206,0.015470885,2365.3013,6709.479566380134,12899.401372021968,10.273009,-0.048859548,-518.08405,15.362588,-16.43357,34.42796,-9.229034,-9.195297,-25.036518,3.8857052,-18.98185,-19.763033,-13.227855,3.489657,-14.975456,-0.6211212,-0.15739323,0.01122224,0.098516524,0.10734859,0.15910502,0.10840432,-0.0013538399,-0.03890787,0.0005644536,-0.034231886,0.02421751,0.0022179184,-0.13088083,-0.009335358,-0.044607267,0.021532847,0.026493039,-0.0021956882,-0.0084509775,-0.02018352,0.001986768,0.018243434,0.015416185,0.0043644966,0.0020272355,G17_D03_C_09_Uzgun_C4.wav,Sad
0.1925927575325733,0.1222567007791252,0.012372912,0.04309213,2077.4902,5768.344871058502,10085.8156682614,12.6223545,0.12351951,-455.6711,52.53655,-59.971752,23.66049,-17.31821,29.076197,-46.991425,21.039635,-28.173237,-18.569286,-16.509222,-2.4188006,-14.409695,-0.8064503,0.66168404,-0.17834544,-0.20220518,0.25286394,-0.19306503,0.14839263,0.10729309,0.13302307,-0.15346044,0.06301403,0.041168455,-0.0002830611,-0.19760759,-0.28737262,0.23465724,0.011330917,0.03482135,0.09805678,0.057486977,-0.017992048,0.02848707,0.040203944,0.0012540227,-0.014954233,0.01029945,G17_D05_K_66_Ofkeli_C3.wav,Angry
0.1531818029190544,0.1196056503606519,0.0086186705,0.046737764,2006.4757,6641.083652796213,13337.320497179442,19.204872,-0.23411609,-458.0352,10.842445,-23.79779,11.698734,-17.292168,-16.229633,-23.686111,7.389082,-26.08897,-18.856611,-7.007506,-3.5687847,-19.26031,0.02915872,0.7326128,-0.32288677,-0.041134186,-0.018082473,-0.1436402,0.0665054,0.034566913,-0.119372964,-0.027686581,0.033281162,0.003728413,-0.07615624,-0.13779637,0.031215504,0.08106201,-0.009402141,0.038610023,-0.0044070873,0.024210349,0.012944804,0.026101591,0.0048005166,0.0055159926,-0.026435256,0.00046295457,G17_D03_C_09_Ofkeli_C3.wav,Angry
0.2347364549512987,0.1356832781032517,0.008439187,0.038344376,2160.8354,6470.544437502251,11038.92666903409,15.816103,0.30194408,-503.38766,39.283184,-55.234303,26.983505,-14.979317,29.831383,-44.83971,22.2942,-32.035557,-11.326826,-9.693441,-6.3623705,-6.951947,-0.7563153,0.0051231384,0.20876107,-0.017535955,0.054474708,0.09845162,0.27656028,-0.07402627,0.08429907,-0.023105929,0.03862386,0.093981415,-0.068030536,-0.2065344,0.0055072685,0.09846289,0.030401383,0.010160885,-0.020603696,0.053124245,-0.0071341577,0.047194187,0.014383786,0.024308044,0.018780861,0.011654781,G17_D05_K_66_Uzgun_C4.wav,Sad
0.2267724328214971,0.1129268170379964,0.021271069,0.06820697,1897.4186,8369.254650154282,14395.843330134358,6.972701,0.50708145,-412.0598,-16.142065,-41.310307,-5.096461,-33.768017,-3.2770953,-37.539173,13.993408,-62.14104,9.837176,-15.539973,-18.279139,-13.226476,-0.2479695,-0.22028665,-0.06988886,0.069129765,-0.00047500303,-0.010819587,0.06566359,0.010218796,0.040999703,0.09102126,-0.005669061,0.03294986,0.017259357,0.16191693,0.13043992,0.053100243,-0.07815332,0.022220831,-0.031544548,0.06904364,-0.03137191,0.032445494,-0.0039342176,0.014466409,-0.020455688,0.044938557,G17_D04_C_08_Mutlu_C3.wav,Angry
0.2716465541294643,0.1387951496322551,0.017548382,0.09015806,1955.9097,9005.917171993666,15202.566964285714,11.938788,0.27217215,-463.13007,-5.949262,-32.14118,-4.977156,-33.802837,-5.267986,-30.921808,17.944422,-62.980083,10.579259,-16.781076,-8.472555,-15.552877,-0.005296598,0.029270275,-0.08596187,-0.06651568,-0.060159158,0.08608849,0.09408819,-0.026030796,0.045131616,-0.04332759,0.059252426,0.024323463,-0.05830301,-0.13350691,-0.088680975,0.040767998,0.050568942,0.016784355,0.011511507,0.058546167,0.021966409,0.049563486,-0.047320705,-0.000614718,0.0024143073,-0.019506978,G17_D04_C_08_Notr_C3.wav,Angry
0.190413590315934,0.1584505573789552,0.008103468,0.034594476,1814.6769,2591.3704566864544,4814.2170329670325,24.536213,0.09866062,-455.0262,47.678593,41.603317,-2.9978487,-35.641174,-19.65605,-5.5678387,-34.409637,-14.274395,-15.969516,-7.3070164,-8.558825,-8.157067,-0.4917556,-0.80667365,-0.034566566,0.011862765,-0.08154644,0.0050477707,0.28797564,-0.059580278,0.31273732,-0.10351645,-0.21863388,0.1379082,-0.0049253977,0.0988776,-1.3481133,-0.056755636,0.6408348,-0.098689176,0.09486146,0.3303027,-0.08221202,0.21213393,-0.0724513,0.06679202,0.03546469,0.011099229,G17_D01_E_21_Mutlu_C2.wav,Happy
0.2337472098214285,0.1300438019641993,0.02858723,0.14289936,2147.6868,8296.833397948942,14383.624188311687,11.091307,0.30127603,-439.33304,-23.252098,-45.086372,-5.5106244,-22.83425,-3.521656,-40.786957,8.67294,-41.284977,2.9731104,-15.115184,-17.86005,-6.6634583,-0.06991392,0.3064815,-0.08553292,-0.094029106,-0.029272368,-0.035766702,0.01631364,0.029285483,-0.042005118,-0.022316286,-0.024169963,-0.020262176,-0.01722413,0.09893434,0.13195232,0.041944776,-0.039065793,0.021529002,0.0038437766,0.018973915,-0.005543404,0.019417085,-0.013492558,0.02306573,0.0025721672,0.018948512,G17_D04_C_08_Ofkeli_C3.wav,Angry
0.1389645539688427,0.0948991943802547,0.0055514565,0.018387366,2016.3445,6763.536095396685,14158.049106314911,4.9801145,-0.24249588,-484.75125,21.109156,-21.470123,7.3823433,-7.994897,-17.008411,-18.053461,10.557307,-18.946798,-20.676968,-17.305166,-4.6127124,-12.951632,0.24872798,-0.43090513,-0.27399737,0.049256343,0.10250346,0.07619705,0.029141828,0.046796013,0.0433779,0.10922503,0.107402086,0.057553038,-0.016529746,0.08338268,0.033592198,-0.0059272177,-0.075328,-0.056967035,-0.061585784,-0.012483371,0.011579475,-0.014321188,0.005367391,0.036899976,0.028154619,0.019769773,G17_D03_C_09_Mutlu_C2.wav,Happy
0.2167660950931232,0.1262054052369079,0.010792954,0.038415346,2040.4116,6223.900265822411,11024.629801665473,11.254079,-0.10347379,-466.74677,58.82905,-49.02018,23.580128,-21.26164,34.179913,-56.829243,33.36024,-28.610106,-12.28186,-19.448061,0.12742794,-9.145134,0.10166632,-0.34506354,-0.2192043,0.16137372,-0.2423912,0.05940331,0.014536844,0.06404181,-0.04153983,0.080711015,-0.021915061,0.08635925,-0.036483116,-0.14306292,0.047127552,0.123507984,-0.042191,-0.037853442,-0.05295825,0.19013269,-0.07943265,0.08255601,0.019203896,0.028549535,-0.012545643,0.02939708,G17_D05_K_66_Mutlu_C2.wav,Happy
0.2892958379424779,0.2113840493111937,0.01198801,0.02583619,1420.4673,3270.762866933998,5776.341261061947,10.536213,0.13368888,-410.1773,17.26829,48.607758,-20.857927,-30.756657,-9.42084,-26.70322,-30.041862,-15.88897,-11.907648,-6.317712,-13.340297,0.86465406,-2.1468353,0.19322519,0.0121415565,0.27241284,0.42858344,0.2475542,0.09240366,-0.116906494,-0.042041283,-0.04554975,0.060476474,-0.09033094,-0.057993025,-1.2727478,-0.45460996,-0.16643116,0.38309026,0.2743706,0.018212793,0.2542609,0.15735888,0.23107797,-0.014288657,-0.122303136,0.017772298,0.036833327,G17_D01_E_21_Saskin_C5.wav,Surprised
0.2009647253787878,0.1572530603910765,0.007462387,0.02658281,1401.1517,2661.5229304959653,5045.849116161616,12.134337,0.20837843,-453.25952,51.982033,48.42907,-8.129905,-30.16539,-15.723827,-2.5815794,-30.66827,-18.945969,-13.621123,-2.491839,-3.4560313,-14.059558,-0.022910465,0.15607809,-0.2831024,-0.799544,0.15657045,0.05809041,0.33195627,-0.25691882,0.17992829,-0.12398816,0.15158783,0.20437345,-0.12253165,-0.7983767,-0.19535822,-0.06834075,-0.1850291,0.3540651,0.20693897,0.13676502,0.17579724,-0.08255269,0.08848612,0.082305506,-0.13127224,-0.07744948,G17_D01_E_21_Notr_C1.wav,Neutral
0.1879938173185941,0.1365234620189023,0.005627821,0.017890615,1660.5073,5984.208169446956,11510.986328125,8.671866,0.2505038,-496.2852,73.03298,-11.311991,30.129385,-37.689636,41.24742,-25.7528,14.309399,-16.35683,13.450531,-16.800295,0.19673583,0.25860694,0.16019483,0.22177483,0.03420595,-0.19077815,-0.26053604,0.022348927,-0.055330414,-0.11533543,0.030545743,0.029750278,-0.056586917,0.021670239,-0.017211229,-0.13053039,-0.020651493,0.036028996,-0.06807664,-0.00070945907,-0.057437014,0.032395255,-0.014715967,0.014340776,-0.03470095,0.027376717,0.01901137,-0.0053901873,G17_D06_E_68_Notr_C1.wav,Neutral
0.2031870874865301,0.1355619215360888,0.005296594,0.033240713,1815.8827,6347.208600722725,11805.810652108028,22.156206,0.2855082,-503.9716,60.282177,-15.98464,40.211384,-28.981188,50.094296,-24.923483,17.203377,-19.215496,12.5594,-16.41508,2.1008308,-3.0095646,-0.65799445,0.011624632,0.1172524,-0.016989922,0.054947887,-0.096762195,0.1896235,0.051057763,0.14427646,0.024428302,-0.02728683,0.0010790044,0.02825508,-0.24341518,-0.049225412,0.043097056,-0.0012766164,0.010448316,-0.0013903842,0.018381024,-0.02553886,0.03123873,-0.00038499257,0.010949103,0.005099577,0.021924768,G17_D06_E_68_Uzgun_C4.wav,Sad
0.2280767899525316,0.1138186510440269,0.010746826,0.1481762,1807.6571,7508.177761481709,13556.59117879747,130.8046,0.074616194,-469.12976,33.46553,-5.756561,26.780354,-26.10231,4.2090015,-49.684677,17.832115,-33.29786,-9.3804035,-7.3007154,-13.241226,-21.952414,0.06489877,0.2772333,0.028497515,-0.32892042,-0.17461811,0.012847562,0.02588015,0.07878076,0.050574373,0.17410593,-0.12500857,0.0125829475,0.14307152,-0.1925446,-0.043781813,0.10192832,-0.060254157,0.01993429,-0.014188762,0.12786093,0.03429244,0.011858747,-0.017146014,-0.01273881,0.040480077,-0.014715183,G17_D02_K_20_Notr_C1.wav,Neutral
0.1592831476098191,0.1171696365904736,0.008920398,0.025744263,1638.1819,5612.666183635429,11114.19308684593,6.1323223,0.34973383,-456.4506,78.889786,-13.311294,32.000004,-36.80884,51.076733,-31.098467,8.5811405,-15.346399,15.845223,-18.17631,-4.999432,-3.8154483,-0.023833046,-0.2650745,-0.19977637,-0.060261108,-0.031738084,-0.046753585,0.10541766,0.023143364,-0.013790707,-0.014800702,0.03433818,0.18314716,-0.06809202,-0.15330751,-0.13412856,0.04519339,-0.074157156,-0.019782651,-0.06686359,0.045108084,-0.05061016,0.058136035,-0.02373436,0.0011008778,-0.024258567,0.031108316,G17_D06_E_68_Mutlu_C2.wav,Happy
0.15087890625,0.0960770075693876,0.015251017,0.092042446,2254.344,5107.430638566113,9430.651466709793,22.341993,-0.030558486,-445.38327,42.713825,-52.186604,35.905064,-18.916819,22.46243,-64.89232,-4.8539567,-10.024854,-0.5420573,-23.666174,8.553105,-23.795734,0.08785335,0.9724562,-0.027291037,-0.3196475,0.19031744,-0.22153145,-0.1252792,0.146707,0.026056776,-0.14659914,0.036578137,-0.09369049,0.06709457,-0.22694486,0.045206215,0.017138602,0.042204063,0.058671188,0.012681065,0.12968017,-0.048622634,0.07719469,-0.05653421,-0.0085617285,0.010757037,0.041712455,G10_D04_E_24_Ofkeli_C3.wav,Angry
0.2103737238933915,0.084553417460156,0.025029,0.073071554,2400.4597,5951.045132389672,10339.535316980984,6.43429,0.3184548,-409.89316,-13.635314,-103.95024,11.501543,-46.00204,-13.2217045,-35.118874,4.1596375,-45.189613,19.89392,-19.521767,8.993067,-3.9249377,-0.4038767,0.13864852,-0.12225066,-0.11651403,-0.014300943,0.008024929,0.19961038,0.0062946263,0.030640876,-0.0071046217,0.009438874,0.003555362,-0.09881529,-0.17704833,-0.1033797,0.19497754,0.062013682,0.04795923,0.02218501,0.021828322,-0.010629713,0.031901814,-0.06140343,-0.015586807,-0.00089453463,-0.015099117,G10_D01_C_7_Ofkeli_C3.wav,Angry
0.1474138937915282,0.103682539232823,0.0093328515,0.037502486,2126.9133,5193.098088580145,9903.127271075582,9.557205,0.37458766,-480.8178,45.45057,-45.52093,22.927359,-14.056501,15.41465,-62.475616,-11.471226,-10.406091,-2.7692146,-16.922718,3.5278776,-26.9437,-0.45882273,0.31463933,-0.07140422,-0.15275165,0.08145894,-0.059302073,0.33221036,-0.03957675,0.15106925,0.06956171,0.094456665,0.0052435296,-0.11373288,-0.090231396,-0.011658957,0.08212996,-0.03979368,0.05236625,-0.027198507,0.04037816,0.0121513605,-0.017532092,0.04635477,0.020647231,0.05077503,-0.021466775,G10_D04_E_24_Mutlu_C2.wav,Happy
0.1472826086956521,0.1168588054707103,0.012894579,0.0624926,1644.2242,5564.799729282058,10663.99116847826,11.6939,-0.0866019,-450.8983,35.577354,-36.421825,20.325933,-27.669212,10.435341,-39.67956,-2.2216299,-38.374683,-2.9946904,-5.183076,-9.261136,-27.049711,-0.07069451,0.8031406,-0.132894,-0.23064353,0.015068143,-0.1811768,0.14230362,0.09599295,0.05462232,-0.1272003,0.055234246,0.04686414,-0.02665919,-0.12720694,-0.08713293,0.06148047,-0.01683756,0.07029419,0.017028024,0.018191723,-0.01981951,0.03484985,-0.023086092,0.0066545266,-0.0069478797,0.026044436,G10_D02_C_16_Ofkeli_C3.wav,Angry
0.2864709995136186,0.1086950566601828,0.041089695,0.1942273,2327.2292,7371.873381151792,12599.26985803745,15.571821,0.0077489866,-341.24963,7.223173,-68.154175,38.379795,-48.662632,17.085724,-49.885876,24.48714,-39.2216,-3.731117,-20.031013,2.777759,-25.628815,-0.39948705,0.8623937,-0.19296686,-0.1376012,0.04592273,-0.3424596,0.19715579,0.18184172,0.01638221,-0.11182702,0.02295276,-0.055828318,0.010811566,-0.21729916,-0.029629393,0.21151437,-0.03607275,0.079334825,-0.008100962,0.108099274,-0.049825244,0.12202815,-0.02403828,0.0068960283,0.022457967,0.058804944,G10_D05_K_26_Ofkeli_C3.wav,Angry
0.1568279328893442,0.0964968790364095,0.006284943,0.045272965,1784.3181,5069.977892558113,9898.142770235656,31.608467,0.25003073,-477.2586,85.54858,-9.9479685,55.873833,-11.188296,40.397858,-42.827072,1.4214449,-10.341407,8.62679,-8.975553,5.016646,-16.1941,0.3070214,0.24104166,0.11513304,-0.089921154,-0.27521983,-0.08088109,0.010246746,0.01626528,-0.058979027,0.055998705,0.00042626116,-0.1592884,0.14131811,-0.3662743,-0.08814713,0.0008519798,0.014246076,0.011723242,-0.09478027,0.033513676,0.017642425,0.03344686,0.004350859,0.00092279713,0.0014870127,0.0335903,G10_D03_E_23_Notr_C1.wav,Neutral
0.1199648290648496,0.0661401362637775,0.0091173705,0.03363318,1938.3032,4674.372790340669,8942.998303865132,6.5163383,0.051993985,-442.445,74.02144,-47.428898,39.302948,-26.358791,19.67448,-39.366543,-5.281366,-13.368265,-3.9517744,-37.282806,1.6841545,-17.49347,-0.08326334,0.20203896,-0.043207772,-0.051246405,-0.23759201,-0.23246528,0.05671233,0.19257702,0.0467636,-0.07026016,0.2061697,-0.0031041005,-0.1206429,-0.37168032,-0.007446701,0.06216901,-0.02658502,0.078948714,-0.04745131,0.09142945,-0.026777564,0.02819384,0.010163821,0.038824566,-0.035653736,0.0072703524,G10_D03_E_23_Mutlu_C2.wav,Happy
0.1719141370467557,0.1053059731891644,0.011228513,0.09713878,2034.7838,5293.041674137499,9840.92039151956,46.439327,0.040312685,-456.32764,62.573936,-24.0684,46.266125,-14.983144,16.21955,-56.927914,-1.0689224,-4.0366287,1.1532012,-9.998956,9.673077,-24.182491,-0.03861586,0.30338556,0.10717717,-0.11124874,-0.26800963,-0.11369489,0.06761208,0.0038936192,-0.051582575,0.08860823,-0.10147835,-0.072671115,0.08782674,-0.28948638,-0.08493547,0.060046535,-0.009380457,-0.010999603,-0.0063831825,0.11961478,0.028083125,0.078127004,-0.024183227,0.04291557,-0.022497855,0.038852785,G10_D04_E_24_Notr_C1.wav,Neutral
0.1993058554491206,0.1414446864993938,0.011383718,0.05125567,1779.0022,6148.621766545862,10415.902510599872,10.342679,0.42152432,-483.55963,8.611623,-42.35898,20.190195,-33.643227,16.3107,-32.929703,-7.611331,-37.40765,6.864239,-1.1404731,-5.993044,-17.298288,-0.7590648,-0.026382599,0.17456508,0.16798791,0.18045913,0.19327337,0.07432788,-0.14636104,0.03164495,-0.029884031,-0.041027322,-0.09567358,0.00048447613,-0.10219677,-0.03688425,0.036940217,0.050006248,0.024505654,0.021863353,0.05459321,0.0011718142,0.029169058,-0.005160602,0.008545628,-0.0012820348,0.018973175,G10_D02_C_16_Saskin_C5.wav,Surprised
0.264087765715843,0.1256625322562017,0.035851084,0.217798,2279.2092,7083.054237790098,12110.861844794696,20.867529,0.0010010379,-377.71683,13.281928,-60.69565,17.61934,-37.186783,24.291157,-58.754536,30.434053,-28.893444,-15.397763,-13.578369,7.318123,-33.759975,-0.2132977,0.7288067,-0.09667361,-0.097813316,-0.0005158713,-0.29285285,0.06729128,-0.04692558,0.11665773,-0.11512656,-0.028690683,0.009611149,-0.05128031,0.08645409,0.14541055,0.11293593,-0.035111774,0.04126254,-0.0231674,0.022767471,-0.047082767,0.034713086,-0.050347887,0.02412032,-0.02691403,0.015520764,G10_D06_K_27_Ofkeli_C3.wav,Angry
0.2157282686781609,0.0995207872896196,0.027864873,0.08509557,2376.731,6188.698045927524,10944.262863685344,6.156767,-0.10528149,-415.22897,-18.497898,-105.02412,10.964408,-46.790905,-7.8400908,-28.88324,9.533553,-43.447468,15.28708,-23.144243,12.996227,-9.708625,0.055515192,-0.3150313,-0.039383717,0.06144025,-0.05526041,0.12937075,0.07037629,0.017572079,0.0081327325,0.18147853,-0.025806151,0.052548096,0.012824091,-0.082645826,0.008607653,0.044216733,-0.04806858,0.049252458,-0.025884714,0.011568563,-0.017974025,0.022010949,0.027488837,0.010540901,0.010593419,0.008835285,G10_D01_C_7_Mutlu_C2.wav,Happy
0.1743681675132508,0.0919342278543901,0.011681258,0.04110799,2084.6294,5691.675862477518,10428.537882343198,7.557847,-0.02556335,-421.89627,60.82426,-32.453274,44.273132,-24.591179,23.986696,-42.99044,3.0277271,-1.0770178,-7.0428047,-32.982586,11.213146,-16.161564,-0.37987348,0.14260955,0.03413551,-0.022400415,0.07601155,-0.00078625896,-0.1071789,0.05140331,0.100200735,0.02143097,-0.004143413,0.06961042,-0.04865937,-0.38975084,-0.17011145,0.12738374,0.11427674,0.060753867,-0.024202593,0.10287634,0.03686295,-0.0495284,-0.026070248,0.057809405,-0.0013517305,-0.011669797,G10_D03_E_23_Ofkeli_C3.wav,Angry
0.3158159398320895,0.108819957492138,0.020152006,0.2245675,2001.9749,7516.75773223643,12917.43109404151,67.2716,-0.047814213,-379.59644,37.791386,-34.98946,24.31279,-46.74645,36.5132,-50.026733,33.747902,-26.93369,-4.943462,-12.801815,7.758032,-22.994768,0.33961722,0.3920382,-0.11189106,-0.35226145,-0.19022858,0.029329315,-0.11042912,0.039684296,0.18144812,0.058590498,0.050908588,0.08149266,0.061408967,-0.29683462,0.08472889,0.10015846,-0.069541946,0.117397934,0.03743231,-0.0005202596,0.017391589,0.054825023,-0.06672129,0.057226498,-0.04199171,0.019692214,G10_D06_K_27_Notr_C1.wav,Neutral
0.1474652713572485,0.0955681088739141,0.014051999,0.06616481,1816.8042,5568.97511996875,10623.577772512945,10.979695,-0.06085915,-435.4391,31.05378,-50.286762,25.343056,-25.967426,6.9443235,-52.72326,3.6798623,-35.190865,4.468947,1.4783157,-10.053839,-27.726204,-0.40245417,-0.38881683,-0.104514904,0.03409441,-0.1891033,0.14308706,0.12797533,-0.017626872,-0.010244265,0.12603901,-0.07052574,0.01619014,0.06146879,-0.1175324,-0.01286872,0.09573031,-0.11181327,0.06496898,-0.03230169,0.17228971,-0.062173754,0.02671946,-0.0016238069,0.035332233,-0.0019521551,0.03909665,G10_D02_C_16_Mutlu_C2.wav,Happy
0.2416925904977375,0.1270057787712294,0.015143973,0.063805506,2003.4037,6565.71359785113,12090.357660492082,22.628117,0.19165005,-396.56052,51.058346,-39.526875,30.387735,-35.087444,22.52538,-42.34643,35.838337,-26.238829,1.8189827,-12.225787,-1.4520665,-14.372673,0.24011558,-0.0637975,-0.1381797,-0.047076885,-0.051985797,0.09128733,-0.11751943,-0.013670661,0.073595695,0.04788284,0.037616886,0.022302516,-0.021219743,-0.45220068,-0.037385948,0.1192017,0.11653754,0.0064694937,-0.023176128,0.17340896,-0.041770574,0.044944495,-0.025983056,0.035881188,-0.014938913,0.052505363,G10_D05_K_26_Notr_C1.wav,Neutral
0.2658367325774336,0.1254114935767114,0.022439443,0.194474,2148.9028,7392.841096777216,13334.451915099558,39.48644,-0.044712886,-405.34528,10.325689,-53.325012,3.832648,-39.208622,19.562895,-51.822098,17.131315,-23.315119,-10.909949,-19.891787,5.951805,-32.702896,0.28635192,-0.2022455,-0.14205217,0.008358615,-0.13992184,-0.055814072,0.084453896,0.012780499,-0.097465605,0.12423805,0.04709543,0.08419255,0.0017794832,0.026174303,-0.008244011,0.00078527624,0.036227394,0.059871037,-0.038940705,-0.013673304,0.013395156,0.037559893,-0.041396335,-0.0026717882,-0.007878375,0.02866136,G10_D06_K_27_Mutlu_C2.wav,Happy
0.2106239831887201,0.1032746210319149,0.014532768,0.055728976,2189.068,6153.693030181712,11154.059089445498,8.831417,0.33565092,-417.7675,13.32038,-80.26017,4.7221913,-50.13313,-5.73779,-33.204105,8.816593,-37.808132,11.495518,-13.400241,-0.84907126,-11.8454895,0.05238282,0.22714847,-0.0060412725,-0.102909,-0.022938509,0.009885399,-0.10853676,0.10342364,-0.06282392,-0.046270028,0.019390188,0.033878874,0.051961288,0.06671746,0.054303523,0.02087459,-0.065576375,0.08701869,0.030432351,0.0060107154,-0.04784338,0.012533486,-0.007922816,0.069190964,0.0029652794,0.0012484688,G10_D01_C_7_Notr_C1.wav,Neutral
0.2781108134501689,0.1105881376900253,0.023063187,0.15170708,2180.7454,7183.029241381773,12360.858814136402,22.323818,-0.028224569,-395.29483,16.302622,-53.668995,46.022816,-30.543377,29.80004,-44.39375,29.717146,-34.766556,5.279524,-12.666677,-1.7820759,-16.434769,-0.13804278,-0.4720601,0.02888514,0.21425423,-0.21379082,0.092779025,0.18893261,-0.03366574,0.086499415,0.097767755,-0.10155709,0.15858969,-0.055402808,-0.2625037,0.19703147,0.119681604,-0.06337387,0.035921365,-0.04826373,0.030572334,-0.10329373,0.012961933,-0.0071201036,-0.041456472,-0.019022236,0.0060340133,G10_D05_K_26_Uzgun_C4.wav,Sad
0.06201171875,0.0477661974013417,0.012601258,0.038961194,2023.3254,2637.8204756176942,4527.02030254777,3.544136,0.50750744,-504.5471,97.399666,-80.97045,17.203707,-6.4024568,-29.4178,-6.888339,-27.772451,-17.32706,-27.732708,-28.311579,-4.876272,-20.037292,0.018408757,0.16391824,-0.05963786,-0.09843175,0.020192536,-0.03813789,0.055477895,0.16215745,0.010270458,0.022797028,0.057651483,0.020344406,0.057860762,-0.16634361,-0.12456019,0.119505964,0.043831915,0.08848363,0.06946159,0.0072933612,0.030884748,-0.021039268,0.009126293,0.041289616,-0.0026777443,0.0026936333,G13_D05_C_10_Furious_C3.wav,Angry
0.0733542772209119,0.049246836941105,0.016785767,0.044977274,1943.536,2759.841547456605,4938.163325471698,3.659298,0.25268126,-490.76102,119.247284,-94.449394,5.5089827,-6.2467027,-31.196293,-9.358113,-22.521585,-7.7624874,-21.460012,-21.892122,1.7710338,-20.995323,0.22893749,-0.47061598,-0.5501059,-0.0727856,-0.05646137,0.17605892,0.1412115,-0.12578283,-0.017666444,0.030215569,0.032242477,0.07362892,0.044748385,-0.29126954,-0.06513206,0.2508577,-0.09483493,-0.024175806,0.074503824,0.033082835,0.019043911,-0.06624298,0.028716972,0.065637164,0.0104571525,0.015071173,G13_D06_C_14_Happy_C2.wav,Happy
0.0819934962951031,0.0655479116981715,0.009022963,0.03822585,1767.3947,2973.041901075539,5014.114851804124,11.030826,0.22186148,-522.7435,121.06342,-65.795906,43.3824,8.55968,-12.875826,20.338356,-18.968075,-19.914167,-14.149934,-16.428122,-5.5188828,-10.366383,-0.51992196,-0.2386842,0.25238046,0.04095685,-0.021598944,0.16085975,0.10470233,0.080187485,0.13362299,0.03056522,0.015065493,0.09777453,0.037379783,-0.20715183,-0.07331032,0.07581164,-0.038373716,-0.024375184,-0.011403403,-0.029473115,0.0055085523,-0.021624848,-0.016385984,0.022171205,0.008920565,0.0089628985,G13_D04_F_28_Sad_C4.wav,Sad
0.254711354961832,0.1541680344962078,0.001925012,0.010680607,1956.6521,8591.792503042707,15495.109732824429,18.178719,0.15242484,-596.4688,4.3173895,-13.258818,39.493385,-6.7345386,22.942093,-15.139995,8.098345,-18.867064,12.262629,-19.784752,15.649394,-15.8989,-0.31795698,-0.08712481,0.14052953,0.092467725,0.027100036,0.03504784,0.09577013,0.13980472,0.020206777,0.04100524,-0.003082717,0.015037576,-0.004496458,-0.08488905,0.064635046,0.12254386,-0.017903598,0.035105944,-0.027360566,0.046395585,-0.009567534,-0.0128470175,-0.028242266,0.002878536,-0.021140931,0.01517886,G13_D03_F_17_Sad_C4.wav,Sad
0.2206720682420494,0.1131720482375922,0.0026634573,0.02474993,1763.7903,8142.999757997563,15240.337897526502,83.44138,-0.023104563,-544.809,22.176828,-14.781502,24.671309,-22.48314,18.212662,-24.524008,14.932931,-30.324896,4.7191005,-21.035788,18.476469,-16.609985,-0.20237821,-0.06278978,-0.20406304,-0.038098216,0.053989317,-0.029523067,0.07906825,0.094160646,0.0657323,0.011418016,0.03919501,0.049464338,0.002929347,-0.07357601,-0.038807426,-0.02469852,0.014387714,0.008337117,-0.05511092,0.043750647,0.03426252,0.051331468,-0.0152426185,0.020808531,-0.01453891,0.028465629,G13_D03_F_17_Neutral_C1.wav,Neutral
0.0668069671352583,0.056162444136262,0.009720808,0.04117007,1669.0698,2837.8237760190714,5088.43085106383,11.915729,1.2167131,-523.7367,113.29286,-73.93172,15.738255,-15.716688,-21.394855,1.9768413,-31.03791,-10.50291,-19.641333,-25.819225,-1.1057848,-17.4668,0.41129526,0.47032207,-0.27462146,-0.23257501,-0.10514209,0.0007276216,-0.00029205045,-0.1392679,-0.07794424,0.031765606,0.04785812,0.06520373,0.061977137,0.057937663,-0.008488467,0.12579276,-0.10510378,-0.048255056,0.0060271528,0.016037527,0.07408614,0.009115902,0.008730695,0.026887914,0.006875389,0.039171606,G13_D05_C_10_Neutral_C1.wav,Neutral
0.1347882952008928,0.0974197680635358,0.0034230007,0.016736625,1533.0355,6773.024231936882,13842.1875,13.157845,0.07108673,-538.7931,38.006348,-10.965827,27.571396,-18.882156,18.670294,-22.481379,-2.9446971,-25.754025,3.4328246,-19.35706,10.261072,-16.990635,-0.78905237,0.527215,0.24862763,-0.13089211,0.27015072,-0.044767715,0.07951242,0.06558613,0.05653549,0.031399224,-0.011523768,-0.08441876,-0.034331307,0.029836124,-0.10046975,0.019194078,0.022229701,-0.025573587,0.010924525,0.0047572493,0.0072436766,0.016168931,-0.004071904,-0.00011772173,-0.04584929,0.008260076,G13_D03_F_17_Furious_C3.wav,Angry
0.0938232421875,0.0575833030246078,0.013018449,0.033982713,1789.9381,3277.1553284152187,5981.30859375,4.0514336,0.4655143,-491.62088,112.24892,-93.59844,37.945297,-36.56112,-30.072624,6.4655905,-31.793024,-11.525622,-25.16816,-14.3943815,-7.826431,-28.234594,-0.73635834,0.23531342,0.21685347,-0.17061351,0.05389188,-0.10724914,-0.10844123,0.1383725,0.13939522,0.04346305,-0.09108512,0.023405675,0.074302666,-0.19599682,-0.28946728,0.13899514,-0.031280097,0.021204168,0.035170376,-0.032141786,-0.020982506,-0.05292819,0.00704938,0.014832558,-0.027484758,-0.024479197,G13_D06_C_14_Furious_C3.wav,Angry
0.1053769924496644,0.0610249668803816,0.014329395,0.06214938,1920.792,3119.281629205687,5445.9941275167785,16.178802,-0.03613984,-457.39685,157.62004,-75.508095,21.693336,16.144505,-8.147316,15.502747,-23.775034,5.9222593,29.62468,-47.400055,-0.2559097,9.414562,-0.44026482,0.36083665,0.1335933,-0.10820499,-0.07248936,-0.018644627,-0.062361456,-0.017306035,0.050094172,0.029831618,0.07044542,0.11061556,-0.02211019,-0.06969444,-0.42315048,0.06903319,0.15117478,-0.02874935,0.036477465,0.08876403,-0.0062082293,-0.021400483,-0.007913722,0.09092288,-0.02401147,-0.018005835,G13_D02_M_22_Furious_C3.wav,Angry
0.2895304361979167,0.1663798129466999,0.002639859,0.016916005,1964.5262,8476.301866392407,14955.891927083334,29.756142,0.3322885,-570.08014,22.512814,-13.9346485,42.76042,-3.8854778,19.874767,-13.5162945,9.947105,-18.156498,24.263777,-24.148,15.978828,-13.22956,-0.25743502,0.425004,0.08101081,-0.11635024,0.11656909,0.053831108,-0.030890297,0.036388393,0.0533236,-0.02481694,0.016236816,0.022415424,0.00014517043,-0.14012755,0.07476738,0.08113794,-0.0544535,0.036453407,-0.048193667,0.00824575,-0.029550664,0.027693793,-0.04683658,0.0058304328,-0.03944774,0.012235256,G13_D01_M_22_Furious_C3.wav,Angry
0.0972482155292479,0.0598463410050871,0.0050966544,0.01563979,1831.6461,3180.81898227866,6013.840529247911,8.882472,0.04390102,-552.10004,171.40108,-70.879234,30.00162,7.5138364,-30.130566,21.605827,-12.0332155,-1.5685432,23.852522,-48.865963,13.733191,0.7042268,-0.45836625,0.18226677,0.15537941,-0.20748009,-0.17337497,-0.08219708,-0.034162275,0.11316075,0.075613976,0.0010493924,0.05089807,0.052368823,0.10761623,-0.20722304,-0.25096008,0.115553916,0.03305408,0.0060119396,0.020853829,-0.023042634,0.059059963,0.057147533,-0.00834159,0.042406045,-0.0797042,-0.0062575336,G13_D02_M_22_Neutral_C1.wav,Neutral
0.3158653210887949,0.1571763328989351,0.001488048,0.012018802,1855.4283,8943.883850051505,15452.992864693446,36.87908,0.46469295,-595.2316,18.082956,-3.6334624,38.585144,-5.7290463,29.975805,-13.628549,8.211147,-13.738652,20.569124,-14.149315,19.079752,-9.204925,-0.08877489,-0.0452288,-0.04023829,-0.0538505,-0.065374345,0.040540446,0.04080157,0.05060945,-0.010485351,0.044757124,-0.005327642,0.034587387,0.0076567284,-0.104552835,-0.047993544,0.01634208,-0.07352393,-0.061188865,-0.054259144,0.015151806,0.005475476,-0.014111029,-0.01840778,0.0034499792,-0.015508158,0.006365343,G13_D01_M_22_Neutral_C1.wav,Neutral
0.0977145522388059,0.07936605311185,0.0072360598,0.026037674,2050.404,3553.221353157788,6005.888526119403,5.174632,0.38265845,-575.2653,82.68575,-88.76226,21.36678,-12.885034,-25.160065,1.6314311,-26.570852,-7.3479877,-18.015158,-23.210997,-4.278622,-23.995975,0.012117661,-0.10839817,-0.107445836,0.0894258,0.1477719,0.13792394,-0.09877864,-0.19934948,0.0068209255,0.008483047,-0.048013814,-0.020107128,-0.049628325,-0.12166711,-0.027144162,0.07753536,-0.0039825058,0.015586472,0.015088032,0.026037067,0.03560545,-0.015289406,0.028034547,0.053015307,0.019487236,0.03765574,G13_D05_C_10_Shocked_C5.wav,Surprised
0.0643295660251524,0.0536593373094778,0.008759106,0.044362243,1601.1144,2422.3117075946247,4189.453125,17.112806,0.9896131,-522.6084,139.42786,-58.77514,17.608051,8.655936,-14.312821,0.5038751,-31.722965,-22.15925,-4.8577375,-12.149412,-9.57705,-9.993745,-0.04388288,0.08802281,-0.029272929,-0.25866517,-0.10185451,0.17104682,0.12175477,0.01241649,0.039755628,0.06168097,0.027685855,0.011888496,0.024182482,-0.24856456,-0.10602918,0.13451403,-0.04703112,-0.025312016,0.06575851,0.045473326,0.051139366,0.028415041,0.013029055,0.006347313,-0.012421724,0.014308847,G13_D04_F_28_Neutral_C1.wav,Neutral
0.1160092258725071,0.0681391600862905,0.005434389,0.027140185,2057.086,3742.673092147674,6835.870726495727,15.857296,0.04672967,-568.95776,148.27602,-84.97696,30.787354,25.442825,-7.701569,25.276999,-20.979437,-9.411777,23.36381,-40.16865,12.100795,1.1215967,-0.47864157,0.30298126,-0.037485976,-0.062424414,0.023228507,-0.013919401,0.17555559,-0.058770515,-0.017455975,0.008457945,0.005618639,-0.023563422,0.04237939,-0.28564522,-0.15281418,0.0741599,-0.035993103,-0.05620062,0.010984451,-0.00038387292,0.039422993,-0.0017346792,-0.008730001,0.055886474,-0.056237027,-0.033099182,G13_D02_M_22_Sad_C4.wav,Sad
0.0661771212580906,0.0595490988225707,0.011300766,0.04125824,1489.8765,2573.6634261961326,4452.821601941748,5.666917,0.2174164,-498.61166,139.28656,-68.09154,26.635214,-5.559711,-18.865755,13.02191,-22.799726,-18.23085,-20.301529,-19.50608,-6.754096,-21.488688,-0.5630348,0.11295375,0.2076001,-0.13293467,0.009338672,0.11480211,0.025978254,0.047121365,0.043241654,0.013675906,-0.069190316,-0.03215906,0.058113683,-0.14090762,-0.118736215,0.20501412,-0.010654687,0.046238627,0.06651341,-0.037575793,0.008968707,0.028824627,0.009826204,-0.015737807,-0.012336073,0.027944861,G13_D04_F_28_Furious_C3.wav,Angry
0.3022800021701389,0.1594000955128979,0.00331009,0.022129018,1929.2506,8559.063608099994,14685.112847222224,21.5266,0.06211298,-560.1611,7.5352025,-18.119816,43.29668,-15.899064,21.306664,-12.607354,8.634794,-19.133017,25.444849,-21.244963,16.231691,-14.84294,0.011441867,-0.086906165,-0.045085255,0.09551111,0.046618197,0.07352923,0.060616486,0.05993882,0.04843958,0.02638391,-0.014703274,0.06627895,0.0153462645,-0.31556517,-0.1702118,0.06789468,-0.006710472,0.007499212,-0.016380068,0.04642091,-0.01915333,-0.010638706,0.0064946776,0.031029202,-0.017044738,0.024556465,G13_D01_M_22_Shocked_C5.wav,Surprised
0.0793884770889487,0.0692046640069521,0.007332366,0.024936913,1885.636,3243.889331845566,6177.708052560647,4.809304,0.30500823,-553.1255,113.16241,-74.66954,45.424934,-9.234015,-14.313953,11.432451,-37.48702,-12.625472,-16.810282,-18.577648,-0.8906317,-27.644032,-0.58400863,-0.23931432,0.16913858,-0.0011498948,0.025615528,0.0314626,0.16026059,0.2113014,-0.059641577,-0.024488252,0.06933623,-0.015032254,-0.016298577,-0.32175562,-0.16779937,0.08441273,-0.022328641,0.023002677,0.025078498,-0.013877092,0.017070116,-0.0028971173,0.0250003,0.02595434,-0.023151167,-0.006392105,G13_D06_C_14_Sad_C4.wav,Sad
0.2280082578379478,0.0973310473438072,0.009850693,0.04456518,1880.7273,7085.8363111897115,13537.370692945848,22.587967,0.5450129,-381.11475,49.86295,13.618546,27.970455,-12.465696,-5.842166,-21.244719,17.013762,1.0060401,0.54272646,-20.005337,13.067078,-7.316093,-0.012210809,0.12863058,0.04716691,-0.08491172,-0.15513429,-0.15891777,-0.11511184,-0.027055643,0.051520713,0.100984,-0.008410858,-0.054442614,0.11260724,-0.3827496,-0.08342685,-0.02536906,0.048270553,-0.024873728,-0.035603844,0.06824426,0.053225074,-0.022777999,0.02697787,0.048465025,-0.012821061,0.038075928,G14_D06_M_25_Neutral_C1.wav,Neutral
0.157935839545107,0.1071505920657085,0.022367278,0.07996532,2037.3264,7208.2734915269,15360.87836869266,6.0265713,0.2341929,-348.8289,18.984976,-26.522882,-11.021547,1.7234277,-23.71343,-37.28377,-12.613514,-20.505701,-36.511673,2.8415737,-22.221956,-4.1627097,0.37003958,-0.49841365,-0.16849913,-0.04754228,-0.11849407,0.14205618,0.2708309,-0.0808185,-0.18338576,0.15280014,0.06677446,-0.02351429,0.044542532,-0.20145339,0.037346702,-0.038238317,0.01318995,0.029044606,-0.02827796,-0.025209742,0.016599057,-0.0051997444,0.04162311,-0.0013734063,0.019084414,-0.017810285,G14_D03_C_16_Happy_C2.wav,Happy
0.1554253884013282,0.1041865983446332,0.011817432,0.057253893,2157.3474,5267.75897412984,9329.5564886741,12.408538,0.10453756,-455.51318,40.081573,-29.468966,74.907,-9.317696,13.044777,-14.506634,7.0948167,-16.136261,6.3153224,-8.562591,4.204073,-12.42453,-0.42766333,0.06617708,0.05037466,0.026774311,0.13649544,0.11037714,0.07387457,-0.100530155,-0.017301708,0.06209502,-0.050013512,0.011571904,-0.0073962146,-0.09560618,-0.07506968,0.042554315,-0.016338607,-0.028195944,-0.00916842,0.059395764,0.015767997,0.048639823,0.01123952,-0.0040695406,0.0013267202,0.03457955,G14_D02_F_28_Shocked_C5.wav,Surprised
0.248245283231268,0.1814543727672549,0.050530985,0.1963321,2036.279,8335.919984762186,15014.289614103023,11.273248,-0.01919374,-343.168,-36.606785,-19.214731,11.791854,-30.47501,-8.945056,-14.244324,-12.519844,-9.418212,-20.30903,-28.657251,-0.4913147,-35.010178,-0.8302111,-0.15505555,0.16553488,0.07904915,0.27477306,0.15138282,-0.020455215,-0.08758588,-0.027327958,-0.01977394,0.0016778292,0.011299166,-0.06677832,-0.058004856,0.07712797,0.061294887,-0.019697925,-0.0044470327,-0.024290716,0.015012657,0.042553607,0.04205239,0.040331688,0.017284418,0.006609164,0.025466776,G14_D01_F_27_Shocked_C5.wav,Surprised
0.223483503357438,0.1208962920620992,0.017744385,0.05442665,2141.4185,7065.345613033345,12964.322983923035,11.209401,0.084883586,-344.3108,30.845064,-13.949729,24.561514,-6.0338573,-14.359002,-16.215143,-15.677214,9.012246,-17.324165,-25.998165,3.6510055,-12.411147,-0.34391254,0.17041844,0.083641686,-0.24906182,-0.057883758,0.048761122,0.18627729,-0.01619962,-0.004428627,0.11306324,0.029075667,-0.026904477,0.119409785,-0.2866645,-0.03774546,0.0764572,-0.048123702,0.04913104,0.06521453,0.017043129,0.024114814,-0.0013679443,-0.0036933294,0.068803616,0.046290193,0.006186279,G14_D05_M_21_Neutral_C1.wav,Neutral
0.1152204547012061,0.0818563735011409,0.012057094,0.07645448,2000.7908,4435.4619038042265,8086.851099917763,21.29388,0.11911911,-460.4181,69.991135,-41.337864,59.104507,-7.386668,10.219951,-25.683464,-5.565477,-6.7902446,-15.131676,-9.311547,3.464208,-24.555822,0.03783922,-0.16845377,-0.18222605,0.09793518,-0.035261154,0.06903514,0.044256087,0.012421411,-0.060962476,0.09507086,0.031885456,0.012924943,0.03008999,0.055294655,-0.009709588,0.016889766,-0.066214904,0.017749717,-0.026031064,0.010915169,-0.020399794,-0.0035287049,-0.010758141,0.037382886,-0.024228342,0.00639175,G14_D02_F_28_Happy_C2.wav,Happy
0.1383750421537769,0.067708553139555,0.01739473,0.050812438,2173.456,5642.40098948958,10956.372597234713,6.701483,0.35381556,-372.67572,41.808186,-41.775017,6.544465,5.5065126,-11.652281,-11.88169,-0.34035784,-6.6081247,-24.053986,-22.590437,4.628141,-25.775085,0.18285395,-0.5001947,-0.35761487,0.11723468,-0.0694785,-0.09212681,0.01247288,-0.017854258,-0.044394184,0.06135396,0.03674304,0.069042616,-0.012064677,0.09396508,0.013363131,0.016024929,0.037195534,0.032785945,-0.029326707,-0.02911404,0.059595052,0.02294198,0.011163798,0.015067524,0.008413622,0.021415431,G14_D04_C_16_Happy_C2.wav,Happy
0.1640212600295608,0.0740733282793312,0.01252305,0.042343203,1962.578,5938.004367364563,11908.079570048563,12.6233225,0.3869193,-376.62634,58.02655,-21.63968,2.5157583,-5.9491544,-10.919845,-5.065042,4.239691,-3.1875024,-22.474407,-14.38437,6.9731116,-16.285372,-0.28554252,0.05230055,0.17228436,-0.035343584,-0.12766927,0.016880319,0.12944265,0.08340373,0.009466416,0.06056322,-0.014099453,-0.021453213,0.100810766,-0.33041534,-0.08061517,0.06711487,0.06323592,0.099558696,0.045104433,0.007849256,0.006399446,0.004589413,0.019963883,-0.023952095,-0.011211219,0.031135598,G14_D04_C_16_Neutral_C1.wav,Neutral
0.2089419157608695,0.1116084469772017,0.02610215,0.10562133,1637.4312,7204.674363507753,13233.812994071146,13.481739,-0.07013393,-311.83884,21.688063,-12.10686,24.164572,-22.477596,-16.408106,10.502581,-25.794334,-21.472189,-6.2447023,-21.644295,-7.12886,-6.1519547,-0.17356794,1.204193,-0.0956885,-0.14652202,0.14349425,-0.1579217,0.05004603,0.046962157,0.051854305,-0.07114558,-0.04632829,0.060173802,-0.002901869,-0.28409916,0.19630541,-0.030423569,0.09355859,0.06655778,0.043707248,0.006788399,0.019537315,0.05871229,0.027316617,0.0033862977,-0.014696585,0.04484175,G14_D05_M_21_Furious_C3.wav,Angry
0.266292735042735,0.16271137580356,0.018432656,0.19682005,1765.3375,8994.60613284548,16948.011192908652,71.63876,0.16573443,-377.54395,11.4508505,4.965981,-11.783389,-1.7852573,-15.031043,-32.396645,-7.546011,-16.469484,-13.937565,0.44671345,-23.554653,-2.097142,0.31957567,0.10692485,-0.09700416,-0.33856502,0.1357001,0.05131062,-0.13161771,0.08636391,-0.036715537,0.032665357,-0.07648264,-0.028750248,0.03499946,-0.2174894,-0.044791915,0.08168479,0.0688015,-0.073947296,0.049177576,0.15096065,0.09479086,-0.05239667,-0.02657823,-0.05772466,-0.014697454,0.05457719,G14_D03_C_16_Neutral_C1.wav,Neutral
0.1695447090344551,0.0920002369625314,0.008121513,0.03307741,1756.4192,6879.145475399394,13586.070838341346,10.571297,0.7897763,-402.0777,46.973732,13.884271,32.473534,-0.05058093,8.465295,-16.826262,9.536138,-4.6844907,13.4542675,-27.421888,5.016899,-5.086282,0.051617544,0.06424993,-0.22731517,-0.16349177,0.0041064178,-0.13855754,0.10134313,0.12851126,-0.037121553,-0.09969996,0.04017394,0.081310034,0.064503826,-0.41261423,-0.08831873,-0.018324632,0.005720513,-0.042113714,0.0077571776,0.019001082,0.033860732,-0.001836332,-0.0094087515,0.0058960044,0.00015588563,0.007545236,G14_D06_M_25_Happy_C2.wav,Happy
0.1400903854927007,0.0996084295177309,0.027557759,0.086354025,1721.1509,6658.3634325578205,12943.576963104471,3.9971714,0.37999028,-365.55493,8.674475,-24.004112,4.126945,-31.825413,-9.915073,-26.515068,-28.251432,-1.1082374,-29.021627,-32.737946,-2.216385,-39.17017,-0.3791119,-0.11814851,-0.031586967,-0.02266409,0.03837802,0.027412875,0.07559665,-0.050336294,0.027942123,0.024042593,0.04155998,0.05985941,0.01373446,-0.04459781,-0.0665254,-0.035011474,-0.039081804,0.0067367204,-0.043160178,0.033469304,-0.001756045,-0.011538384,0.04174873,0.038670965,0.04200318,0.010478503,G14_D01_F_27_Happy_C2.wav,Happy
0.1936858943634969,0.1062673734892154,0.012520103,0.043781973,2152.1228,7118.30612386412,13808.397688602376,8.474102,0.28899884,-381.44885,31.358099,-1.2003613,30.036936,8.605125,-0.9869355,-12.963636,15.021044,-7.1685157,11.790934,-26.442646,6.529502,-5.475203,-0.44852954,-0.016952047,0.012055859,-0.02055725,0.11973846,0.19887505,0.12940644,0.048550803,-0.07152406,-0.031193009,-0.0068857186,0.023067586,0.04310528,-0.31700924,-0.02410722,0.04678679,0.028132342,-0.0014303887,0.012804049,0.04428682,-0.015602053,-0.0120367445,0.008328934,0.058549423,-0.01826805,-0.011493395,G14_D06_M_25_Shocked_C5.wav,Surprised
0.3440660347967791,0.1539227414779722,0.038668357,0.25071272,2121.6538,10378.26648452182,18408.180508291796,24.284134,0.0071074474,-335.0016,-29.447416,-4.740507,-18.289383,-3.8910162,-22.521523,-27.76251,1.0039959,-24.958618,-25.51052,8.675125,-13.323774,-10.253186,-0.59490824,-0.038516037,0.26956716,0.15173772,0.15634242,0.22330517,0.09619823,-0.076072365,0.047341645,0.048497617,-0.10439181,-0.025311058,-0.022824993,-0.2833507,0.030549962,0.022902945,0.05681124,0.041436028,0.013599749,-0.0059580132,0.020039473,0.02014624,0.02238818,-0.017490827,0.011199851,-0.024747187,G14_D03_C_16_Shocked_C5.wav,Surprised
0.1712399348159509,0.0820293177316744,0.01378294,0.06914278,2317.651,6388.111968679713,12208.599591401457,15.033831,0.31365085,-404.7938,22.534157,-36.787785,7.841336,5.4298606,-4.697357,-10.833789,12.639089,-6.621625,-18.238726,-8.942898,5.582085,-17.50022,-0.51955587,-0.14851534,0.18879582,0.1676356,0.1714661,0.16365711,0.21335931,-0.062194653,-0.10465442,0.028286442,0.067445196,-0.052063428,-0.0046312883,-0.22633392,-0.032398436,0.061947137,0.027452808,0.020228246,0.012674783,-0.019928481,-0.0060740733,0.0028559458,0.008917895,0.022097444,0.007989112,0.0068490594,G14_D04_C_16_Shocked_C5.wav,Surprised
0.307471397363744,0.1970492245566912,0.014993023,0.06001324,2080.4856,8280.866806326778,14232.834947052725,10.327706,0.05638202,-399.3048,13.58414,-15.333068,17.414461,-5.1721587,-17.41482,-6.8600855,-10.618434,-0.8945836,-9.6051035,-13.277478,-5.4716387,-5.0964146,0.25527537,0.15202156,-0.0120740775,-0.0790192,-0.28255588,0.008938568,-0.05530911,-0.10967611,0.01751305,0.0068687554,0.0595737,0.0046766927,-0.01740537,-0.33356234,-0.03474648,0.04403072,-0.027166087,0.04823852,0.024236979,0.0667835,0.048733227,0.009964976,0.042631645,0.030057728,0.024353204,-0.000691563,G14_D05_M_21_Shocked_C5.wav,Surprised
0.1970653419723053,0.0970972669335912,0.011056908,0.1010242,1780.4485,6325.48250430504,11475.263145583833,44.150585,0.012769904,-438.42514,43.056488,-0.28637403,55.438408,-28.613913,-1.4015006,-9.493139,14.557692,-20.28315,7.5521145,-16.264376,11.062023,-11.991908,0.038959067,0.28564522,0.042299803,-0.22690335,-0.1705503,-0.053433847,0.10269714,-0.035898153,-0.16077855,0.08304927,-0.011551339,-0.035878066,0.10443572,-0.26470542,-0.078369506,0.082210645,-0.108451635,-0.007186043,0.003924896,0.08555288,-0.013192291,0.079392806,0.05378468,0.0072174203,0.034322277,0.013651968,G14_D02_F_28_Neutral_C1.wav,Neutral
0.1727822793496621,0.1081037397142408,0.021409286,0.098084375,1725.2742,5743.727465483482,10359.507627744932,14.61017,0.36119822,-362.72333,51.11554,-27.375378,14.183383,-21.528528,-4.793425,-14.174371,-28.84638,1.8714072,-9.360996,-29.486328,-0.5180421,-26.517511,0.4607463,0.13922098,-0.28899023,-0.008654813,0.081049226,0.010892559,-0.07885048,-0.029266119,0.08047462,0.038868893,-0.098766185,0.10103104,0.09127392,-0.17444234,-0.117791794,-0.17635494,-0.03135382,0.14388798,0.07830703,-0.02825044,0.013545932,0.04007322,0.051528208,-0.0092847375,-0.015330489,0.052642256,G14_D01_F_27_Neutral_C1.wav,Neutral
0.1740542552510245,0.165807352903794,0.005841786,0.034282383,1566.4274,7509.7713867875555,15509.113049116291,21.4198,0.1680617,-541.0116,23.590984,16.233665,7.1808033,-3.6178854,1.8922782,-20.197908,9.102949,-19.029799,-13.229397,-20.974855,-8.651466,-30.385958,-0.53810346,0.4165181,0.0759661,-0.08263343,-0.09913308,-0.018276136,0.06892426,0.011293438,0.08931055,-0.023716677,-0.02804895,0.0039467607,-0.05704898,0.013154694,0.082878634,-0.0151430825,-0.035470597,0.016066914,-0.016021965,0.011552977,-0.009024915,-0.00025839687,-0.010985212,0.012881653,0.0020187204,0.01890686,G03_D03_C_11_Ofkeli_C3.wav,Angry
0.1062209670608108,0.0921522438895081,0.014217288,0.039512552,1766.9236,4211.532154207424,8271.805386929898,4.447059,0.02252885,-403.1079,93.50901,-41.789227,27.090975,-20.242132,22.564669,-28.244122,-1.4254711,-28.141552,-0.91113406,-26.701925,5.749245,-7.6613836,-0.9108532,0.14335097,0.1720715,-0.08650278,0.1077594,-0.028456701,0.113921255,0.004164741,0.112439334,0.016000947,0.035389047,0.019603658,0.06496389,-0.30214983,-0.1722274,0.07367259,0.019130962,0.08728285,0.02606697,0.040393353,0.0085708015,-0.023826847,-0.025085658,0.05460199,-0.034776803,-0.021351954,G03_D01_E_18_Ofkeli_C3.wav,Angry
0.1392449097312176,0.1132432162441046,0.0060075093,0.021271527,1569.3843,6382.657476364524,13441.014233524937,5.286004,0.1928066,-501.02753,42.266186,2.1160464,7.287568,-20.209757,4.6965394,-32.475338,22.778225,-21.38627,-12.103779,-9.304012,0.8624281,-33.86458,0.37824118,-0.36037555,-0.16278626,-0.12987548,-0.13621168,0.02648313,0.11111278,-0.021963112,-0.02103595,0.1564377,-0.06718518,0.093483426,0.060897324,-0.144233,0.07210669,0.038689,-0.046581347,0.006136205,-0.0038999708,0.051758453,-0.03297539,-0.011580131,-0.0109294485,-0.0044573713,-0.017364493,0.025464356,G03_D03_C_11_Mutlu_C2.wav,Happy
0.1468545521209386,0.0818754177129832,0.008413064,0.052615557,2355.8699,4667.173014168826,8066.711029162906,26.987703,-0.04193514,-476.8885,63.917152,-61.21136,84.95027,-4.480338,39.012478,-3.2364945,11.7212515,-10.332407,11.693345,-0.069844104,6.991773,-20.00883,-0.24016684,0.22206467,-0.06802725,-0.13772333,-0.02417448,-0.032265097,0.007729988,0.057638925,-0.107273914,-0.073920265,-0.018418008,0.043777876,-0.06298543,-0.4493065,-0.25830176,0.14160582,-0.058598123,0.02646241,-0.052480448,0.097937614,0.02153509,0.044614535,0.03595948,0.014127306,-0.01863058,0.06077106,G03_D02_E_20_Uzgun_C4.wav,Sad
0.0986882990056818,0.0977913890900104,0.012084654,0.051010743,1590.6652,5449.429557132996,12170.419588955963,10.621036,0.63323075,-447.3306,52.416893,-29.260391,-3.8212936,-21.455175,-33.63822,-12.010021,-9.220839,-23.096613,-22.219948,-19.410852,-0.294667,-13.569246,0.27274528,-0.1860825,-0.17081355,0.10516532,-0.0030535199,0.08156484,-0.014363189,-0.15966801,0.093416125,0.09501759,0.0038961845,0.060786497,-0.015621979,-0.06954226,-0.0985784,0.054858673,0.09595728,-0.011741898,0.05256366,0.027173258,-0.012729898,0.02987893,0.020492675,0.027330019,0.0008841764,0.011308165,G03_D04_C_08_Mutlu_C2.wav,Happy
0.1291327293882978,0.0660347714374666,0.008952693,0.07135154,2072.8376,4315.734502399041,7537.812292220745,51.162342,-0.2416453,-467.81894,75.126465,-44.945305,60.325397,-5.397532,10.721839,-0.72412115,15.454118,-6.4147506,-3.025506,0.60517615,3.8957934,-20.830853,-0.5617168,0.29535326,0.036061607,-0.24323243,0.03425738,0.049580693,0.04200622,0.10022705,-0.06231764,0.021908382,-0.082427494,0.03835887,0.1468411,-0.27902466,-0.19602871,0.110813126,-0.13515255,0.04727653,-0.0024275617,0.08123604,0.028360711,0.09261452,0.07382663,0.0022708934,-0.01211725,0.052927278,G03_D02_E_20_Notr_C1.wav,Neutral
0.1610078651094276,0.1342538813395711,0.010704127,0.03298454,2013.8916,6448.422963622421,13416.345584753788,7.2091503,0.32286042,-430.46094,27.033993,-24.127796,4.2477765,-9.663422,-19.57833,-24.833012,8.837829,-25.228315,-28.637468,-19.815529,4.4123836,-37.109146,-0.82841766,0.3844776,0.026053213,-0.017208574,0.09058048,0.053582452,0.08298318,0.0825347,0.031030057,0.0075167245,0.08167828,-0.04316694,-0.08188207,-0.21317384,-0.11288766,0.106183164,0.068639465,0.054021116,0.083359234,0.052151818,-0.0487866,0.01965762,0.07350671,-0.0136408275,-0.03689318,0.02992445,G03_D05_K_29_Ofkeli_C3.wav,Angry
0.1504718401369168,0.147512349422559,0.008584883,0.025789365,1659.5183,6399.698344907272,13172.074373256846,3.4898705,0.5297141,-476.41248,41.91908,-6.764384,-5.5752635,-15.370744,-11.615522,-26.293089,-5.577613,-28.848223,-18.980358,-18.312935,6.965219,-13.809765,-0.35702458,0.09261336,0.08457761,-0.023371844,-0.030295191,0.11178474,0.10052655,-0.0995046,-0.0102849575,0.0325578,0.03228717,-0.048326626,-0.0068564736,-0.15369853,-0.04183817,0.05643924,0.034665037,0.0053835693,-0.002924716,-0.00030855715,0.015668035,0.023809167,0.008183413,0.02419045,0.0009638335,-0.00094002305,G03_D04_C_08_Uzgun_C4.wav,Sad
0.1870133572776845,0.0854265712804457,0.007013513,0.046806518,1967.2294,6526.400442365565,12694.256796612835,33.442993,-0.030654177,-461.77423,43.08883,-49.670887,25.203123,-34.05282,31.446505,-57.91996,24.084751,-35.4392,-10.397302,-25.593174,9.696797,-19.711416,-0.041561447,-0.31522524,-0.0873898,0.036708526,-0.22741792,0.0025815323,0.111717336,0.042286254,0.076685876,0.16537777,0.027353978,0.03750448,0.06970597,-0.13447578,0.047484428,0.0077734347,-0.034342982,-0.0015847827,-0.06677648,0.03664676,-0.04084798,-0.047540016,0.010035809,0.016919466,-0.028632466,0.023068812,G03_D06_K_48_Mutlu_C2.wav,Happy
0.2350801508477393,0.1743094125246539,0.006680594,0.034061007,1988.2,7958.745845283997,15076.220183676862,17.349962,0.06813505,-488.49875,8.155859,-12.879446,2.3533218,-7.155,-0.98369324,-18.539665,10.881077,-28.61066,-17.833372,-15.619478,11.419992,-31.994692,-0.6616725,-0.3040906,0.22264227,0.039966937,0.14321259,0.26877147,0.064288,-0.024264716,0.011330422,0.0016411999,0.0701625,0.038415726,-0.025547475,-0.26270235,-0.049205396,0.048282694,0.0139824,0.0046083904,-0.033045717,-0.0071820375,0.016046125,-0.009994702,0.008936871,0.03417535,0.0059151375,0.018714251,G03_D05_K_29_Saskin_C5.wav,Surprised
0.1312348464439655,0.1018419444321297,0.01482211,0.0648896,1644.7123,4498.779596788029,8819.034718480603,11.799218,-0.11950008,-386.63406,102.591446,-36.98195,18.609873,-40.31085,26.63591,-32.305267,11.001869,-20.220066,1.0053862,-30.865112,-5.4774985,5.8018436,-0.16567495,0.028163437,-0.31537423,-0.049676854,0.00019525988,-0.052128017,-0.08863601,-0.025591725,0.07406328,0.06147619,-0.051241606,-0.007841808,0.13621241,-0.14428437,-0.29806793,0.095350266,-0.038937557,0.025400506,-0.11023457,0.08195809,0.022850253,0.038439047,0.014553257,0.05919783,0.014992372,0.021740947,G03_D01_E_18_Notr_C1.wav,Neutral
0.2507246024243772,0.1103529855921472,0.0038296531,0.03594218,1923.052,7229.029357963161,13393.19256005338,54.582626,0.081019826,-517.5683,49.902557,-26.830948,27.179644,-26.721308,34.662945,-44.231564,22.140844,-38.249237,-1.2323883,-19.731956,15.876623,-13.162222,0.1985336,-0.54730916,-0.18783504,-0.0013779067,-0.22886056,0.16272196,0.12775911,0.047038984,0.040713415,0.14249364,-0.029920818,0.09302157,0.11454355,-0.30816907,-0.04064848,0.1940701,-0.025759647,0.031310126,-0.028468909,0.024688598,-0.0066712303,0.036646176,-0.030540453,-0.087428086,-0.043659493,0.0440418,G03_D06_K_48_Notr_C1.wav,Neutral
0.1947343185920577,0.1112150491676953,0.015226683,0.059502214,2180.829,6300.876143171218,12077.017465309116,11.257573,0.021565229,-403.03702,37.94453,-58.068127,23.61309,-36.418934,18.786644,-58.732704,20.700308,-35.646942,-14.180531,-28.44115,2.9759352,-28.9374,-0.45918968,0.8010029,-0.1679246,-0.18913193,-0.0096557755,-0.21812049,0.049191553,0.08798719,0.13175644,-0.1718611,-0.069972135,0.11440169,0.031032225,-0.14370383,-0.10257199,0.17592257,-0.009595916,0.10662898,-0.043162234,0.10555789,-0.017340833,0.056082804,0.027903818,0.07391487,-0.039198525,0.05043339,G03_D06_K_48_Ofkeli_C3.wav,Angry
0.1265865682542493,0.1019437166680132,0.0065068915,0.015544374,1514.5436,6489.5839571208935,14314.63903151558,3.1235743,0.40326965,-480.01266,36.24194,-8.691496,10.223476,0.22868957,0.7001561,-20.963583,-1.4885226,-23.651148,-27.058275,-21.587658,5.0565004,-28.206625,0.048077904,-0.3948895,0.053280715,0.057146564,-0.14868595,0.10128132,0.17232575,-0.009107824,-0.069891006,0.13449815,-0.02380041,0.01908915,-0.035183866,-0.06479281,-0.12696718,0.023539994,-0.025908193,-0.045547668,-0.023301693,0.05261163,-0.005158,0.00039667447,0.025498817,0.01614456,-0.005204914,0.025412379,G03_D05_K_29_Mutlu_C2.wav,Happy
0.2292970859206263,0.1586729091851839,0.006155633,0.03684186,1918.6565,8241.76001684776,15605.898289855562,19.187601,0.19488701,-508.00018,7.465585,-0.9673737,5.537066,-8.713387,3.7481265,-25.31396,6.9306936,-19.249401,-9.658059,-27.519918,-1.834834,-21.250523,-0.5649161,-0.17671724,0.17974804,0.08612731,0.15612388,0.17081682,0.0760453,-0.015472175,-0.030444762,0.05619259,0.058292944,0.024149707,-0.006180415,-0.12300668,-0.03568465,0.033517458,0.00725452,0.008082247,0.014681544,0.025023047,0.001138718,0.014472028,0.020646447,-0.0038657805,-0.0062923515,0.012348661,G03_D03_C_11_Saskin_C5.wav,Surprised
0.1439688171561604,0.1307027269686672,0.0071623796,0.038615044,1822.4545,4678.395737988728,9016.797434634673,14.139957,-0.4017836,-481.95255,88.68323,-22.860012,28.494944,-11.085522,32.213238,-17.394756,-0.39369687,-21.60494,0.13611168,-17.010937,5.696102,-7.0366364,-0.41173893,0.12889989,0.08034005,-0.12611857,-0.06817173,0.002863299,0.111596376,-0.0072574615,0.07137764,-0.0036371963,0.01599416,0.07357805,0.050048232,-0.16543916,-0.079767056,0.07047661,0.020136433,0.046095923,-0.04509749,0.013918037,0.04235384,0.040460285,-0.024739593,0.010478453,-0.005278274,-0.02051152,G03_D01_E_18_Uzgun_C4.wav,Sad
0.1785282909421992,0.1349815501294287,0.012415506,0.09137241,1765.6017,7156.531907970938,13980.310701069078,27.2738,0.27652535,-460.4163,34.17686,-3.3066952,6.470597,-4.297756,-9.4727335,-24.465347,8.566297,-36.118053,-9.712049,-18.17469,3.3855677,-17.958778,-0.39368623,0.48850697,-0.036735326,-0.12519343,0.072277926,-0.052819766,0.086701915,0.048054464,-0.031045355,-0.13186853,0.008457176,0.0064435615,0.025750702,-0.10212931,-0.1172243,0.04128652,0.052055117,0.047050897,0.02681189,0.023607293,0.013977429,0.030866874,0.021254992,-0.0029050587,-0.008933729,0.0144701665,G03_D04_C_08_Ofkeli_C3.wav,Angry
0.1716588438735178,0.0588857372677693,0.015872698,0.100749865,2089.2788,4757.524025345496,7285.201797183794,24.933874,-0.0072768875,-456.6407,62.49806,-66.81395,81.74428,-11.730578,8.252006,18.23754,0.74426967,-15.94628,17.635418,-17.301897,7.475294,-26.107235,-0.2985198,0.75151,0.2182376,-0.3944972,0.14473282,-0.012316225,-0.16691197,0.08925941,0.115588546,-0.023110757,-0.025750631,0.063277006,-0.066858105,-0.3827952,-0.03887311,0.112103075,-0.1564989,0.14355494,-0.015906742,0.058890928,-0.0220331,0.025885824,-0.036567137,0.010946196,-0.036298964,-0.0004653742,G03_D02_E_20_Ofkeli_C3.wav,Angry
0.174652099609375,0.0733460650434664,0.0275083,0.070989676,2158.0403,6009.360401926878,10562.110900878906,6.744421,0.3373322,-320.32727,7.2753654,-65.23157,18.175438,-8.105076,6.2563114,-26.413588,-2.429682,-20.211174,-20.059225,-6.7425404,-5.265758,-15.006699,0.06016996,-0.19493577,-0.19085203,-0.095520295,-0.026739022,-0.06727575,-0.02215024,0.13044143,-0.08812685,0.12429236,0.0062632095,0.10202749,0.056966145,0.10641294,0.03223671,0.08168235,-0.012522919,-0.08123447,-0.078362696,-0.004019072,0.031802118,0.012614059,-0.011682197,-0.020027118,-0.009769102,0.01366385,G04_D04_E_13_Mutlu_C2.wav,Happy
0.1973535470257234,0.092700773866745,0.012156291,0.08371661,1922.9995,6773.217107828032,12755.203256883038,27.526169,0.03878469,-388.8028,39.88148,-7.1731772,25.64395,-10.787553,2.6023874,-9.911221,3.3767447,-17.730988,-9.604413,-14.515739,-5.782168,-15.889452,0.27906618,0.2656739,-0.0922912,-0.42399132,-0.07509631,0.06799271,-0.024424974,-0.028647678,-0.032991353,0.08211416,-0.03332064,-0.08478463,0.025205284,-0.050434187,0.048246115,-0.09739161,-0.036246385,-0.07273996,-0.0372202,0.05103331,-0.052172437,0.0440382,0.0032329436,-0.010089144,0.025059722,0.047750898,G04_D01_E_20_Notr_C1.wav,Neutral
0.2116516764902135,0.0925655357525739,0.012443895,0.056380127,2026.1282,7541.509156283959,13691.438917927046,18.580868,0.17571683,-373.6115,23.944887,-13.705258,12.678766,-14.844709,6.048284,-25.22359,12.924602,-9.36898,-3.3288562,-10.085639,6.287576,-13.378743,-0.2176241,0.256577,-0.031684183,-0.1239465,-0.21290383,0.0012267578,-0.07394527,-0.034910068,-0.046590813,0.05383295,-0.080289885,0.009073125,0.047977045,-0.2802058,0.01590445,0.00866917,-0.042109124,-0.031745415,-0.0049116127,0.044508755,-0.014655994,0.006828787,0.00024328283,0.016491465,0.049962938,0.048790436,G04_D03_K_21_Notr_C1.wav,Neutral
0.1618606851708074,0.0909282409016938,0.018459871,0.0773285,2283.0576,5443.456441464135,9750.461744225544,13.514273,0.3068085,-387.56128,22.917805,-69.26842,15.144149,10.18928,14.879526,-24.350174,-6.8988304,-22.450106,-8.0031395,-6.288331,-9.681642,-13.803556,-0.39120466,0.2938374,0.19175065,-0.18680245,-0.048267543,0.043663148,0.1645378,0.050491743,0.048255436,-0.0129138315,-0.056542926,0.05236256,0.09094166,-0.41921195,0.01364118,0.14169063,0.036665935,0.026116788,0.015864639,0.062051665,0.018346807,0.002764353,0.023488088,-0.0012843054,-0.013198579,0.008637589,G04_D04_E_13_Uzgun_C4.wav,Sad
0.1533803337832225,0.0890551121692586,0.017162625,0.06700178,1724.2487,6161.784716089918,11576.135537790698,9.427367,0.042658184,-367.07214,41.716244,-16.69011,32.046703,-30.983849,-0.9091068,-29.738277,6.505983,-16.16868,-7.037514,-8.042327,0.80355024,-5.4105453,-0.45267022,0.82569885,-0.1109803,-0.07818804,-0.05385888,-0.16166426,-0.012361723,0.06739332,-0.007420106,-0.0027516957,-0.046120573,-0.021432212,0.036492232,-0.1994598,0.07599056,0.02680925,-0.01607969,0.06571735,0.028018666,0.03502605,-0.022034131,-0.012628259,-0.0015175208,0.006071729,0.019105716,-0.0030692138,G04_D02_K_21_Ofkeli_C3.wav,Angry
0.2057173036625364,0.0897632488877403,0.020573337,0.11035933,1926.7366,6519.499932012867,12061.04213169643,17.16951,0.054420523,-331.98398,32.922752,-26.881514,31.721586,-16.02659,6.38167,-13.710145,10.896056,-14.466889,6.3624187,-18.79185,-5.324295,-6.644131,-0.47295564,0.057042997,0.18638235,-0.009173749,-0.079338394,0.10282365,0.1131401,0.009988701,0.040268827,0.019214477,-0.010767812,0.025240555,-0.08512755,-0.24300204,0.027567444,-0.03871528,-0.008474846,-0.0007887026,-0.039827913,-0.0080832895,-0.0064089918,0.014403227,-0.0019733892,0.011391501,0.011283026,-0.0026861571,G04_D02_K_21_Uzgun_C4.wav,Sad
0.160162353515625,0.0950390094971734,0.019894045,0.097580835,2056.2876,6502.145278373512,12606.524047851562,19.0704,-0.15503612,-354.0222,22.88971,-34.889885,14.392507,-8.696025,6.405658,-19.526712,5.6171703,-11.24718,-12.139246,-14.59482,4.2041183,-25.776787,-0.43453008,0.9951444,-0.12778436,-0.27394724,0.08318841,-0.22137465,-0.03970589,0.06490751,0.13945393,-0.10076528,-0.06624045,0.15919484,-0.017615143,-0.36421764,0.054968946,0.0053608697,0.015967306,0.02539458,0.020908566,0.0045075417,-0.018431,0.058323838,-0.003435127,-0.0032074929,-0.007292231,0.0018773238,G04_D03_K_21_Ofkeli_C3.wav,Angry
0.1461866425304878,0.0789938186248766,0.005151149,0.02014883,2169.963,5556.113818943706,11041.89393578506,10.986445,-0.051777616,-456.21484,48.7322,-20.016645,45.333954,8.379402,21.594187,-4.9563255,10.96906,-3.5068653,-3.5980124,-19.643534,-4.2206903,-9.702396,-0.78143305,-0.30491635,0.2442951,0.13671821,0.16524065,0.048653007,0.12789597,-0.060728867,0.061033387,0.20268981,0.005167763,-0.039582904,0.052074682,-0.52086896,0.027927972,-0.022315467,0.018678898,-0.0019575134,-0.031548936,-0.02982198,-0.0018247521,0.017665477,-0.056709003,0.041082546,0.009639605,0.021708323,G04_D05_E_21_Uzgun_C4.wav,Sad
0.2202392578125,0.1168213474544147,0.015538937,0.05202097,1988.4404,6729.898494218612,11634.50927734375,7.901409,-0.15000433,-388.2795,11.258576,-38.169674,19.739126,-27.998041,7.9326334,-7.767776,-1.2243402,-17.68828,-7.6712728,-10.218117,-5.6635766,-11.582042,-0.39247003,-0.07967339,0.15206501,0.1628066,0.115764745,0.19068268,0.098394565,-0.09931828,0.01928376,0.04036537,-0.072904766,-0.03399644,0.009064348,-0.27621463,-0.004265054,0.068792865,0.04459823,0.015262786,-0.00406556,0.014488634,0.0018172291,0.008319253,0.016882293,0.016936736,0.014910732,-0.016580187,G04_D02_K_21_Saskin_C5.wav,Surprised
0.1435968846450617,0.0689305341253207,0.019394038,0.044400964,2138.149,5708.204994248768,11100.410517939816,4.3858023,0.09769153,-330.3419,38.869694,-49.65778,16.801586,1.9799634,15.223446,-17.794802,-0.17751463,-4.3725567,-11.958054,-8.952066,13.411521,-22.810505,0.4391008,-0.6056684,-0.091049634,0.10250578,-0.21271686,-0.006043186,0.18290569,0.090270914,-0.022716006,0.12702776,0.027914768,0.19715448,0.037062667,-0.20220937,-0.05539411,-0.00057731685,0.025238112,0.047870167,-0.018772295,-0.062840894,-0.0039621047,0.02506306,-0.038761016,0.005674792,0.011268424,-0.002028335,G04_D03_K_21_Mutlu_C2.wav,Happy
0.2530013713430851,0.1311200699244556,0.032983925,0.12590843,2125.1775,8785.490012863556,16816.057180851065,7.692752,0.31045246,-372.96365,-29.78157,-63.606083,-7.09188,-26.981386,-19.362125,-32.981834,-8.404279,-45.75341,9.269699,-25.687807,8.410122,-31.813469,-0.20161006,0.43229163,-0.16563304,-0.19033274,-0.041849688,-0.06792107,0.102083996,0.024619626,-0.07599316,-0.08466386,0.060869165,-0.05643719,-0.033394348,0.011169783,0.08544488,0.07298617,-0.036339745,0.030136656,-0.015758963,0.058505915,0.022592667,0.050903246,-0.01797231,0.028768457,-0.01712776,0.027408298,G05_D02_C_09_Ofkeli_C3.wav,Angry
0.0554414841524216,0.0616606243620947,0.006286344,0.022153372,1716.3665,2432.4342178299357,4591.07905982906,8.025396,0.10096736,-558.33057,149.14618,-37.935104,66.93873,3.3016024,-12.983276,18.313694,-16.9497,13.937895,6.5332665,-15.3855915,0.09905267,-10.956652,-0.8285559,0.010213955,0.087752424,0.025052063,-0.07119621,-0.0005652762,0.028512089,0.081597835,0.12413281,0.037256498,0.008835453,0.04297876,-0.0024083455,-0.10676945,-0.1460237,0.015441166,-0.08171202,0.050265126,0.0041534267,-0.03696566,0.04119975,-0.024849962,0.022654297,0.047383163,-0.009719689,0.011905704,G05_D05_E_20_Ofkeli_C3.wav,Angry
0.3395647321428571,0.1569752045121388,0.01604622,0.14915243,1743.3397,10408.99108194836,17648.63159937888,54.503654,0.41617253,-430.801,-4.079278,-25.051048,-11.813123,-27.440998,-15.102108,-22.658567,14.229727,-54.787975,8.437375,-29.25205,6.041872,-30.195932,-0.09955093,-0.006074775,-0.11307163,-0.12482577,0.0015718765,0.08167513,-0.051893048,-0.047146704,-0.012753571,0.009666651,-0.0021236609,0.08437623,0.009829243,0.023405472,-0.04538005,-0.074378714,-0.02456776,-0.027832791,0.041797306,0.02383294,-0.06503256,0.059773568,0.00661245,0.06680766,-0.033548657,0.02345483,G05_D02_C_09_Notr_C1.wav,Neutral
0.0949439072027439,0.060774662126699,0.01524895,0.076523684,2005.4812,3223.2732601497555,5508.812881097561,17.905243,-0.03154323,-465.64264,116.30669,-65.761314,56.0169,-8.324176,-49.199825,6.538747,-8.314812,-14.500259,-19.276978,-11.985919,-0.6959245,-18.035322,-0.6685926,0.25535876,0.28629407,-0.21940494,0.11465929,-0.20275913,0.007893987,0.39530224,-0.06650537,0.036001872,0.08666449,-0.025182823,0.11547063,-0.26313463,-0.01981004,0.022439132,0.03629303,-0.04022332,0.055506386,-0.0126006715,-0.099411875,0.03480655,0.0026836556,-0.034758944,0.018879408,0.005565686,G05_D03_K_19_Ofkeli_C3.wav,Angry
0.0541869091386554,0.0592441722737854,0.005559744,0.013195419,1486.7646,2342.180145990079,4057.7731092436975,5.111724,0.11083411,-567.4312,169.89334,-46.283367,50.440376,-9.493442,-15.06977,30.932014,-3.173748,12.544805,-3.7009208,-18.372005,4.3470345,-6.553749,-0.16685937,0.14259535,-0.3785992,-0.33827555,-0.11083288,-0.02410677,0.05218208,0.045793887,-0.057633728,-0.05942166,-0.022611907,0.030007886,0.08092965,-0.03051683,-0.18988484,0.17483647,-0.092936456,-0.016480364,0.0055224635,-0.022090834,0.06793455,-0.00805854,0.005153118,0.03664985,0.007740508,0.02110097,G05_D05_E_20_Notr_C1.wav,Neutral
0.2203881048387097,0.1182532234710533,0.029519869,0.13020523,2158.6377,8536.58343060693,16848.07304590571,9.208858,0.20437983,-380.04745,-27.952965,-65.92216,-19.862198,-21.201735,-13.48507,-49.172104,-5.1649804,-32.286858,-4.958132,-18.492952,6.0740232,-40.154076,-0.26556197,0.22096811,-0.13402735,-0.19423737,0.071913235,0.041814618,0.024315326,0.053928304,0.05362829,-0.02444137,0.08524074,-0.0066012815,-0.036293935,-0.060539614,-0.05783215,0.046022374,0.07425602,0.046116833,0.0516352,0.051136017,-0.036422946,0.01207511,-0.0024585936,0.028991098,0.014501028,0.00851976,G05_D01_C_09_Ofkeli_C3.wav,Angry
0.0864634528004451,0.0691913757567211,0.010977705,0.08608543,1957.5312,3223.1082939851417,5820.567507418397,32.36644,-0.0044853236,-499.89877,123.700806,-58.61735,55.269733,11.524978,-6.0168514,20.308899,-10.617225,10.296171,3.3222163,-6.6240835,3.953475,-13.670583,-0.18435869,0.72417116,0.19447745,-0.37292978,0.0030646622,-0.11535869,-0.11079699,0.16950426,0.04113457,0.020901417,-0.010482648,-0.0076764612,0.05762026,-0.030510265,-0.10514472,0.13027555,-0.08296447,0.05499554,0.00995508,-0.006388183,0.081220575,-0.016993659,0.014662512,0.029102314,-0.010561039,-0.0071881283,G05_D06_E_20_Ofkeli_C3.wav,Angry
0.0687087738585329,0.0612658904710048,0.009317751,0.029730909,1516.3035,2802.3832465300948,5268.595621257485,4.6529274,0.06684572,-535.049,133.11034,-47.99277,32.99423,-4.018433,-38.814613,-8.184704,-13.3170595,-5.618622,-17.992737,-13.598262,8.350013,-9.246428,-0.45072687,-0.18505509,0.09640317,0.05375469,0.12471913,0.11933022,0.027055591,0.06686677,0.07287635,0.00968725,-0.050943222,-0.039395362,0.04730686,-0.18503052,-0.114099935,0.1176682,0.044925295,0.058706135,0.056533117,0.0009943069,-0.001786923,-0.0202658,0.010031531,0.025082164,-0.025249112,-0.0062906463,G05_D04_K_25_Ofkeli_C3.wav,Angry
0.1060209052507267,0.0762299450556397,0.00848232,0.044971403,2103.0298,3593.650212754023,6383.652797965116,21.536173,0.030508032,-538.7025,118.9584,-76.18081,55.23082,13.177135,-0.14513433,24.92041,-14.508966,9.321378,4.199201,-6.9155073,5.418219,-9.744924,-1.1637601,-0.21102747,0.2741213,0.032376293,0.006000397,0.05341054,0.16375063,0.1602703,-0.034812868,0.054978475,0.09852128,0.035440195,0.09696202,-0.05052469,-0.22664155,0.062467765,-0.10498555,-0.028363727,0.009183296,-0.031972963,0.013506864,-0.017076848,0.0013216297,0.035728842,0.022017954,0.028044254,G05_D06_E_20_Uzgun_C4.wav,Sad
0.0356701592714088,0.0490424310332119,0.0057357615,0.020800617,1104.061,1957.7727633384063,3519.380179558011,5.356657,0.47365978,-590.3303,141.46114,-7.8421235,62.95381,12.718408,-9.333562,16.482307,-14.636519,-0.42587954,2.9165049,-16.883032,-9.5339365,-13.964466,-0.70390874,-0.0029636826,-0.00047786196,-0.031560868,0.069387086,0.03388365,0.0006948914,0.03592768,-0.0046524354,0.037028518,0.035176087,0.01697925,0.023401627,0.13130769,-0.16384548,0.05196365,-0.07705537,0.0048848093,0.0008314117,-0.023273671,0.047668517,-0.009954429,-0.037327833,0.0035399224,0.010603551,0.04300108,G05_D05_E_20_Mutlu_C2.wav,Happy
0.0807926829268292,0.0687479511607811,0.003675392,0.012422171,1744.5151,3218.5410720104433,5797.294207317073,4.8320775,0.17445421,-628.34784,127.34468,-47.79242,48.900368,0.82325006,-29.117456,5.23776,-13.527357,-3.7506943,-8.842757,-10.270239,4.921207,-7.7973804,-0.62400895,-0.07967646,0.31562546,-0.07001149,-0.04220927,0.14000933,0.1326027,0.08758679,0.00597764,0.028816607,0.040567864,0.023169694,0.01893569,-0.24516977,-0.1695902,0.082114056,0.016285868,0.07616104,0.04096043,-0.006733155,0.016144807,-0.012549556,0.016048625,0.006798588,-0.011765936,0.01565345,G05_D04_K_25_Uzgun_C4.wav,Sad
0.0499200506524725,0.0447953812620655,0.0063969707,0.024918452,1544.0983,2484.5164570086904,4732.572115384615,3.1334147,0.17348665,-564.0484,125.92205,-38.679592,33.840576,1.2452239,-34.869442,-14.12151,-13.320879,2.0536044,-17.149172,-18.256897,9.453076,-9.004213,-0.36273035,-0.15827473,-0.06899453,0.10825949,0.04562552,-0.0041980627,0.12272726,0.06397554,-0.04996459,0.04555233,0.05479271,-0.037924577,0.016413935,-0.0071821893,-0.20261505,0.0016744144,0.08180002,-0.012094785,-0.025139416,0.063616954,0.045367964,-0.023494162,-0.00039229813,0.010817577,-0.018397795,0.0039172475,G05_D04_K_25_Mutlu_C2.wav,Happy
0.3153581558519108,0.1732404709500905,0.012841741,0.06518417,2003.4553,10341.978437941969,17635.59912420382,15.121847,0.32935736,-471.56128,-32.441208,-27.21359,1.1807133,-20.697306,-10.9680805,-35.513485,0.4804221,-40.205997,8.525851,-24.307425,3.4692962,-33.814278,-0.6908153,0.10703541,0.18406786,0.15399536,0.11830932,0.04285809,0.081872724,-0.064251944,0.07758223,0.023086252,-0.06302492,-0.016253594,0.016681248,-0.01109414,-0.027416619,0.022303114,0.08950611,0.009102706,0.057394043,0.034919504,-0.021353334,0.03932438,0.024706211,-0.013902982,-0.00083955633,0.034378506,G05_D02_C_09_Saskin_C5.wav,Surprised
0.2800685975609756,0.1150221583536289,0.018078133,0.07988835,2033.6072,9517.103431866904,17080.735518292684,21.65492,1.1389103,-399.33148,5.302306,-29.163755,-14.627241,-15.6360855,-8.776803,-40.544327,21.160366,-45.05187,-4.832549,-19.384115,8.917396,-32.415825,-0.09577957,0.13155265,0.11428014,-0.22147617,-0.112951435,0.12298718,0.043031115,0.020166727,-0.072127685,-0.013430621,0.046864167,0.042897597,0.0023900056,-0.15434869,0.024043698,0.052345257,0.047095932,0.052229114,0.019636657,0.088552125,0.01722361,0.04693714,-0.0016837922,0.013911231,-0.007364444,0.015077751,G05_D01_C_09_Notr_C1.wav,Neutral
0.1328480782820351,0.0694144403975479,0.010423048,0.07321969,2208.0105,3956.5538700031657,6408.212939698493,27.33007,-0.064183034,-530.2615,104.721664,-104.18773,56.265766,-11.993006,-37.52191,16.23126,-17.792551,-8.836235,-14.872323,-14.797221,-2.6753185,-17.41898,-0.47046104,-0.14765006,0.21210152,-0.01610475,0.089366786,0.21625902,0.05076138,-0.04358681,-0.048011262,-0.015735313,0.005419798,-0.006636205,-0.0032375902,-0.084317714,-0.0580743,0.044188865,0.017983126,-0.024782073,-0.0050734133,0.0073097805,0.004357517,0.01268961,0.012327968,0.006467788,0.019943953,0.03877416,G05_D03_K_19_Saskin_C5.wav,Surprised
0.0786811350476839,0.0516863441661602,0.011770212,0.044009086,1787.7987,2919.616818402383,5117.549386920981,7.890419,-0.28431955,-491.37582,117.25509,-80.7282,28.3988,-7.962859,-43.033092,-0.46453607,-13.160268,-13.761645,-20.952408,-16.981297,-3.0837336,-16.900965,-0.08562151,-0.10769697,-0.3531423,0.11932824,-0.12364734,0.0024404149,0.06754319,-0.06146891,0.046305396,0.06390309,0.015233329,0.008461629,0.019992836,0.23217206,0.007772191,0.19910719,-0.13987018,-0.029311443,0.06447815,-0.0035893416,0.044433042,-0.0361674,0.023472376,0.030007781,-0.01411436,0.016124945,G05_D03_K_19_Mutlu_C2.wav,Happy
0.0880791386471519,0.0633973569567295,0.008510487,0.041743543,1834.5331,3121.0455521850135,5535.774327531645,28.073,-0.330414,-501.56784,157.54437,-75.809395,57.427856,-6.20007,-11.873996,23.52816,-19.663692,12.511942,1.1027541,-9.65229,5.8090544,-16.053455,-0.54072785,0.28483862,-0.0940884,0.048920114,-0.16004023,-0.07273615,0.09697763,0.001498681,0.039401338,0.011324988,-0.030564655,0.047896102,0.08365508,0.07445876,-0.2863222,0.19884472,-0.07827586,-0.008537192,-0.08549332,-0.056143723,0.113681816,-0.0017892213,0.022232085,-0.01404953,-0.06990922,0.06607489,G05_D06_E_20_Notr_C1.wav,Neutral
0.3115476410964439,0.1434940473317089,0.020502653,0.11364963,2170.5476,9645.278464085972,17444.016029094826,14.25956,0.32777554,-407.83612,-22.047771,-42.62638,-1.7341214,-15.188343,-7.917859,-38.172005,2.8252306,-39.637966,-0.43140095,-20.354975,5.4884224,-41.597244,-0.8196937,-0.045029346,0.16851297,0.12838875,0.13401882,0.009048399,0.0372764,-0.08020943,-0.036410727,0.024788931,-0.06465582,-0.03405912,0.0682994,-0.10393121,0.0336001,0.018563949,0.05105922,0.029897736,0.0022638682,0.024800893,-0.028095398,0.037448157,0.022783915,0.0078891255,0.0006973692,0.040150393,G05_D01_C_09_Saskin_C5.wav,Surprised
0.3308653539540816,0.0969265987521256,0.013025607,0.032990832,1705.9569,11556.308687420526,18569.754464285714,7.211932,0.13671815,-410.78976,-45.1972,6.6130295,13.165808,-1.3155056,-2.1510823,-16.793886,-21.444069,-11.028308,-12.77269,-32.7154,-3.4317136,-25.208591,-0.020983389,-0.054298453,-0.25952733,0.13808829,0.005216034,-0.035203483,0.11248914,-0.062695675,-0.04511769,0.14748618,0.0045519345,-0.02969738,0.061113697,-0.12374029,0.11378055,-0.018076222,-0.0119200405,-0.028750965,-0.00221394,0.047926772,-0.011047759,0.00300404,-0.007631568,0.013272176,-0.007146597,-0.0014539593,G02_D01_C_12_Mutlu_C2.wav,Happy
0.2330702264118457,0.1635805808560385,0.006819536,0.050321613,1950.2932,7951.538328029449,14967.415095557852,31.136398,0.0092305895,-481.55338,4.729999,-7.7071605,9.26033,2.085895,3.901355,-25.943285,-6.6355195,-26.684597,-20.740099,-20.068176,-15.679615,-15.6768265,-0.07968568,0.6303655,-0.057929173,0.008625798,-0.003333131,-0.1639289,0.037469093,0.026848411,-0.038846653,-0.067139216,-0.065779515,-0.04016759,-0.0072434796,-0.010324662,0.123491615,0.048636124,0.023085004,-0.01349647,-0.023304222,0.008786057,0.037197087,0.04347535,0.008602988,0.029316084,0.009130225,0.0140495915,G02_D06_K_20_Ofkeli_C3.wav,Angry
0.3294868364726027,0.1055819859338555,0.008232165,0.038827654,1310.1569,11596.958170290662,19204.815924657534,12.813729,0.04474306,-450.38446,-25.309172,36.770576,9.175689,-17.353657,-9.356539,-30.103657,-30.838198,4.8183656,-15.838429,-36.717804,-5.247363,-14.119245,-0.3213458,0.16414134,-0.036855344,-0.040403694,-0.010975391,0.048407044,0.07360463,0.031983215,-0.050681237,0.030519856,0.059114974,-0.0027707662,-0.010904587,-0.049506504,0.022727156,0.009231661,0.015691938,0.060727503,0.028465563,-0.014814507,0.015077382,0.0014087206,0.021158783,0.041406892,0.0045589525,0.007066736,G02_D02_C_12_Mutlu_C2.wav,Happy
0.3968619348781179,0.1145452869695826,0.007898232,0.03478874,1636.1398,12199.10489560464,19518.229166666668,11.523901,0.1108564,-447.27148,-22.973124,34.843773,13.832369,-8.974825,-6.3927407,-15.987816,-34.416576,-2.2387981,-8.87771,-30.176281,0.38355905,-9.701211,-0.25249308,0.07773687,0.09244372,-0.019843372,0.042499956,-0.0071122088,-0.031337477,0.018641427,0.03940123,-0.019924868,-0.04252375,0.005266709,0.040551558,-0.026103029,0.025463693,0.017705202,-0.006182982,-0.0053093038,0.005035089,0.014218019,0.011335648,0.014995281,0.008112665,0.023501087,0.006569643,-0.010088446,G02_D02_C_12_Notr_C1.wav,Neutral
0.1955429248595505,0.1041282463198589,0.024856681,0.06354158,2184.8298,6580.584300734219,12249.650522296348,8.929824,-0.16919683,-313.07208,33.216743,-21.352715,24.54049,2.050836,6.033726,-33.473133,11.450143,-22.80328,-13.305056,-9.483442,2.22986,-20.719576,0.07963842,0.7521488,-0.06834943,-0.15474592,0.13199615,-0.20376562,0.07472335,0.17358321,0.039491203,-0.020113941,0.03704206,-0.022476403,0.026898252,-0.19945112,-0.27460983,0.031816017,0.07546594,-0.02392282,0.061520588,0.046213064,0.0014933978,0.026947299,0.033582516,-0.0064277444,-0.0019521865,0.0071994285,G02_D05_E_17_Ofkeli_C3.wav,Angry
0.2358150997677364,0.1159517871238251,0.0048269206,0.04328849,1861.7495,8096.138143595752,15238.378576330237,48.669365,-0.05141013,-483.9335,4.98432,-5.086244,6.156074,-3.057816,7.668307,-25.102083,-12.085581,-27.067701,-16.741009,-18.53997,-20.180063,-15.156883,0.095047295,0.19501935,0.076324105,-0.14395036,0.05378897,0.12536035,0.025795769,-0.064801216,-0.046994805,0.015743174,-0.0637749,-0.026637606,0.036510166,-0.09782164,0.10139339,0.058532406,-0.07264981,-0.059803307,-0.0012882432,0.05675683,0.035800993,-0.006288492,-0.0050957813,0.038722377,0.006015655,0.04527044,G02_D06_K_20_Notr_C1.wav,Neutral
0.1806243186773256,0.0885897606635006,0.027124694,0.07724765,2095.894,5764.192317502591,10500.608080486918,9.675352,0.056751795,-300.82312,50.29034,-25.124012,27.213202,-19.148527,-5.021418,-21.566055,9.701118,-17.373928,-24.038305,-4.186235,3.803022,-17.77039,-0.36174348,0.9188878,-0.16283077,-0.08953837,0.09011367,-0.1915958,0.04346062,0.20306556,-0.06671715,-0.025828661,-0.0015324733,0.091846585,0.07142359,-0.348234,-0.07107108,0.08519788,-0.013892688,0.041028596,0.04665485,0.05926701,0.03965633,0.058475405,0.012373935,0.043782692,-0.00066688174,0.04296815,G02_D04_E_17_Ofkeli_C3.wav,Angry
0.3021414620535714,0.1073245078035345,0.009824443,0.044003204,1810.3317,11048.2364350256,18549.55786401099,13.894592,-0.08835102,-432.44528,-38.49155,9.162379,23.030357,3.7075086,5.01995,-10.498672,-26.090015,-8.3902025,-9.472415,-26.418682,0.31920883,-23.636322,-0.09324491,0.6472193,0.12900187,-0.27010664,0.0027297197,-0.075840466,-0.0019879078,0.08349516,0.018464165,-0.10620509,-0.10594451,-0.024437048,0.01648303,-0.019012688,0.13211618,0.017110076,-0.025688518,0.046624206,0.023117028,-0.0015734893,-0.011147255,0.0018982887,-0.0065983823,0.0058594104,-0.0046587726,0.0030695128,G02_D01_C_12_Ofkeli_C3.wav,Angry
0.4498186383928571,0.1030725113173888,0.013744363,0.0461508,1915.5648,12476.751762231455,19224.910714285714,15.056858,0.2777187,-401.13995,-45.715614,14.215808,7.4179955,-5.6632814,-2.6048737,-7.370859,-15.793054,-11.443826,-10.422469,-22.510214,2.7461753,-22.387587,-0.55218446,0.097524144,0.27335235,-0.053175528,0.026702022,-0.09061715,-0.07774268,-0.010732542,0.05151849,-0.06892997,-0.075362235,-0.01912732,-0.03144992,-0.16332093,0.00021782467,-0.03395096,0.0056972043,0.046330012,0.026667913,0.024870154,-0.0031965515,0.051857,0.0047094957,0.019413518,0.016125899,0.007949251,G02_D01_C_12_Notr_C1.wav,Neutral
0.3617270865091463,0.0853546994677733,0.012504868,0.05432944,1458.4117,11197.954575358428,18759.432164634145,12.112089,0.16526552,-378.0604,-32.524162,13.978347,10.238142,-26.791798,-12.108399,-21.32351,-33.430157,-14.197908,-20.954746,-32.754208,-1.5651934,-16.45575,-0.21425089,0.40927652,0.11953763,-0.024078276,-0.023470832,-0.04519867,-0.019523015,0.05358958,-0.0036840858,-0.029265027,-0.054317404,-0.022680733,0.021821218,-0.037533324,0.042279948,0.018883191,0.028313149,0.02905954,-0.0077127945,0.010441818,0.00585039,0.008666809,-0.0017458125,0.0017709499,-0.0041741803,-0.008269922,G02_D02_C_12_Ofkeli_C3.wav,Angry
0.2432164386894463,0.1271583818481722,0.011900607,0.048725326,2132.9304,7205.2499063399955,13260.504129271194,28.605444,0.44378558,-373.1236,34.36383,-8.9673395,20.709755,-1.2862675,3.674917,-19.988956,22.117083,-19.144255,-20.545017,-13.583063,2.8209922,-10.677432,-0.26058906,0.14834775,0.14615427,-0.11364275,-0.1787262,-0.12347528,0.086411595,0.16050813,-0.022354413,0.052964956,-0.013106329,0.0013345764,0.18209179,-0.41591918,-0.049605,0.037413254,0.029864753,0.013384986,-0.025678309,0.008363431,0.039836153,0.059438936,0.025419783,0.00051592174,-0.026544422,0.012465492,G02_D05_E_17_Notr_C1.wav,Neutral
0.1837296817765567,0.1140549992285418,0.014758431,0.055648264,1731.0919,6224.233830261721,11476.40850360577,8.42701,0.12667432,-385.57898,38.654648,-10.061892,13.790211,-39.446537,-26.061602,-30.652658,6.1514344,-17.09279,-17.288343,-3.5895414,-10.903104,-8.599375,0.010498983,0.34598714,0.12782964,-0.332439,-0.35196632,-0.102988064,0.0737381,0.030135581,-0.029652033,0.11528547,-0.028227799,0.05390724,0.15446766,-0.24248543,-0.0059152995,0.09099323,-0.0038651407,-0.055200152,0.020745968,0.10992127,0.029336607,0.046739046,0.0324516,-0.013748676,0.06564668,0.026229061,G02_D03_K_21_Notr_C1.wav,Neutral
0.2303518826844262,0.1025452812377884,0.010358998,0.032188646,2189.9292,7113.201868629812,13193.428855020493,14.956663,0.06641756,-377.1933,24.625658,-17.164614,31.050589,16.591713,23.025728,-20.210495,4.3627977,-21.766819,-10.238624,-5.6406507,0.43725085,-20.447483,-0.88186353,-0.12954287,0.2419231,0.007869486,0.04425491,0.061959926,0.10345369,0.06604257,0.13866892,0.09125504,-0.033079546,0.022809083,0.06232154,-0.25727168,-0.004257101,0.08284318,-0.022875674,-0.025301795,-0.019910349,0.05880261,0.012058873,-5.4898614e-05,-0.03405284,-0.0067685745,0.015913164,-0.0028818646,G02_D05_E_17_Uzgun_C4.wav,Sad
0.2050363641036184,0.1099668842882472,0.019730942,0.10516268,2226.9988,6726.833967299926,11939.16947214227,17.003862,0.042891704,-368.9233,9.415161,-21.987595,33.971268,-16.53633,-17.746885,-38.90713,2.6579192,-13.017769,-11.350919,-11.1236315,-10.903254,-0.32704985,-0.60141975,-0.030163527,0.2475313,-0.045530133,0.01915426,0.04795205,0.045569886,0.017054304,0.0006229313,0.015724154,-0.0872894,0.027908407,-0.010376833,-0.188575,0.062078174,0.09735024,-0.06121549,-0.034529593,0.0587754,0.031056836,0.0068925573,0.029294902,-0.0019051982,-0.006284538,0.03724219,-0.006562028,G02_D03_K_21_Uzgun_C4.wav,Sad
0.2396691524621212,0.1425386096003985,0.004639009,0.018502843,2141.6104,7607.420214419123,13856.746715198864,10.020145,-0.04444818,-494.86572,-4.726457,-22.215117,24.2678,3.0951998,8.647189,-23.123625,-9.498012,-28.004818,-17.741383,-18.627234,-17.810406,-16.589895,-0.80206835,0.01725087,0.22608562,-0.0049520032,-0.049627066,0.102256194,0.18737775,0.061471183,0.031166432,0.004761444,-0.0267247,0.028288485,-0.012343682,-0.068008825,-0.008816811,0.045912903,0.043563537,0.0121038435,0.02379571,0.06297264,-0.024249539,0.021804696,0.016263623,0.027083594,0.034292076,-0.0020377354,G02_D06_K_20_Uzgun_C4.wav,Sad
0.1562881186105948,0.0899401163087942,0.029299896,0.16724801,1874.4937,5914.673173029116,10569.760869249536,23.02413,-0.01721843,-349.88,22.749971,-35.000748,21.357222,-30.818432,-15.824042,-30.307653,-4.3137193,-18.828613,-10.119654,-11.207113,-8.187185,-7.902892,-0.027571328,1.0127897,-0.07353457,-0.27628243,0.16580012,-0.2449073,0.01449261,0.17411038,-0.057376917,-0.047020767,-0.027271634,-0.08282389,0.07300626,-0.47253168,-0.012651025,0.094247825,0.05391744,0.024920747,0.0787233,0.0323871,0.05907632,0.022454504,-0.040814467,0.013598144,0.020398628,0.018516516,G02_D03_K_21_Ofkeli_C3.wav,Angry
0.1996759744920494,0.0792170190454148,0.020463478,0.053249627,2199.999,5898.858357700947,10663.653068407686,15.396978,0.04243934,-315.04688,42.465946,-37.335255,29.66877,-2.2126613,2.4047165,-15.717701,10.413997,-17.640743,-19.29048,-3.5117006,-0.5828465,-18.112608,-0.52565336,-0.0658423,0.33139133,0.024448002,-0.15479907,0.05427823,0.2166831,0.018571611,0.086421624,0.060197573,-0.061982777,-0.0034549767,0.050227385,-0.43626645,-0.12495894,0.081691034,-0.016487472,-0.022152819,-0.040925298,0.049204376,0.010981885,0.02379714,0.06973263,-0.019796945,-0.023061357,0.04412631,G02_D04_E_17_Uzgun_C4.wav,Sad
0.223843120903558,0.1158362174869226,0.017924974,0.06452158,2024.3607,6314.440122337166,11530.264110779495,18.429386,0.088663116,-334.59216,46.83615,-22.964565,25.033272,-18.845766,-0.9228908,-19.188995,14.462103,-24.223837,-13.909769,-6.746574,5.1110454,-9.887006,-0.19011514,0.22914729,-0.051709313,-0.26682222,-0.17065182,0.018192785,0.15665123,0.017599685,-0.10218604,0.0012803007,0.028125934,-0.014345531,0.1919522,-0.22655882,-0.06683714,0.019951485,-0.05921398,0.040145013,0.014069332,0.04858077,0.019403871,0.012079405,0.012796595,0.007368329,-0.01897762,0.044057027,G02_D04_E_17_Notr_C1.wav,Neutral
0.217765867248062,0.1219024349985069,0.029746614,0.22163484,1872.0717,6464.994565664048,9975.937954215116,26.071037,-0.02406593,-438.99023,18.548372,-16.125294,51.383152,-24.222897,5.4045796,-16.395018,-13.492099,24.24595,-20.126549,-30.162477,14.074247,-35.07519,-0.74188405,-0.006420441,0.081694335,0.057373628,0.1768631,0.16837807,0.05507523,-0.060299784,-0.019656831,-0.033413302,0.035278223,0.019265449,-0.016691621,-0.11386826,-0.06220468,0.0155774765,-0.024585024,0.040413104,0.031489685,0.017539805,-0.003747706,-0.0041208463,0.038474027,0.050155196,-0.004057729,0.0075370916,G15_D06_K_44_Saskin_C5.wav,Surprised
0.2021085298978365,0.1378484878555405,0.004531018,0.04254727,1764.1255,8389.254814943635,16452.6612501878,21452.951,82.43975,-466.6538,21.688961,3.83557,5.521569,8.830237,9.306697,7.0747676,5.1674128,1.2782626,-2.944082,-5.3702097,2.0034788,-2.0835307,-0.39454687,0.19898914,-0.0058063474,-0.081529215,-0.11268174,-0.0588608,0.03261309,0.025293745,0.0025349397,-0.029120324,-0.039921753,-0.012070366,0.005356172,0.44061044,0.016631735,-0.0065978607,0.012245921,-0.007090908,-0.021639457,-0.01908068,-0.01770008,-0.013279979,-0.00045726105,-0.0023701305,-0.012149621,-0.007456388,G15_D02_C_16_Ofkeli_C3.wav,Angry
0.2328350360576923,0.1082443978066503,0.017814502,0.08279777,2038.3629,8535.29777912131,16089.986348847811,22.946037,1.2510638,-388.78094,-3.042483,-24.17309,-23.825651,-5.978868,-24.657043,-23.504637,5.129472,-35.800884,-13.490467,-6.605608,-4.8969584,-21.407764,-0.022188181,0.15583259,0.123523206,-0.28618783,-0.11911379,0.12946826,0.05697707,0.013293697,-0.08837334,-0.00719087,0.057106085,0.053869504,-0.0055225156,-0.185442,0.03345567,0.040914703,0.07638842,0.0432378,0.044664398,0.074866824,0.03115391,0.024103524,0.004082743,0.0071136286,-0.003393135,-0.03199972,G15_D04_C_10_Notr_C1.wav,Neutral
0.0763479764344262,0.0588350833723095,0.00907206,0.036666214,1862.9817,2666.2819351199564,4703.004530609631,11.816427,0.057270516,-488.7425,154.56348,-53.261356,68.10164,8.838115,-15.767071,10.079955,-3.4161897,9.400667,-15.666193,-20.725803,-3.086845,-14.256273,0.05172275,0.12764154,-0.101992115,-0.12620196,-0.108973876,0.012306922,0.073204584,-0.038762342,-0.029093167,0.025092088,-0.045659617,0.007472858,0.09700247,-0.13257,-0.17362784,0.02905879,-0.057211917,0.005232996,0.00819706,0.018154012,0.022934726,-0.0289298,0.023720266,0.03530428,0.007995357,0.015745861,G15_D01_E_21_Notr_C1.wav,Neutral
0.135869891826923,0.102796025166832,0.011204126,0.03654266,1700.7828,5507.182908924571,11317.741135817309,5.5654163,-0.068760134,-492.31146,76.628395,10.051227,27.449953,13.102654,21.4844,-18.22414,-6.0383763,22.987947,-16.288055,-32.179028,27.583433,-17.258259,-0.57205814,0.027873699,0.21049961,-0.018901816,0.002904584,0.020397538,0.2364444,0.103846215,0.054305073,-0.024266385,0.07812558,0.003319865,0.04229527,-0.16237107,-0.044469506,0.059378233,0.019734865,0.023892121,0.012788401,0.021385677,-0.016850716,-0.019095408,0.0013417782,0.034930296,-0.008467644,0.024240991,G15_D06_K_44_Uzgun_C4.wav,Sad
0.0844202853903785,0.0778635571230124,0.0145882955,0.043651592,1797.5952,3486.9895732839027,6194.158338673107,5.089011,0.06794964,-471.02887,96.98209,-48.336586,62.597954,0.90303576,-20.67818,14.600496,-15.726495,-19.848902,-21.721699,-6.9021974,-0.40831128,-17.426025,-0.6158174,0.11038288,0.091463044,0.05977686,0.13806775,0.123073064,0.025347136,-0.047121603,-0.0037386275,0.0079093035,0.021010632,0.034431934,-0.0324038,0.06820415,-0.18289982,0.021876002,-0.08276047,-0.017525718,0.007850473,-0.036537055,0.0013865447,0.015530192,0.04679974,0.047435127,0.0014055745,0.034235258,G15_D03_K_20_Saskin_C5.wav,Surprised
0.1051169002757353,0.0787268555263968,0.012632278,0.050806608,1303.737,5465.626205875247,12000.327435661764,14.001247,0.26909345,-392.77863,66.8111,0.26528618,8.363157,-7.7036915,17.101324,-18.284191,-15.777749,-9.001136,-14.708623,-28.431797,-6.2889395,-32.008686,-0.5664874,0.024520446,0.08761528,0.010341857,0.120146096,0.0691371,0.101292305,0.088060275,-0.019840246,0.13070016,0.11178597,-0.072396435,-0.056877937,-0.23558578,-0.048569206,0.029946176,0.04238433,0.03735693,0.015373226,0.026692674,-0.029397575,-0.024294212,0.06142029,0.060663637,-0.010474394,0.045548763,G15_D05_E_22_Ofkeli_C3.wav,Angry
0.1158163265306122,0.0820191606111111,0.012459001,0.052468635,1196.2001,5579.190805880992,12822.978515625,10.350723,0.24821123,-380.193,74.957985,11.454229,1.5772748,-11.761439,13.052766,-21.691952,-16.8548,-15.722506,-17.946125,-30.66005,-4.549942,-24.348728,0.023761796,0.09994417,0.051245324,-0.04612791,-0.12765726,-0.10094279,0.015038081,0.058834843,-0.011207234,-0.04775542,-0.10284255,-0.0036494674,0.08079228,-0.23633146,-0.18213041,0.046703484,0.068096235,0.047179144,-0.12000582,0.09373408,0.08655464,0.034046408,0.06840962,0.081122495,0.00068128546,0.05602343,G15_D05_E_22_Notr_C1.wav,Neutral
0.2659353095794392,0.1378775754943879,0.022149209,0.10868992,2188.161,8687.54657501899,16355.97711010514,12.972955,0.4093457,-388.0617,-30.859972,-35.873035,-11.291067,-5.7384286,-22.485397,-23.489454,-11.651663,-27.246746,-10.749791,-6.448303,-11.924584,-25.405016,-0.67089856,-0.044554718,0.13358359,0.1439992,0.08298338,0.014132482,0.008970358,-0.06807657,-0.041757736,0.025188982,-0.07601132,0.007636516,0.020023217,-0.4420183,0.022326263,0.016964752,0.052366305,0.01244981,0.021111373,0.0004891842,-0.033276923,0.036110383,0.032546494,0.0004550809,0.017991306,0.034153935,G15_D04_C_10_Saskin_C5.wav,Surprised
0.0778933983194864,0.0658359612939274,0.00999311,0.027810412,1964.4438,3277.7950571135116,5924.688444108761,14.69759,0.23333125,-485.7539,108.45983,-58.31233,48.617996,1.6433636,-16.152477,13.181232,-14.714355,-15.774555,-22.585377,-10.024715,1.2593154,-12.340693,-0.65938926,0.17454642,0.28060177,-0.042143553,-0.029385202,0.13113555,0.13196266,0.013676332,-0.0080722505,0.013201284,0.024126759,0.042718384,-0.059450258,-0.06952012,-0.11319419,0.10563033,-0.052048992,0.021675674,-0.0006532295,-0.028373217,0.016593724,-0.01850429,0.028166255,0.030565389,-0.016306717,0.010943517,G15_D03_K_20_Mutsuz_C4.wav,Sad
0.1761816694321533,0.1201931160901269,0.011636166,0.065539405,1655.9297,6403.510990997862,12668.0659741427,19.692999,0.20045938,-396.28497,42.34818,-2.938118,14.882525,-19.33666,11.665786,-15.770142,-12.869295,-9.840687,-15.636919,-24.751411,-2.8826911,-29.631115,-0.12703721,-0.11550649,-0.13976204,-0.038126346,0.21488284,0.15114033,0.09446216,0.048586044,-0.06400238,0.042941213,-0.036107916,-0.06695416,-0.030020079,-0.13315591,-0.026428184,-0.01077514,0.041608877,0.054927647,0.017744876,-0.005193637,-0.0045148283,-0.009357543,0.032435346,0.03654376,-0.029642887,0.009744465,G15_D05_E_22_Saskin_C5.wav,Surprised
0.0533500339673913,0.056960116578591,0.010412393,0.02898804,1509.268,2812.7551881050213,5504.542077105978,3.4526095,0.005211705,-502.5954,122.72331,-44.70112,49.63889,-1.8168273,-22.549767,11.726431,-15.868442,-20.546534,-26.292557,-14.953759,-2.9828293,-13.805758,-0.27107546,0.12623006,0.10089816,-0.049053233,0.05107115,0.047867607,0.0009732602,0.025441,0.060149454,0.07591344,0.022557165,0.0010856541,0.040699612,-0.04060918,-0.069847465,0.06561958,-0.059403438,0.018663257,0.029505279,-0.005178474,0.039480064,0.008105489,0.002372364,0.01748753,0.0076052817,0.017020166,G15_D03_K_20_Ofkeli_C3.wav,Angry
0.1855600717905405,0.1080935842191551,0.030261865,0.10119074,2167.436,7613.829412218502,15339.439136402028,6.2331085,0.28304484,-366.94278,-36.46919,-60.120377,-28.109913,-11.797325,-27.874031,-36.197243,-16.228233,-21.651499,-15.028474,-4.519054,-12.075477,-21.819637,-0.3288459,0.1522547,-0.21478738,-0.18968259,0.051464442,0.03332419,-0.021411896,0.031613715,-0.02388769,-0.03319481,0.040500518,-0.043067552,-0.07025662,-0.0669425,0.0037593273,0.07448116,0.09653787,0.022183372,0.06845737,0.03301735,-0.024529157,0.01767814,0.0104871765,0.03166629,0.007961814,0.003378093,G15_D04_C_10_Ofkeli_C3.wav,Angry
0.0874269423016372,0.0547677871408574,0.008297586,0.02695504,2080.4253,2943.750425718042,5173.6096898614605,8.190166,0.11531317,-502.0561,138.15709,-60.890892,64.732956,17.511545,-3.8549888,8.459312,-6.5315876,7.5294886,-19.125383,-13.182748,3.0871568,-18.287252,-0.39176315,-0.033423495,0.066076964,0.02328595,-0.09956098,0.028818933,0.13269158,0.04350715,0.095471695,0.11815213,0.019548114,0.026577827,0.08772689,-0.09384915,-0.14228149,0.076602794,-0.05640562,-0.021093167,-0.003163878,-0.011690748,0.011110946,-0.0010163109,-0.0011805863,-0.00015158467,0.005508972,0.016472474,G15_D01_E_21_Mutsuz_C4.wav,Sad
0.2515234375,0.1741061895211637,0.007823658,0.044280726,2057.6067,8298.404786118086,15311.4609375,3108.3555,20.301134,-455.61615,7.0381584,-8.023782,1.52713,-4.035296,-0.8626737,3.1685631,7.193831,4.1848626,-2.3342736,-10.445675,-0.99129784,-3.4003687,-0.8631592,0.071553975,0.11858032,0.05086089,0.041351426,0.03918252,0.016674938,-0.03880735,-0.0071521737,-0.0046646227,-0.024552388,-0.023145916,-0.013190891,0.5384728,-0.020072686,-0.012614909,0.055576704,-2.696991e-05,-0.021027924,-0.009553839,0.00798717,-0.0031326334,-0.013335481,-0.009489245,-0.013828504,0.011628727,G15_D02_C_16_Saskin_C5.wav,Surprised
0.1158653358360389,0.0965838224677081,0.015138304,0.12118951,1295.2441,4835.0132853083205,9638.275701349432,40.449665,-0.04821756,-475.0844,89.51725,35.709812,34.93488,-9.551945,0.6874901,-14.180461,-14.478953,37.40072,-24.124933,-35.084816,31.599112,-24.536928,-0.08789431,0.19765675,-0.10539515,-0.24725477,-0.18283851,-0.08112752,0.09802996,0.114489384,0.19277751,0.0077195726,0.0046828813,0.07617694,0.10270945,-0.163056,-0.101688296,-0.05444467,-0.08179283,0.012884488,0.026374154,0.08726514,0.030786635,-0.07845697,0.011615112,0.11112855,-0.009029526,0.017824497,G15_D06_K_44_Notr_C1.wav,Neutral
0.2160900429355524,0.1398352793743002,0.005364205,0.04471655,1706.8715,8377.38764128237,16120.256064093484,10706.21,51.438156,-462.88602,30.386442,7.191282,-2.6403723,0.7609969,3.470793,9.853752,11.619874,3.3653686,-2.7848904,-6.4212637,5.3724084,2.4533513,-0.82481295,0.06624428,0.11317727,0.027717957,0.01100849,0.056977022,0.0601723,0.014401625,-0.01736762,-0.02230993,-0.03233451,-0.03246318,-0.03500698,0.5254025,0.037032582,-0.0032816636,0.026829712,-0.0042354674,-0.03200857,-0.022053996,-0.01026535,0.002964779,-0.0118364785,0.004509004,0.015894374,-0.0012340492,G15_D02_C_16_Notr_C1.wav,Neutral
0.0750759208463949,0.0528016169790422,0.01143615,0.065689735,2014.5785,2633.2072177451664,4601.287746130486,23.69577,-0.20238869,-486.5163,153.21776,-51.023304,64.258446,16.663435,-13.719815,3.072954,4.0743804,8.594499,-31.159262,-21.978632,4.4076447,-17.924372,-0.76987904,1.0545448,0.26729617,-0.20466301,0.20215322,-0.041541826,-0.032313984,0.16559608,0.062909104,-0.010331623,-0.05657733,-0.02825566,0.017945323,-0.1526329,0.035541862,0.13285145,-0.035189968,0.017736128,0.02196071,0.040920384,0.01299347,-0.00068812683,0.025681317,0.038065147,0.030280208,0.019238453,G15_D01_E_21_Ofkeli_C3.wav,Angry
0.1337568681318681,0.1473096876909382,0.004786909,0.013636922,1587.8667,6349.771015684036,11665.17857142857,3.6940355,0.21567878,-574.5944,40.03087,-30.453732,6.865581,-19.342928,5.2458677,-25.11584,-3.688272,-15.017786,-12.540739,-17.16561,-3.8221617,-20.803183,0.33174548,-0.30806187,-0.28185993,-0.17509255,-0.090464644,0.00641401,0.076024644,-0.036251765,-0.07929877,0.23010935,-0.032657314,0.004435162,0.101382844,-0.118379675,0.07297958,0.060032506,0.02085556,0.061608072,0.026766201,0.033223927,-0.018372579,0.021460956,-0.027272591,0.013085829,-0.021498203,0.009061849,G12_D05_C_8_Happy_C2.wav,Happy
0.1936731016002415,0.1250759600962502,0.0034264252,0.011005178,1859.3651,7308.670170365506,13697.873853600544,5.8972797,0.08694755,-514.5174,23.062878,-14.007574,3.491692,-1.484043,6.091139,-23.35488,11.960752,-9.656608,0.26859102,2.0436766,-6.573905,0.043849926,-0.40953064,-0.060203116,0.11228461,0.13942681,0.10635173,0.0018668359,0.09390224,-0.064642034,0.008925374,-0.008523469,-0.0033461137,-0.023848206,-0.059399016,-0.16795759,0.015635828,0.034800448,-0.0013477859,0.0015346128,-0.012051504,0.011242466,-0.014997169,0.0120809255,0.0008091385,-0.008008731,-0.01578638,-0.0012944217,G12_D01_K_23_Shocked_C5.wav,Surprised
0.2661948919971671,0.0657672193648712,0.0005161135,0.00563372,2195.5745,6202.532877045941,10339.719535676346,71.00687,0.05649926,-676.657,32.019764,-46.565987,49.78062,-15.919878,19.301645,-23.267467,-5.661398,-0.12162664,-1.9564639,-0.6847197,-15.802668,6.581673,-0.10533543,-0.085850045,-0.16292407,-0.07122739,-0.11522817,-0.052731942,0.07933068,0.05315009,-0.0578069,-0.011854061,0.015259248,0.018749218,0.01357634,-0.1695695,-0.01629841,0.11270501,-0.042126697,0.05430939,-0.011465459,-0.013721469,-0.0013539743,0.028614301,0.04971294,-0.001178297,-0.010361404,-0.022838738,G12_D03_E_21_Neutral_C1.wav,Neutral
0.2607881650188324,0.2602029794760995,0.002097244,0.013658685,2223.248,7718.008613676553,13413.563460010591,11.533698,0.25185564,-679.27985,26.902771,-52.14907,-6.7725816,11.983061,-56.697895,20.895054,-23.765797,-11.25112,-16.487339,-15.714272,-12.723232,-7.906145,-0.45912305,0.03309968,0.22156267,0.102623016,0.06227022,0.005154281,-0.022947013,-0.063972294,0.04415096,0.023644041,-0.024320962,-0.019704394,-0.0072687,0.09731664,-0.022697527,0.105843864,0.045129742,0.0033889527,0.052879263,-0.03510038,0.024031779,0.03043239,0.013377096,0.012003849,0.0069514345,0.013806128,G12_D06_C_9_Shocked_C5.wav,Surprised
0.0843715702980591,0.0800363182082679,0.014527765,0.05853796,1724.7513,4602.411870654482,10217.723797077171,4.7796335,0.2162207,-437.68753,50.3964,-29.364548,4.8310013,-0.8823983,6.2005982,-18.65395,-3.4055817,-16.188313,-7.4935355,-21.420538,-13.939901,-18.83582,-0.13104278,0.049464356,-0.004911726,0.015992483,0.046218947,0.033338897,0.029933771,0.0039676907,-0.002285499,-4.390075e-05,0.04176555,0.051980346,0.008630958,-0.05027931,0.011367722,0.05077316,-0.01740274,-0.022261243,-0.03185452,0.020853445,-0.009810083,-0.021673078,-0.0054843924,-0.011705598,-0.01815682,0.021025447,G12_D04_E_61_Happy_C2.wav,Happy
0.2071555949145962,0.266254315281121,0.002803401,0.011433153,2051.3652,6649.631868137823,11206.93996263587,7.404192,0.7966445,-653.90186,52.46862,-53.004784,-15.807483,13.433778,-58.842716,12.316231,-31.723457,-18.29005,-21.395756,-11.824344,-8.144774,-9.955284,-0.12923656,0.03498906,0.036530633,0.05626163,0.024305992,0.027290715,0.03697947,-0.08706769,0.007997465,0.042274386,-0.020646561,-0.016928816,0.06351585,0.1314423,-0.052634183,0.020591937,0.031309348,-0.05019846,0.059406746,0.0062189517,0.018973326,-0.010110018,0.019890439,0.021871133,0.0014571463,-0.005536551,G12_D06_C_9_N_Happy_C2.wav,Happy
0.145755663468845,0.0824453315465249,0.0019239393,0.00635058,1825.1973,6169.938772952374,13223.677485039894,7.9413366,0.6761148,-553.5162,59.342255,-24.958574,1.8421004,3.7062674,-3.7280245,-5.848007,3.4490187,-5.12647,-12.377052,18.486685,-8.839401,-1.7700518,0.37538886,-0.12788297,-0.28461856,-0.12683572,-0.07003717,0.10690972,-0.123458534,-0.084290005,0.046262875,0.11055322,0.042766027,0.005048517,-0.031035336,-0.13183369,0.08325765,0.03268978,-0.10516121,-0.05140013,-0.015310376,0.03215879,0.00515812,0.0019665018,0.0067684706,0.003440275,0.012238338,-0.027547872,G12_D01_K_23_Neutral_C1.wav,Neutral
0.2465938326095166,0.0628870581867415,0.0007074653,0.003836825,2241.5886,5734.964694088711,9643.557195288897,21.479397,-0.20863011,-649.81616,36.14504,-63.395416,50.3698,-8.931678,31.184874,-15.62933,-4.5666122,0.3516656,-4.8696046,-1.2454127,-14.134588,5.287241,-0.39323908,-0.16683456,0.077165134,0.016797861,-0.10897818,0.017150072,0.10395435,0.100344814,0.014084888,0.030344816,0.06356203,0.0101377135,0.0349466,-0.17801274,-0.08675956,0.05826852,-0.029574836,0.017776813,-0.025999803,0.00811569,0.018698161,0.010972374,-0.009176243,0.01606534,0.020212265,-0.009129346,G12_D03_E_21_Sad_C4.wav,Sad
0.200617682506887,0.121369226790604,0.0010104089,0.0032387946,1914.9669,7965.196372893059,16483.578012009297,6.751995,0.62471193,-596.2917,32.291187,2.6723425,19.63356,24.309195,12.568871,1.3333029,1.543055,-13.9926605,-14.203538,2.1735098,-2.5055022,-2.4725926,-0.40075994,-0.057606254,0.20389801,-0.025925629,-0.083243124,0.04267738,0.13317554,0.05243848,0.064141184,0.049171332,-0.00800176,0.06254522,0.043931697,-0.16457936,-0.011960852,0.019050492,-0.0022877331,-0.009661464,-0.018501444,0.02171649,-0.01165746,0.001630857,0.008229807,-0.003544736,0.00786959,0.022004308,G12_D02_K_21_Sad_C4.wav,Sad
0.0976300920758928,0.0765351749762201,0.027765004,0.10938367,1838.9186,4496.752359768907,9109.554290771484,10.45199,0.39727417,-373.92386,67.93007,-29.116726,-0.79693496,-2.2846107,2.2824593,-8.529739,-5.7413735,-17.446173,-19.243244,-14.396935,-6.3676443,-7.729019,-0.31793132,0.1557577,0.14862362,0.0067446656,-0.050608926,-0.077205695,0.027199578,0.040937714,0.023892164,0.045543022,0.005137052,-0.0009024697,0.059044175,-0.15895915,-0.04080687,0.035512544,0.05224933,0.05417616,0.032029197,0.025324939,-0.020540135,-0.009394723,0.012770005,-0.007218067,-0.012312346,-0.0009047953,G12_D04_E_61_Furious_C3.wav,Angry
0.1490961472936137,0.096591356275583,0.0026922093,0.014789644,1656.6602,6548.889460490956,13022.825094918224,15.822821,0.18537016,-521.9517,45.9215,-6.1480217,11.988345,-4.6818986,9.842517,-10.769357,8.178315,-15.839223,-25.910145,0.6551339,-8.768406,-9.755714,-0.59718716,0.18263035,-0.00042339574,-0.038684975,0.14902082,-0.053819235,0.052421916,0.031480454,0.19791888,0.044615313,0.048398122,0.02294077,0.05082999,-0.018608479,-0.07305593,0.0045781326,0.03370614,0.025676008,0.034157608,-0.0025974493,-0.012230644,0.011724775,0.0099268975,-0.024251712,-0.0031356001,-0.026837109,G12_D02_K_21_Furious_C3.wav,Angry
0.1247386663732394,0.0772526929284128,0.0033343327,0.0081885485,1688.013,5513.701642655231,11901.871458241638,3.591906,0.01525863,-509.98486,71.636856,-21.738192,4.4859324,10.091943,-3.0902076,-19.613373,2.5829668,-11.499409,-18.115383,15.694501,-14.6345625,-0.26668224,0.101397775,0.03249371,-0.1268446,-0.043416895,0.004948225,-0.007206655,0.04345002,-0.028836848,-0.008549097,0.0567008,-0.03401592,0.004709976,-0.06498095,-0.06838683,-0.08647663,-0.0004565783,-0.031020762,-0.052403677,0.015212069,0.043931667,0.010421627,-0.036986575,0.034161367,-0.020042174,0.039030623,0.0047651683,G12_D01_K_23_Happy_C2.wav,Happy
0.1385744507125891,0.1241125130274349,0.0047947164,0.02754125,1741.617,5471.845948655011,11976.245871065914,13.748344,0.71334374,-500.904,79.60087,6.67078,15.229363,8.691848,5.2353573,-12.787802,2.3937314,-22.411592,-6.9679,-13.357483,8.151674,-11.581545,-0.24953872,0.091175616,-0.02819904,0.018270053,-0.099824324,-0.08616315,0.024877526,0.07312188,0.006395884,0.03248485,-0.01924589,-0.036507614,0.078266315,-0.13994649,-0.011214567,0.009269355,0.045138616,0.01853659,0.034248043,0.048626278,0.025644533,0.05911217,0.025968328,0.020222748,-0.03351761,-0.005461464,G12_D04_E_61_Neutral_C1.wav,Neutral
0.1621544710390127,0.1032195993958386,0.0015010447,0.004154893,1735.3846,6879.326372083985,14483.75360768312,6.672739,0.90830696,-556.2296,57.161476,-0.5155336,-0.20120493,6.746551,12.15749,-10.046561,5.1989326,-7.6938367,-19.112116,2.2815707,-4.2711487,-1.4639778,-0.013835409,-0.073649034,-0.04830505,-0.06945628,-0.09359767,0.015759308,0.054340933,0.0053636148,-0.032137178,0.06214562,0.11984268,0.08159799,0.0044442015,-0.07127268,0.0018900003,0.022986388,-0.01909748,-0.0536344,-0.0026667179,0.039040387,0.026133282,-0.024757782,-0.0065781036,0.00878576,-0.0029360442,-0.012837844,G12_D02_K_21_Neutral_C1.wav,Neutral
0.2281340270483193,0.068876159167185,0.0010941764,0.004559236,2363.088,5530.511804415218,9191.29997702206,13.089333,-0.19595659,-634.4028,32.317524,-74.94939,53.07564,-13.967916,19.250324,-25.312243,-0.47619492,3.4286866,-13.55187,-2.5866559,-9.109804,3.9674623,-0.2278383,-0.091019146,-0.010554209,-0.025917822,0.050716218,0.15825692,0.14589675,0.04530556,-0.021174746,0.03040133,0.0111285,-0.040000986,-0.014570434,-0.112731926,-0.10115346,-0.008253637,0.009982853,0.013410929,0.0071601453,0.022884848,0.0070363507,-0.0025250104,-0.00872283,0.010498392,0.013970806,0.014344405,G12_D03_E_21_Shocked_C5.wav,Surprised
0.17243185343523,0.1944077667708824,0.0021268565,0.008208116,1771.5535,6220.464931216923,12175.905389300848,6.951871,0.92981863,-647.0982,61.511047,-48.013767,-17.705027,9.568536,-54.43575,15.798711,-37.158127,-18.785206,-13.782574,-5.423202,-8.6335535,-14.60859,-0.19945605,0.15350421,0.04710013,-0.14411728,0.04300845,0.073218636,0.039477073,-0.010644086,-0.007526101,-0.025382275,0.035094023,-0.009252438,-0.059320435,0.002288562,-0.054452043,0.1237376,0.052770905,0.014238744,0.09333088,0.00023479555,0.053893365,8.384137e-05,-0.0118524805,-0.006938662,-0.009861916,0.00046378048,G12_D06_C_9_Neutral_C1.wav,Neutral
0.1149917602539062,0.0751632027219273,0.0062303147,0.03464074,1904.2642,4619.815820132411,9069.987030029297,24.208466,0.5874476,-495.64087,68.33589,-48.212563,-3.7240777,-20.54963,-5.723461,-28.752651,9.621419,-21.46514,-8.983587,-1.2470458,-8.46937,-10.794278,-0.25734633,0.42324376,0.053608727,-0.25633016,-0.10863445,-0.0015758902,0.051267594,0.098561384,-0.05701852,0.0128056705,0.07937427,0.022408515,0.07058557,-0.0703055,-0.05640129,0.090454355,-0.020986408,0.040651597,0.0052491454,0.10280313,0.033538654,0.04425081,-0.008872705,0.030795192,0.04635269,0.020224538,G12_D05_C_8_Neutral_C1.wav,Neutral
0.1547880454881657,0.0757636298731739,0.0049367854,0.021239962,2183.0645,5630.351062331236,10573.949473002958,12.510044,0.33850554,-511.539,40.32769,-42.076706,35.26295,-10.916327,6.5769787,-31.887033,8.050825,-22.328354,-6.800537,-6.4865284,-6.419542,-7.087495,-0.51896703,0.21396197,0.11034687,-0.1582801,0.074025474,0.07053187,0.20592946,-0.08963705,0.00019090698,0.062453795,0.037201922,0.050393052,-0.0042157625,-0.33872283,-0.00285255,0.041514132,-0.013276797,0.049789757,-0.02500814,0.075466834,-0.0017301996,0.019582666,-0.0063589523,0.0052406364,0.029369613,0.015453357,G12_D05_C_8_Sad_C4.wav,Sad
