file_name,emotion,zcr_mean,zcr_std,ste_mean,ste_std,spectral_centroid_mean,spectral_bandwidth_mean,spectral_kurtosis,spectral_skewness,pitch_mean,pitch_std,mfcc_1_mean,mfcc_1_std,mfcc_2_mean,mfcc_2_std,mfcc_3_mean,mfcc_3_std,mfcc_4_mean,mfcc_4_std,mfcc_5_mean,mfcc_5_std,mfcc_6_mean,mfcc_6_std,mfcc_7_mean,mfcc_7_std,mfcc_8_mean,mfcc_8_std,mfcc_9_mean,mfcc_9_std,mfcc_10_mean,mfcc_10_std,mfcc_11_mean,mfcc_11_std,mfcc_12_mean,mfcc_12_std,mfcc_13_mean,mfcc_13_std
G01_D01_C_11_Angry_C3.wav,GROUP_01,0.039167258522727275,0.05666451621468499,0.10811156,0.06661495,1336.4122921934654,1327.3521813448624,-0.08336627763719935,0.2497944819392555,1368.3636,1265.9933,-359.70325,61.90078,137.09776,53.16816,5.971284,43.15843,29.74148,35.062733,12.871827,27.973984,-17.83254,21.035524,-14.334682,19.532389,-12.202037,16.839453,-7.7643414,16.483448,-14.638062,12.735867,-14.158692,9.869182,-8.594821,12.247912,-12.602511,9.470986
G01_D01_C_11_Neutral_C1.wav,GROUP_01,0.04893697750796178,0.06497655688578463,0.06060282,0.04769108,1542.1828046669634,1507.1334463155304,-0.013703123023045485,0.3399694550725679,1338.9897,1146.2515,-385.4806,68.03563,121.8026,61.997433,14.130197,37.86819,16.795786,33.19301,-0.07467865,26.581957,-15.498554,19.737778,-12.353239,18.485586,-15.742409,16.080585,-12.399959,12.529707,-17.557266,11.609919,-15.081577,10.498075,-5.440918,11.173185,-10.428043,9.045789
G01_D01_C_11_Sad_C4.wav,GROUP_01,0.05662179321625344,0.0600672569489692,0.05863191,0.05690009,1859.3555689908655,1840.4853335413677,0.007273593197411847,0.46139631656978336,1738.3496,1247.2509,-408.17252,83.719284,107.93393,63.63713,0.2622938,50.838963,38.994404,36.6919,19.727852,23.235416,-8.243043,17.199335,-2.3428109,18.582512,-12.574117,13.164493,-11.756659,15.817675,-10.232508,11.780289,-11.417691,11.146441,-8.876423,11.901553,-10.127766,9.222051
G01_D01_C_11_Surprised_C5.wav,GROUP_01,0.06774430248618785,0.07695598555216368,0.07879809,0.063460216,2158.8832637439536,1854.5019979646124,-0.325442805943028,0.2660951098324748,1790.0137,1253.8389,-379.7336,97.81391,105.74238,73.84385,-19.598436,39.8605,31.09449,49.0561,7.5512333,26.331232,-14.80364,21.22385,2.1883292,19.791573,-8.115738,17.226727,-9.844322,16.351868,-12.892982,14.522428,-9.0452585,10.966093,-2.5755405,10.027056,-10.782636,12.020098
G01_D02_M_18_Happy_C2.wav,GROUP_01,0.02568760202891791,0.03553133929827948,0.053080294,0.029579056,1075.159338535918,1413.694837377037,0.012815143235442925,0.20350029499563466,843.2073,826.8544,-437.65076,66.87984,154.33528,46.539703,18.081451,34.913303,19.428543,27.77243,1.0193456,19.720255,-3.4465332,21.47367,1.3634447,16.502304,-18.905005,15.557907,-11.559002,12.909972,-13.168807,10.832994,-21.019156,13.4230995,-7.752313,10.962024,-10.02045,9.095455
G01_D02_M_18_Neutral_C1.wav,GROUP_01,0.04457262976694915,0.047287637341678894,0.02651909,0.020874726,1407.8828256079241,1566.718201809125,0.06140395232901007,0.3564364541843497,1227.2175,1036.401,-446.3614,69.00582,173.1688,57.15611,25.93931,52.89861,25.471937,25.737139,-7.1478763,27.485546,-7.833945,19.628063,10.00663,15.804047,-6.5525184,14.090341,1.420855,12.695781,-5.774653,12.632342,-16.157703,11.569076,-1.1830478,11.062306,-2.6730385,9.050843
G01_D02_M_18_Sad_C4.wav,GROUP_01,0.032649945609177215,0.041355688537306756,0.033758484,0.022334905,1122.9006681205522,1434.697764340214,0.10884404304639668,0.283510637029487,1256.9672,1174.4514,-462.2677,62.4531,161.7881,51.844948,28.08801,40.92733,23.50823,27.267532,14.268828,20.082867,5.7098265,16.66931,9.751476,13.47493,-4.907632,13.657326,-8.178016,10.75794,-13.062058,12.76907,-17.045025,11.588982,-6.6196065,7.600692,-7.8145194,7.5221376
G01_D03_F_23_Angry_C3.wav,GROUP_01,0.05886466733870968,0.07831254938089305,0.107438475,0.049879637,2162.115174595233,2239.2933598510454,-0.35764089516203684,0.14113724800338726,1298.5996,1059.8854,-315.17905,59.283794,137.81831,64.0445,-26.992516,40.49925,9.9407625,35.33066,13.624879,27.16554,-5.257677,23.371376,-3.8373497,19.565283,-8.740291,19.956139,-29.535418,17.528902,-23.67855,18.418749,-10.357014,16.592793,-12.518214,14.56284,-21.212852,10.742808
G01_D04_M_20_Angry_C3.wav,GROUP_01,0.025285734953703703,0.034786633500429105,0.102729924,0.065717526,896.310974675621,1148.1478820316072,0.23193816061697722,0.2688576504633757,1094.1743,1087.6129,-369.59393,73.25446,177.34988,54.975216,26.930418,46.176308,35.035027,23.342855,34.47982,22.941135,20.312206,18.107386,18.602375,15.723672,-6.904202,13.125526,-10.793656,14.846086,-0.68269384,11.592936,-7.9172688,9.16013,-10.657878,10.953765,-10.952206,8.086899
G01_D04_M_20_Neutral_C1.wav,GROUP_01,0.030039911684782608,0.030420785552230944,0.09063814,0.06465609,1063.6104428102428,1297.7152914203598,0.35353419504625433,0.4041534970021608,1056.9122,903.3318,-335.43997,73.22994,183.80086,52.37235,15.234963,40.9722,24.458094,23.507534,22.949007,27.11354,10.734791,18.62038,14.888078,14.389309,-11.369953,13.848197,-10.534856,14.896596,5.6180854,12.372732,-8.798093,10.36828,-17.175,9.794986,-10.704992,11.312604
G01_D04_M_20_Sad_C4.wav,GROUP_01,0.028326866610738254,0.028946427262075997,0.083633214,0.055623468,998.8174206228284,1219.1440870723916,0.6732867131519542,0.5342870210874425,1326.0872,1131.8247,-369.0998,68.746765,176.00426,46.09002,9.171506,49.875195,33.64252,27.353527,46.10018,24.349413,26.497437,16.887392,17.740286,13.868519,-8.136621,15.580113,-12.740855,14.973067,-3.5877721,11.24993,-9.034645,10.66638,-13.846374,12.547576,-12.650453,9.159431
G01_D05_F_20_Happy_C2.wav,GROUP_01,0.06419045224834984,0.07941792231503987,0.08552568,0.046466146,2622.7894487584967,2871.407861217078,0.0073669056293995195,-0.07463240768556903,1386.6874,1044.1852,-332.01953,89.11052,115.71748,64.216,-30.64141,35.630554,12.079981,34.83134,17.71463,23.602144,-1.8782576,17.024857,-25.197643,22.942635,1.886922,16.788134,-34.5797,17.01907,-12.0146885,16.450338,10.473427,17.32942,-27.322414,11.304143,-18.922249,10.064596
G01_D05_F_20_Sad_C4.wav,GROUP_01,0.058445834181596094,0.06821196385992388,0.060708895,0.049498916,2307.3720678928207,2823.699368229864,-0.3404102811917612,0.3036515010783427,1466.4662,1143.9799,-379.3186,75.20432,117.51827,59.715908,5.3821764,40.59769,28.715439,37.987724,26.60061,21.102402,5.708098,15.616712,-22.771593,20.790592,-25.470322,17.675232,-27.348005,15.81895,-1.3999584,11.4010105,4.027459,12.688573,-10.79344,10.778634,-5.3734055,8.947214
G01_D06_F_29_Angry_C3.wav,GROUP_01,0.06899548451834862,0.11048252109267222,0.09275107,0.048331764,2762.6467815583683,3166.500290705605,-0.09075720343397352,0.352831679774746,1297.0681,1069.5397,-325.62332,71.4041,111.5523,66.59111,-2.6710055,35.759327,1.5454385,30.5785,5.5859523,27.082928,-6.9002337,22.35763,-24.414913,15.1488,-5.819309,14.651822,-14.643396,13.048696,-11.908548,14.710519,-26.156017,12.072412,-6.444051,13.191465,-13.90232,8.726195
G01_D06_F_29_Happy_C2.wav,GROUP_01,0.053220002547554345,0.0788023238783613,0.07215447,0.04553968,2505.1227144133463,3160.3427575783653,0.14010758771975704,0.26229882829494355,1466.3722,1129.2969,-350.23068,68.96477,111.0749,56.43351,-11.53087,32.142826,8.819837,36.006123,2.5703921,22.279785,-3.0076005,20.543352,-22.128572,16.111986,-13.54347,18.907324,-11.538181,14.822523,-1.3711832,15.146698,-27.698576,14.258236,-7.453315,15.866249,-20.399658,9.8252125
G01_D06_F_29_Sad_C4.wav,GROUP_01,0.06534805993541033,0.08212223461962734,0.02570169,0.02604334,2626.5609452072836,3329.8844632169553,0.029362534450866753,0.5360506442852417,1189.4015,1195.7394,-489.0567,57.465515,120.491905,64.01998,41.888783,32.37969,24.707445,30.957092,2.7824206,18.307087,-0.2742242,15.55061,-10.936115,16.591438,-9.196625,11.6914015,-5.9273996,10.906264,-5.990553,9.58572,-7.718395,10.094244,-5.7157383,10.227488,-9.071825,9.187406
G01_D07_F_25_Neutral_C1.wav,GROUP_01,0.05323030956112853,0.08127849568362905,0.045373805,0.036425687,2242.0839562092674,2811.2095845287017,0.11984903561858078,0.32329924799431314,1163.9777,995.195,-413.2911,70.805115,116.24721,56.792686,8.657083,37.2251,11.134209,26.661297,6.34911,30.717033,-9.921931,19.894875,-15.750456,18.244642,-6.4126687,15.218501,-8.228345,13.298471,-9.825289,11.983998,-6.780771,9.854134,-4.4255567,10.545307,-7.7889853,9.445031
G01_D07_F_25_Sad_C4.wav,GROUP_01,0.06018491526741294,0.0661454636884524,0.038029518,0.030595532,2678.033160411147,3194.3242035779385,0.2694775761540014,0.47178185775502673,1620.615,1211.3533,-441.8163,84.86294,101.80647,66.212944,4.0604334,42.567657,37.079353,35.353626,21.434626,20.995438,9.108255,18.30422,-13.301535,18.42336,-13.095221,15.597012,-17.974548,16.616726,-8.251912,13.9554205,-1.3137852,11.920037,-6.0481668,11.251962,-7.9570093,9.98773
G01_D07_F_25_Surprised_C5.wav,GROUP_01,0.11471074899463807,0.12240157237254114,0.05770567,0.05904537,3963.9065235122057,3313.5374849287073,0.34699645409492835,0.3163788526426524,1534.0548,1135.1016,-365.58316,86.01789,58.022045,72.45053,-23.836239,37.50169,23.271078,36.39136,-24.660746,28.713556,-9.898089,22.758226,-10.65829,12.885892,-14.6481695,15.727809,-10.375109,14.449798,-2.7354152,12.467716,-17.482613,12.487661,-11.859358,10.469414,-7.942848,7.9387217
G01_D08_C_14_Happy_C2.wav,GROUP_01,0.03673951411960133,0.04604507502596281,0.13370635,0.0905249,1392.6654147714303,1560.2505272386052,-0.10955103661935407,-0.005562605414042933,1132.297,1010.4699,-320.5619,101.0911,161.7405,75.641014,-2.077958,39.370754,25.252674,30.24242,9.310107,26.259748,-18.477242,21.130228,4.5368094,14.3419285,-13.5925865,14.0994625,-24.795383,17.013224,-5.9947896,10.777892,-7.741198,8.619253,-10.062928,9.557545,-7.820903,9.006733
G01_D08_C_14_Neutral_C1.wav,GROUP_01,0.03890922077265372,0.040145128196862376,0.108577676,0.081944756,1227.0571493452726,1324.1483112941708,0.5523496569853992,0.4529160311936837,1090.1995,983.33026,-317.69135,84.15118,181.95686,60.888145,7.999066,38.00635,18.242401,24.622826,5.491605,29.549671,-14.619248,21.595192,-2.4005344,16.374712,-13.612772,14.523812,-13.532402,14.754858,-9.314727,10.92236,-11.686297,9.636867,-4.7865505,11.185517,-7.6857214,12.188326
G01_D08_C_14_Surprised_C5.wav,GROUP_01,0.06520014223845108,0.0731766987740672,0.09102792,0.08004059,1966.9333764954065,1807.7539539131508,-0.09709714966590692,0.10678384570490444,1566.0269,1195.7793,-335.19376,105.72873,137.31377,81.69066,-17.321726,43.352142,30.816147,37.786747,9.328633,29.07523,-6.954376,26.085247,1.8005633,14.922039,-21.99818,16.623178,-8.663384,14.71938,-3.0978718,8.077834,-12.0463705,9.615406,-2.0420403,8.140449,-5.7445254,8.572114
G03_D01_C_10_Happy_C2.wav,GROUP_03,0.07128770238509749,0.08555795097961931,0.13244101,0.094044305,3364.815889569725,3369.5515748406565,-0.2069409099681096,0.14609043783406797,1712.4935,1163.3296,-283.69986,89.148926,90.418945,48.25518,-27.776745,42.42755,3.9333577,33.15677,-36.33005,25.488491,-8.459058,21.369503,-31.833342,25.944256,5.755168,13.364814,-12.723468,16.161509,-25.524172,17.098999,-9.217454,14.274263,-8.1527815,15.166434,-14.977896,15.476197
G03_D01_C_10_Sad_C4.wav,GROUP_03,0.09002182904411765,0.11786293237330642,0.09366064,0.068100676,3458.704576633324,3493.0289480448914,-0.18083994852588944,0.23240841228956524,1758.1531,1195.3363,-302.75775,88.68206,94.062744,46.01859,-26.009176,36.712914,8.510157,34.51092,-24.37827,22.930016,-1.6679254,18.959085,-38.809036,22.457104,0.84085745,17.334894,-15.626856,16.15572,-21.366314,16.1491,-8.6197815,16.830267,-10.559342,12.712705,-12.540774,12.300138
G03_D01_C_10_Shocked_C5.wav,GROUP_03,0.1400894275877724,0.16826264344665684,0.061490122,0.07112606,4273.6994527410125,3549.4479569622176,-0.26526064004195715,0.2892083985937532,1830.0781,1200.9683,-350.93927,85.27432,71.78448,52.788387,-21.70619,35.1246,4.5808573,39.29041,-20.396994,21.60218,0.08841829,18.18092,-24.325104,22.63068,2.7535682,17.4483,-15.390727,15.891375,-21.033213,16.373833,-8.368532,12.641657,-8.375524,12.760633,-14.2439375,12.95946
G03_D02_F_45_Furious_C3.wav,GROUP_03,0.1042938232421875,0.10601816328981947,0.049129017,0.04563418,4676.461269097964,4804.420570729861,0.6909944761506266,0.6785135865427557,1384.8732,1097.4832,-318.2148,119.52104,77.25325,47.909134,8.236881,36.340595,27.167667,21.895796,3.6618629,22.219381,19.533028,15.731177,0.355793,16.554184,-3.2368307,12.88897,-3.7849922,10.640742,-3.8865645,13.857094,-4.0552187,11.294556,10.273248,11.8035555,-14.777238,10.387793
G03_D02_F_45_Happy_C2.wav,GROUP_03,0.05364145874505929,0.07861145841531339,0.053694148,0.03881163,3574.2437798997385,4764.139700735207,-0.13257324697447842,0.1736980934368013,1078.989,979.33856,-346.9499,107.259,104.365166,36.62023,17.34306,28.755316,28.009218,22.763412,13.374827,27.919655,19.373074,15.580894,-5.757108,19.7933,2.4824197,13.336279,-9.57091,10.891332,12.547317,12.536824,-13.168243,14.870612,2.4388235,13.81625,-13.215928,6.8814497
G03_D02_F_45_Sad_C4.wav,GROUP_03,0.05648828125,0.06958136076120429,0.028551465,0.020865364,3143.777917503639,4312.921455870474,0.5324515364183754,0.2527485096313869,1274.284,1203.6571,-400.64743,77.316414,110.69836,47.06434,28.562954,26.417772,26.312792,26.266644,18.126339,16.208574,20.228888,14.68,1.6245888,17.23428,1.6705115,11.633186,-11.47952,12.25031,5.647994,14.347582,-9.426945,11.288403,-0.862999,9.309729,-5.8099513,8.262373
G03_D03_M_50_Furious_C3.wav,GROUP_03,0.03594453456038135,0.04857557160804288,0.073638596,0.054537352,2069.0952917804316,3185.9732719570216,0.2440851093860201,0.07354721097971814,914.57294,803.0386,-343.61328,122.45046,141.97731,43.03776,9.952453,30.071709,21.334232,20.470966,7.1070924,17.849361,27.745445,14.826538,5.8012853,11.49575,-4.7477612,14.500786,4.80081,15.179741,4.7012873,10.959929,-23.326372,18.86557,-4.804038,7.3641205,-3.6409655,7.987902
G03_D03_M_50_Happy_C2.wav,GROUP_03,0.03323501275510204,0.05299223242717962,0.08404004,0.06638501,2311.7744731070898,3721.2948676562146,0.053275316791832124,0.19075978630540152,979.84204,992.0179,-335.57544,93.88015,131.03255,37.865578,23.633259,24.537924,23.285275,14.281726,14.609233,17.993488,22.888355,15.28879,5.576518,10.443165,-4.722528,15.596355,-2.212106,11.964991,-1.8258216,8.294895,-6.715104,13.41661,-4.3490334,9.720647,-6.2131057,9.230679
G03_D03_M_50_Neutral_C1.wav,GROUP_03,0.058059614927030455,0.06664733556448092,0.029803282,0.029075341,3853.528307308773,4878.161507008697,0.4723498868608549,0.4713535242531991,761.4021,831.14343,-372.567,84.945755,108.73618,43.149223,21.649796,20.299751,29.969255,16.505127,14.705596,16.160683,15.376561,13.756737,-1.1926266,17.475052,13.26291,12.944635,4.4124246,8.626914,5.8812675,10.699926,-2.1146533,10.711886,2.4487114,9.467832,-4.5471153,7.898901
G03_D04_M_23_Furious_C3.wav,GROUP_03,0.04535055384389671,0.06691447237979856,0.037045714,0.026325954,1449.2187485850534,1481.3605671195867,0.4382209481736456,0.5062244522171675,1430.1447,1175.6606,-459.7317,80.22153,174.41803,73.64175,15.921328,52.263702,29.177713,28.402477,24.655027,26.490456,6.714961,25.474567,19.668625,14.616422,-2.5628572,12.57927,-14.60822,15.608245,1.622202,10.471314,-5.185823,9.404912,-14.733716,12.303464,-8.79785,10.058519
G03_D04_M_23_Happy_C2.wav,GROUP_03,0.03295003056234719,0.03282981282108869,0.026880832,0.022813464,1436.0497965783477,1896.588128885485,0.1609604783471031,0.4935904855729722,1433.8851,1047.0165,-494.227,96.48597,167.23322,75.583565,23.27433,41.770103,13.19562,27.89878,15.3184595,25.144522,7.273376,23.531261,13.851629,13.524558,-6.3256726,12.79269,-15.895967,19.426111,3.3439748,11.493326,-1.4703767,9.234716,-15.657521,13.022913,-8.126381,8.831464
G03_D04_M_23_Sad_C4.wav,GROUP_03,0.030415085126768868,0.03767155057410044,0.026068773,0.018680641,1282.6664148777918,1682.7114310036159,0.07431190578988975,0.41121980190744634,1360.1173,1143.1266,-495.1849,75.36727,163.11497,61.068623,14.84679,51.537865,32.161716,29.262236,35.54618,23.620853,17.84319,18.892818,19.938646,12.942728,-6.400627,13.420974,-13.124173,15.125035,4.3242235,11.773814,-6.733976,10.838273,-15.119979,12.601581,-6.3702993,9.455156
G03_D05_F_22_Furious_C3.wav,GROUP_03,0.09783216277356903,0.10828699415841658,0.07657711,0.07672337,4344.498985037667,4436.79857473707,0.23815463471393403,0.5352719654160562,1220.9415,1024.8247,-373.51944,134.549,69.882996,74.78834,9.433749,23.943487,28.613323,27.210796,-7.695796,23.439728,-2.4074237,14.71217,-17.775923,18.670208,-12.349772,15.531062,-13.964887,14.292814,2.0784473,13.118021,-7.2237077,9.782658,-11.638157,13.39458,-12.132469,11.350445
G03_D05_F_22_Neutral_C1.wav,GROUP_03,0.06898271276595745,0.0868167713144593,0.04405348,0.04840935,3363.6969203688227,4113.574089326993,-0.2256770780286952,0.29748766334017873,1243.0482,945.41254,-420.74564,105.6481,100.06143,60.26578,22.268421,28.729504,20.519796,27.97386,1.6303071,27.511593,4.3471527,15.491693,-15.31679,18.89044,-7.758616,14.109003,-25.586489,19.084839,9.75274,12.603885,2.6011746,11.755387,-16.827705,17.356983,-6.138661,9.371196
G03_D05_F_22_Sad_C4.wav,GROUP_03,0.10461037782701711,0.08597838964916732,0.04860335,0.06449673,4509.937362858099,4539.871835144919,0.379139770736376,0.6184693853033699,1534.3457,1156.8134,-414.43765,123.98869,67.92541,61.290905,8.258556,28.138233,30.826067,33.483154,3.536453,16.393274,1.8824278,13.366004,-15.600968,19.680624,-8.660869,14.43655,-13.293721,14.37892,-3.3590276,10.216507,3.099971,8.443069,-5.2698064,10.661491,-8.828207,10.669379
G03_D06_C_11_Furious_C3.wav,GROUP_03,0.11768104573787062,0.16651529351306082,0.10025996,0.06716611,3893.4637703652925,3485.6585777279124,0.29764072968885796,0.2966357419415945,1693.3909,1161.263,-322.201,103.77627,96.04142,58.766563,-18.711763,37.60677,2.1219234,30.541656,-30.324959,25.950563,-1.2991666,24.93955,-37.954674,24.55495,9.548929,15.894788,-19.895584,16.773565,-17.159216,13.861305,-9.772663,13.360856,-11.287195,12.084625,-16.169512,14.715352
G03_D06_C_11_Happy_C2.wav,GROUP_03,0.10133570269808743,0.125908988767695,0.09750923,0.07161496,3690.449659530389,3475.2930523322784,-0.3510858508366456,0.19235836830638472,1749.4971,1145.7762,-302.8038,91.65277,90.57808,51.289474,-25.368565,40.94771,-0.4591685,34.887768,-32.09711,26.881031,-4.3386106,21.025972,-33.321514,25.610992,6.1098948,15.045351,-10.6813,15.462804,-22.277891,16.539913,-10.549386,15.06773,-9.1044,13.769113,-13.771922,12.162771
G03_D06_C_11_Shocked_C5.wav,GROUP_03,0.14381826220460198,0.1718597195917191,0.102272615,0.09265611,4394.568783121304,3481.1516637898276,-0.5072558559998683,0.3040049563578733,1798.1207,1225.3917,-295.01932,101.40953,77.71713,63.18086,-20.263695,37.836525,13.124469,43.038208,-22.61459,23.931776,5.905575,19.430069,-25.63666,21.61025,11.622719,16.910418,-16.125978,15.124859,-19.020035,16.085258,-7.3269043,13.806533,-11.033823,12.1359,-13.117786,12.321767
G04_D01_M_20_Furious_C3.wav,GROUP_04,0.09960388869382023,0.08755437206785192,0.01875235,0.017816909,4560.3742900704665,3329.5240103571764,-0.3027707006292504,0.4154693943894756,1849.3798,1154.2931,-498.34485,146.14679,114.56696,92.88965,-24.169651,34.26425,6.923525,30.718857,3.530584,21.279043,-6.6596394,25.397295,-23.183523,21.859436,-3.0235941,14.329628,-2.1348133,12.781294,-16.353045,17.042843,-15.416159,14.662612,-1.22603,7.7879205,-6.3121433,10.9165535
G04_D01_M_20_Happy_C2.wav,GROUP_04,0.07652568307152406,0.08976887812715924,0.008977566,0.008197745,3629.0501484523634,3155.9953935589297,-0.7331110961908587,0.15219392919691901,1688.4874,1128.3329,-568.3933,141.11993,138.1461,91.36876,-11.637181,34.6186,8.689493,26.977798,8.99349,21.816687,11.63577,23.498741,-16.81391,17.763885,-7.787037,15.956674,4.6256275,11.35942,-18.330864,18.404266,-15.667256,13.687775,-1.0747049,9.763246,-9.345078,9.328496
G04_D01_M_20_Neutral_C1.wav,GROUP_04,0.08580146856671554,0.08080658105248818,0.012532023,0.0133241005,3887.6729475305847,3261.7645248295903,-0.383304171741974,0.4637810182199534,1637.4442,1148.7639,-521.6935,144.78929,142.22166,97.06339,-4.924475,29.604177,13.414893,25.589066,13.5825815,25.845373,-6.4224606,21.142721,-17.633497,20.565075,10.447998,13.820071,-1.6662722,13.753896,-9.203998,16.907366,-6.045303,9.816595,-4.012828,9.471262,-7.3769903,9.949577
G04_D02_M_21_Furious_C3.wav,GROUP_04,0.06926154561980609,0.07776847759202998,0.044144027,0.04132562,3381.4080307298245,2840.053709252976,-0.5880733660289443,0.17682852021121293,1667.0668,1170.6025,-431.4372,123.28744,115.37156,80.94287,-9.385106,40.636612,20.002035,23.604584,3.6927674,20.952028,-9.334437,22.764738,4.2751355,13.533395,-18.589628,20.549519,-16.781271,19.412273,-5.2172356,10.601012,-8.325694,12.288293,-1.7397099,11.101685,-5.965213,11.640914
G04_D02_M_21_Happy_C2.wav,GROUP_04,0.07767159598214286,0.08193554998434563,0.047680512,0.046845507,3595.538009327269,2904.584036741166,-0.5018013127527595,0.20542617536577298,1671.7139,1148.0834,-437.85446,127.15419,118.25712,89.229355,-6.889066,41.298115,12.71487,23.031908,9.6895895,22.19247,0.81192213,23.901546,1.8735248,15.634602,-19.382391,19.939024,-12.355676,15.558773,-3.962022,8.426268,-9.7192335,10.434418,-2.553653,10.366847,-3.4804265,8.8972435
G04_D02_M_21_Neutral_C1.wav,GROUP_04,0.08965953029918865,0.08558514691188146,0.051278304,0.059225526,4341.937858995796,3194.2548469256217,-0.32791551688110854,0.4689681892658414,1777.3512,1148.6821,-434.72134,133.19305,109.84597,91.371704,0.6531216,36.32363,16.808958,24.45266,2.429683,24.360601,-9.130399,27.143335,5.7568235,15.108585,-8.599578,14.742535,-11.043425,16.409935,-7.0988297,11.853767,-11.3273325,13.597219,-0.48307666,9.549614,0.42970985,10.95691
G04_D03_F_21_Furious_C3.wav,GROUP_04,0.0474300462372449,0.05004210664278626,0.0344881,0.034506444,2659.243516919684,2726.908269401073,0.11896836508397847,0.5989185143492588,1746.4304,1175.4733,-472.581,102.43982,103.27816,74.336945,4.8641405,37.333515,17.869228,27.277338,13.344304,24.182285,-3.7596421,17.29493,-1.3052416,15.79021,-8.081919,17.623304,-12.091494,13.135375,-15.248521,14.600822,-12.58631,13.65243,-1.8845499,8.941414,-5.970422,7.682276
G04_D03_F_21_Happy_C2.wav,GROUP_04,0.043314512611040606,0.04539409213773848,0.024820406,0.021785524,2318.5403721651005,2352.810548331204,-0.32938260013062687,0.2850159399045636,1757.4265,1173.1467,-523.78595,95.0634,120.75073,72.74299,2.8736212,34.893112,12.019734,35.25402,14.336802,24.543839,-9.929164,20.030573,-11.4298315,18.294048,-11.077487,17.766668,-14.293561,15.575013,-15.475742,15.786164,-8.510538,14.718739,-2.433352,10.653318,-10.279595,9.604157
G04_D03_F_21_Sad_C4.wav,GROUP_04,0.0510205078125,0.044037210652970206,0.0065346304,0.012040198,4595.743038485726,4273.065760445931,0.690651080069134,0.9188856269726386,1957.1115,1110.2971,-624.78564,91.32827,53.70432,62.934155,0.47775662,38.25728,16.960505,25.128954,16.353544,21.945019,-0.015878644,15.349367,-2.285051,11.29272,-6.046446,11.992333,-4.8804255,10.617015,-1.3316399,7.513574,-2.6928024,8.3175745,-2.549854,7.954911,-2.3657813,6.370846
G04_D04_K_21_Furious_C3.wav,GROUP_04,0.06837285811143984,0.09254646011096791,0.08479011,0.11547053,3718.9343375432563,3749.9016770149115,-0.4759309737568067,0.29150357347939293,1662.8185,1157.5337,-355.28833,129.69759,63.45764,57.631485,-11.254337,34.606236,27.963118,31.838995,-4.26387,25.417593,3.1120641,18.155554,-14.97618,20.883404,-0.74975055,15.098245,-12.356862,14.309479,-20.303177,22.179928,2.586765,11.017194,-10.571721,12.785077,-3.4348552,11.52646
G04_D04_K_21_Neutral_C1.wav,GROUP_04,0.059591728344298246,0.07442155402464495,0.033663537,0.03304388,2737.564308416222,3170.2068772631023,-0.0950888964683563,0.1809334824421496,1655.0126,1202.0817,-436.75604,108.64342,99.50668,57.141453,3.088991,33.404022,32.345222,24.886229,4.2120223,24.543072,6.3148713,17.051212,-8.733045,18.568407,-3.170113,13.50893,-15.85132,16.56309,-12.708751,15.88754,7.649623,9.562987,-5.648778,12.340637,1.065219,11.337306
G04_D04_K_21_Shocked_C5.wav,GROUP_04,0.07936611906576654,0.09976152871905902,0.056525268,0.075770415,3553.024365029995,3607.426194469224,-0.4305142307785853,0.3391945849999421,1515.4031,1175.041,-399.56802,121.72759,66.38484,64.89888,-2.9764454,34.63843,31.950975,34.507217,-9.825706,26.417984,-2.4978032,19.631157,-12.919214,18.619547,5.9397693,15.606193,-1.0235119,10.713631,-12.662899,16.409414,4.9198613,10.982319,-11.050525,12.414849,-7.264413,13.230511
G04_D05_C_12_Furious_C3.wav,GROUP_04,0.11330824042085427,0.11432644440274467,0.010878752,0.0091762245,4829.338186520631,4129.6938608323635,-0.1300308221763169,0.4457057523037367,1773.0469,1110.2887,-535.1676,141.31514,73.17329,64.39681,-14.397439,31.969938,8.074678,26.332157,-25.86892,24.538643,-6.2851043,20.835152,-20.654734,23.310453,-0.3806805,12.737273,-25.365509,20.590488,-7.2686453,13.731317,-9.003842,12.456813,-6.8355556,14.821948,-4.9788947,8.659955
G04_D05_C_12_Happy_C2.wav,GROUP_04,0.09913309083230958,0.10582958859015802,0.009163842,0.007998513,4741.195395305429,4122.289837631673,-0.5610520231190151,0.17222346860868662,1825.021,1129.7048,-574.4514,124.61938,71.24345,60.75932,-10.128195,28.24287,8.899977,26.023905,-26.098732,25.851673,-7.283912,19.337645,-28.279104,23.441244,-3.3952892,14.24127,-22.161514,20.388802,-13.594593,15.436721,-6.6245832,11.749016,-12.931797,15.41845,-3.3080904,7.7757516
G04_D05_C_12_Neutral_C1.wav,GROUP_04,0.10561940426997245,0.10992417307024956,0.0060141636,0.0063567464,4268.2130807901285,4253.952253200939,-0.3698875054682226,0.35719864909035576,1483.7737,1068.2559,-573.14185,111.921165,85.24888,61.037327,3.5078084,29.551144,5.386499,28.839254,-16.866634,23.988064,-5.2731547,17.761602,-20.550314,21.854887,4.7238865,14.634308,-22.589268,16.996109,-5.3089695,14.019033,-6.2179885,10.620765,-8.243333,13.484284,-5.771545,10.154841
G04_D06_C_13_Furious_C3.wav,GROUP_04,0.04675153936503417,0.04613943064502877,0.10748621,0.08761931,1853.9912521927129,1758.4115339728453,-0.44031918210020465,0.2575175821163205,1458.8969,1155.1584,-329.82355,116.38766,140.93405,58.366444,-40.32389,61.07539,19.220139,30.915901,27.996883,24.752424,-16.615507,26.61766,-3.1594405,19.935818,-3.2088125,15.255413,-14.900934,15.058081,-10.67117,12.681638,-5.854027,11.780577,-5.1152387,9.630721,-11.157132,10.549667
G04_D06_C_13_Happy_C2.wav,GROUP_04,0.05099507971218962,0.04800728963833146,0.100499414,0.084180765,1979.119248399777,1867.404331475685,-0.7187186630589203,0.10548874826085965,1603.3595,1071.7286,-337.45587,107.042046,129.80928,62.78165,-41.25377,42.60357,9.303543,29.035854,12.508774,22.656502,-20.334337,21.213346,-6.054694,12.410622,-12.628442,18.335419,-17.460451,12.358944,-9.909007,11.437763,-8.625802,10.5989275,-6.989531,10.068956,-13.939574,10.048531
G04_D06_C_13_Neutral_C1.wav,GROUP_04,0.03509676395939086,0.02561145222061983,0.07199719,0.07201139,1540.593039601967,1762.1052027407832,-0.34010277097060004,0.36092536159301497,1198.3931,872.8194,-359.46503,102.25931,143.95059,64.74133,-12.343036,38.430817,3.7195327,26.849993,17.992298,22.534266,-13.736758,23.174576,-6.561676,15.336343,-4.368511,13.423202,-21.900711,16.0385,-13.439101,12.634152,-1.767134,11.635916,-8.774212,8.483328,-10.096067,11.020942
G05_D01_C_9_Angry_C3.wav,GROUP_05,0.04397192498518957,0.04751944073472998,0.14073418,0.092875436,1594.296967233513,1454.9763303940194,-0.197070134954178,0.14804053321532576,1618.3953,1136.667,-345.57077,68.37484,120.505775,52.68008,-18.507414,43.5905,-4.374188,35.294693,-9.9656515,29.449171,-30.906872,22.975256,-18.582241,22.260515,-19.009872,19.57609,-21.616415,16.176147,-20.03704,14.587073,-15.908728,12.880371,-11.889948,14.326485,-18.694462,14.110364
G05_D01_C_9_Happy_C2..wav,GROUP_05,0.04221579293224299,0.04430274462463138,0.13715401,0.09148358,1559.3190827205012,1471.8753708438608,0.6592654729552699,0.21875621381275187,1627.8949,1085.513,-344.84628,71.27451,117.23222,52.510326,-17.165781,36.563217,-17.059137,36.208412,-13.321927,23.965714,-20.859234,17.795189,-11.808869,16.953444,-19.114655,15.16962,-24.546244,13.854537,-17.381567,12.26466,-9.309558,11.181123,-9.811437,12.215125,-19.116264,11.981855
G05_D01_C_9_Neutral_C1.wav,GROUP_05,0.051077322738386305,0.05430918060747571,0.0844852,0.070734896,1997.7662699465168,1863.8716562777697,-0.2680553300370188,0.18978226883518332,1560.0405,1142.3568,-391.39078,80.65143,103.81356,58.68467,-7.235821,43.938,9.360249,34.49479,-14.062017,31.571169,-26.986244,23.000292,-2.5138109,20.312586,-13.234829,18.609844,-21.666925,17.016659,-16.298742,13.326177,-13.090966,12.448909,-11.312073,12.62944,-16.506231,12.470268
G05_D02_E_23_Angry_C3.wav,GROUP_05,0.043216589725378785,0.05499597265664019,0.052582636,0.048426077,1583.289995139262,1747.6881384806145,-0.030916934286456206,0.4138522659567715,1471.7476,1139.3796,-405.89114,88.93193,145.11221,74.44194,23.881863,46.239,25.076046,26.615858,21.164175,24.84187,13.385085,25.862106,14.100697,17.364746,-13.33018,14.998903,-15.407821,16.968979,1.6781547,9.844154,-6.0179505,8.5802,-8.418218,9.182455,-2.579051,8.441962
G05_D02_E_23_Happy_C2.wav,GROUP_05,0.02663311298076923,0.035185582663685475,0.06532358,0.045800958,1143.858289952022,1390.9104476937016,0.369280419117921,0.33761085448172995,1054.8954,978.16724,-417.2184,80.787025,179.06284,66.54622,29.786133,35.519665,19.735624,28.676485,18.631262,25.421597,9.115601,23.239388,11.298449,16.569134,-15.817913,14.804765,-22.70864,17.63912,-1.1860628,10.867694,-5.333226,9.947125,-11.487505,10.603479,-5.0926704,9.447605
G05_D02_E_23_Neutral_C1.wav,GROUP_05,0.031349071557971016,0.03426338941148088,0.039967634,0.03536228,1318.9487077162423,1634.0145530910097,0.09808288443188548,0.4992004967462305,1117.693,968.5061,-440.91464,84.30424,167.7875,67.45369,31.66237,35.313507,24.605679,26.806915,16.739737,23.082298,3.4994729,23.602474,11.380749,18.451857,-8.061828,13.727596,-17.742327,16.691593,-2.7986045,10.683703,-3.6947606,8.722045,-5.892542,9.119531,-2.5295894,8.802357
G05_D03_K_19_Angry_C3.wav,GROUP_05,0.03797617975504323,0.042784341100406714,0.08252617,0.07265632,1509.9613402720095,1708.7950253529523,-0.3526038521413927,0.3487482620288932,1242.1365,1014.9376,-351.93927,91.348,132.04784,65.85165,2.7796986,34.3994,5.312062,27.19209,14.909068,26.32133,-6.9824634,19.186543,-13.797423,18.93888,-10.354857,17.835165,-10.826535,10.579616,-20.31494,14.719175,-17.87466,11.507675,-6.7329593,11.697787,-13.759762,10.413274
G05_D03_K_19_Happy_C2.wav,GROUP_05,0.037872403425655975,0.041729800103991334,0.059575256,0.056362074,1565.4372535437392,1663.2039346793401,-0.38577764404432,0.1266308111692209,1433.145,1110.3975,-395.6887,86.87545,128.06448,59.674778,-11.085374,37.550194,-2.2516015,29.753029,17.108759,26.484762,-10.086983,16.681723,-20.33777,19.195236,-14.117956,15.871734,-12.526856,9.768937,-17.02912,15.502344,-13.588471,9.3220825,-4.084585,11.330694,-10.119255,9.227891
G05_D03_K_19_Neutral_C1.wav,GROUP_05,0.0395271145567602,0.0325282882724838,0.027177673,0.03129436,1712.7176887193702,2003.6014152864625,-0.0244044743558479,0.4734701556381525,1319.1772,985.23834,-458.4965,101.70868,148.2135,71.320366,-0.16148502,40.54096,-4.9006314,32.80759,10.859583,25.67732,-9.866902,20.258095,-11.198066,18.08232,-4.9814253,15.407337,-11.995597,11.7119055,-16.210377,12.81254,-8.160652,10.334877,-1.4356577,10.933587,-8.147244,9.566694
G05_D04_K_21_Angry_C3.wav,GROUP_05,0.03635402279005525,0.042526317868642284,0.12050441,0.082263604,1520.0225378753887,1586.0173743158305,0.019645733689833276,0.5063111822331994,923.0095,903.06573,-332.89594,64.84648,154.7297,40.61445,2.0517154,36.31429,33.705467,32.096157,13.626122,24.35737,-33.177288,33.157726,-3.279829,22.279005,5.2435374,16.212002,-11.777792,12.866477,-5.2219048,13.378974,-6.1513643,11.179777,-12.177984,11.880359,-4.719906,8.671074
G05_D04_K_21_Happy_C2.wav,GROUP_05,0.03785897259736181,0.048706559763887367,0.12119584,0.07348754,1536.300132347291,1549.2779310762123,0.6236196239919914,0.4687556606262002,1243.099,1178.942,-320.68628,58.650467,161.46437,38.167675,-10.200509,35.458836,34.973373,29.751488,22.694738,21.981224,-35.974976,27.3708,-7.3712163,19.547464,8.7671795,16.919853,-9.744637,8.833758,-6.0590663,11.460569,-5.755975,9.330698,-12.980331,11.920006,-5.535342,7.5213475
G05_D04_K_21_Neutral_C1.wav,GROUP_05,0.029025607638888888,0.03288591123968556,0.07376746,0.059718363,1399.2480220227053,1653.3209247198133,0.30672224719727315,0.6574375738548319,1079.2577,982.0807,-355.9428,72.50648,165.46385,38.096786,-3.4225569,39.15583,31.631552,25.543137,26.410883,24.78269,-22.395287,27.379534,-3.9805193,19.91661,0.610784,14.526311,-8.057838,10.938305,5.9748077,11.078873,-3.2128158,11.113203,-13.33329,11.529885,-0.5310389,8.245558
G05_D05_E_21_Angry_C3.wav,GROUP_05,0.03495549776193634,0.05420042216030962,0.1649571,0.1116184,1601.4936325767483,1653.8776493957353,0.0006501728235447527,0.31436657330223083,1324.4572,1221.0842,-298.39676,83.55336,150.39339,58.55739,4.5930433,41.229973,37.977825,28.522726,22.163267,27.629461,-12.676137,25.0887,1.1434561,19.641186,1.2301705,18.279993,-4.9257627,13.012543,-13.949631,14.854187,-11.457226,9.814853,-0.46450967,11.170415,-11.095648,10.823866
G05_D05_E_21_Happy_C2.wav,GROUP_05,0.02675968650053305,0.04102454755085986,0.17020066,0.13335511,1385.2655042623576,1596.6804431479097,-0.1571911923981868,0.29210734918310094,1387.2234,1215.9365,-313.1393,71.2052,141.75597,48.484055,9.081607,43.2088,33.441734,26.313425,17.878716,22.89417,-6.621121,23.92063,5.7491803,15.176352,-4.495267,16.836313,-7.565851,13.011507,-6.152508,9.335684,-9.695448,12.418735,-5.0966296,10.082825,-10.682755,9.038431
G05_D05_E_21_Neutral_C1.wav,GROUP_05,0.040344087577160494,0.04630590874365182,0.117183805,0.10184054,1677.2468780434854,1670.872542703314,0.1556696252433755,0.36171926261153214,1357.1226,1099.8423,-301.37598,90.063,172.7977,61.82971,-3.5008056,43.486675,24.269547,25.952553,19.70514,26.109102,-12.255276,23.762272,3.0819068,19.243816,5.13081,15.899438,-3.677842,13.407343,-11.2185,13.14914,-7.317986,11.219346,0.767849,10.257552,-9.82142,12.189441
G05_D06_C_9_Angry_C3.wav,GROUP_05,0.03424072265625,0.026832523308494456,0.039918195,0.027662333,1491.3446314570845,1598.4866693813296,1.054435312864475,0.12487681053300628,1097.0726,906.9956,-428.95972,53.258663,134.51778,29.687283,-16.591297,37.18243,7.216339,26.249563,4.0356307,23.915752,-40.247723,25.734577,-15.4098835,17.870481,-3.9123323,14.747926,-24.968042,11.9156475,-10.452881,10.91423,0.1020035,12.119566,-11.826868,10.105913,-6.823158,8.323377
G05_D06_C_9_Happy_C2.wav,GROUP_05,0.03872366240530303,0.03227358621807483,0.044548683,0.029281396,1623.262763750403,1650.8630936675538,0.13962328272628868,-0.05521505962993315,1603.4094,1267.5978,-437.01114,70.51385,134.6492,41.88854,-24.931501,40.709736,12.79954,23.567694,22.178585,19.6015,-38.34187,23.65771,-28.774097,17.761944,-3.4095957,13.925979,-16.6351,11.822805,-15.507715,11.0662985,-4.6334505,10.638222,-9.265927,9.031936,-12.16344,8.976825
G05_D06_C_9_Neutral_C1.wav,GROUP_05,0.034898419246495324,0.034911564187314933,0.01713325,0.014075034,1559.1780491428544,1897.4989608108754,-0.12851068132998553,0.27555775537717003,1396.021,1128.8687,-503.23343,78.65787,148.04227,45.843857,-1.1631572,46.77042,21.672829,28.927494,17.879578,21.76839,-23.624092,22.448122,-9.898106,20.515335,-7.6096687,14.376665,-20.765196,13.55634,-7.3487,12.65527,-1.7018347,12.657227,-10.088561,9.444811,-9.560188,10.407076
G06_D01_F_20_Furious_C3.wav,GROUP_06,0.06673813798899755,0.07838665872733884,0.08275118,0.055961885,2542.7902471331686,2103.0960308978524,-0.4070974247155855,0.10103302204492078,1603.0425,1150.5585,-362.80258,95.79876,117.71268,65.81514,-25.281792,47.26247,25.46605,32.95869,-0.17027377,27.281527,-13.652423,21.028463,2.9292405,20.216894,-20.52886,19.301714,-11.265086,14.435404,-16.306744,12.871386,-24.60831,13.184744,-5.5106883,11.732409,-15.962682,9.465265
G06_D01_F_20_Neutral_C1.wav,GROUP_06,0.057748799696765496,0.05832666522053735,0.08488762,0.052673433,1979.446423562894,1862.6999815865056,-0.15173821990556036,0.0166653678174248,1626.7628,1100.1981,-341.61005,95.82826,145.02533,60.381256,-35.95472,49.16302,16.63531,30.15114,3.3161414,30.973446,-3.9394295,19.09824,0.5741405,16.446604,-29.212807,18.182121,-5.201331,11.508573,-9.002579,12.348499,-23.80313,13.361453,-4.3479033,12.106392,-16.714552,10.585032
G06_D01_F_20_Shocked_C3.wav,GROUP_06,0.08243021150914634,0.07939936396553222,0.081778735,0.057527892,2824.348789051676,2189.274628578991,-0.21781332357758743,0.20973051868142026,1836.9138,1198.0144,-342.63147,97.5742,107.085236,63.940712,-45.700115,50.607437,19.829468,40.350025,-6.825611,29.355394,-17.143826,22.298779,1.1589838,19.159786,-24.851454,18.896187,-8.864338,13.3868685,-13.5862,13.240389,-22.217985,12.868842,-4.312444,12.767476,-19.59007,11.234251
G06_D02_F_19_Furious_C3.wav,GROUP_06,0.09030549422554347,0.12227757181706769,0.15975559,0.071988694,3858.686817045887,3746.750674959221,0.015530521612972161,0.2775217026945622,1085.6459,1044.6613,-237.95822,77.78764,91.672455,58.073895,3.0206769,34.206936,46.48106,31.876186,-21.054136,24.810442,4.0307713,23.93932,-28.082905,20.609707,5.8647943,16.364439,-24.107176,12.158509,-6.2444777,16.544453,-4.9048185,11.982001,-13.187141,11.292331,-25.557478,10.722027
G06_D02_F_19_Neutral_C1.wav,GROUP_06,0.07455045160864979,0.09589630855327146,0.12692046,0.06878855,3833.9678791641327,4036.36741431673,0.0046496587245918874,0.30156391810296357,969.3332,1041.499,-249.47688,68.748474,97.699104,51.805027,8.207505,30.882408,41.66998,31.751049,-16.108948,26.259745,13.233152,21.11075,-34.197636,20.885279,10.4595785,14.082625,-22.201122,10.453108,-3.6442356,12.086149,-10.500857,10.9656725,-7.7784686,11.965938,-22.9169,10.192217
G06_D02_F_19_Shocked_C5.wav,GROUP_06,0.16009125152191558,0.15221506945341795,0.08618441,0.06073281,5501.888183754271,4578.797648860944,0.08850534316960834,0.4082112787686759,1357.6874,1067.7343,-314.64194,115.78873,60.098003,60.343086,4.7361393,27.861275,37.90966,39.89797,-19.589445,28.338264,15.466127,18.940054,-25.244495,21.572042,11.73711,16.489817,-22.894056,13.679789,0.14516944,12.654085,-14.952761,13.187038,-5.114351,10.868337,-17.232643,11.334246
G06_D03_M_20_Furious_C3.wav,GROUP_06,0.06763474484707446,0.0750269522846156,0.08217776,0.05685013,2764.741952991225,2281.5755390087875,-0.1903913065996313,0.10403741309676597,1737.8544,1204.3174,-353.09033,121.17411,144.52606,82.45036,-21.314999,46.236866,29.67257,28.99547,13.965622,21.50352,-10.519536,24.001253,14.192221,16.6624,-4.8674154,16.079453,-8.010082,16.670643,-0.011134858,10.787923,-11.249592,12.978623,-10.979102,14.679883,-12.195395,10.307897
G06_D03_M_20_Neutral_C1.wav,GROUP_06,0.06605498644770408,0.07249139836690306,0.07892075,0.061192956,2705.621154265202,2294.173068441485,0.1336750298033144,0.2553739950582722,1656.7603,1149.1979,-351.59006,128.82558,157.9629,84.41413,-27.03059,42.65778,28.548054,26.966267,9.950113,25.98237,-13.183449,29.166668,18.073606,15.437628,-1.352452,15.035615,-6.8608637,14.613437,-1.1958793,11.754381,-8.614142,12.024257,-5.077133,14.783527,-9.976159,11.033409
G06_D03_M_20_Shocked_C5.wav,GROUP_06,0.07804564051918736,0.07294092148362735,0.07785526,0.06268811,2812.5953150238224,2336.865087158801,-0.2853692787131704,0.15419049755208172,1871.8728,1211.9153,-341.73215,119.43423,136.72758,80.878075,-36.31459,53.384274,31.548414,29.59667,12.012314,22.475067,-12.029952,25.345572,15.839618,14.663211,-6.424443,15.61919,-6.7287283,17.570116,-0.9133476,11.731566,-10.775983,10.500049,-6.1509724,16.180391,-12.167766,10.103005
G06_D04_M_48_Furious_C3.wav,GROUP_06,0.06758800462062257,0.06704377679165419,0.14410967,0.08161282,3179.721105790081,3752.500127417805,0.5249680321715328,0.18702305846444092,1395.335,1101.744,-192.71692,86.480354,122.80876,44.812515,-2.0736911,31.875708,34.436802,27.010248,-3.3744104,17.7133,32.938267,17.148993,-34.972305,24.078249,-7.3168983,14.093082,-9.710716,15.081585,3.518181,15.599742,-17.12964,12.73668,4.0794177,12.995027,-10.80063,9.447703
G06_D04_M_48_Neutral_C1.wav,GROUP_06,0.07417363705842392,0.06366954471913795,0.07414878,0.05857713,3436.8469484780167,3955.2218037675716,0.5751954669679549,0.5463856856190217,1326.7507,1073.4877,-274.0201,100.75547,126.233635,52.10507,2.6644557,28.995907,44.286873,26.706316,-2.234137,24.201576,32.296486,17.460432,-21.561401,17.644678,9.913853,14.420014,-9.414958,15.129467,11.161332,10.7472315,-3.6278214,9.844125,6.5757737,11.310635,-6.439704,11.090622
G06_D04_M_48_Shocked_C5.wav,GROUP_06,0.10061730752444134,0.10274406663819574,0.11598218,0.08269467,3830.431819727808,3944.2684624743474,0.18760780609295338,0.2620082602508029,1623.3811,1188.6694,-232.02684,112.55682,111.60793,57.73978,-8.31952,28.809038,42.813816,27.770708,-0.870197,23.333775,39.816593,20.591295,-25.260857,20.878918,5.4244227,14.103697,-9.583094,14.021997,5.3288655,8.922782,-17.111025,14.687461,8.596709,10.642178,-9.659219,9.633821
G06_D05_C_10_Furious_C3.wav,GROUP_06,0.07167708333333334,0.1393639685066017,0.1619007,0.11584282,3239.159781661841,3494.1763825618996,0.4449733140865308,0.33312955773532155,1427.0854,1137.262,-274.22357,93.221535,91.87673,43.222977,-29.027174,32.74306,6.2661295,24.108767,11.518248,20.840834,-11.370624,19.956846,-21.411638,20.830622,2.248493,15.526756,-26.77475,17.639236,-24.152424,15.825105,-8.64837,15.547998,-13.973628,11.331959,-24.73022,12.526786
G06_D05_C_10_Neutral_C1.wav,GROUP_06,0.05943676549145299,0.11482157609267762,0.17126724,0.11768688,2518.8806833331664,3050.12147719151,-0.23926873025065287,0.20394193628317264,1366.0923,1230.244,-313.7456,84.629875,127.943474,51.81073,16.932892,28.062357,25.48659,25.817514,11.328786,23.473629,-19.759838,20.951223,-14.157732,18.378822,13.797269,14.457619,-13.642693,11.442907,-20.888285,13.319718,-11.14953,10.510482,-5.9120803,12.762019,-21.32567,11.668299
G06_D05_C_10_Shocked_C5.wav,GROUP_06,0.09982834045263789,0.1490398946837092,0.11958084,0.09789641,3759.892895975109,3758.306399515494,-0.17029884492155403,0.3345545028430777,1584.7561,1225.2117,-317.8953,98.42436,85.681496,53.093338,-19.401533,37.575817,15.263496,40.365524,7.0549884,22.124302,-1.9522942,18.931662,-15.103367,15.939083,6.2207336,25.258524,-24.37463,16.838705,-21.787565,15.123496,-17.328436,14.197433,-3.3065019,12.329259,-27.398188,12.887517
G06_D06_C_08_Furious_C3.wav,GROUP_06,0.1169503083491461,0.14894363128718607,0.11630872,0.082429156,5073.280902601941,4603.802641933926,-0.3594451593217945,0.031034130935635135,1589.0497,1107.8846,-263.21756,97.20701,39.64095,42.684166,-17.676796,31.328657,25.013617,24.590445,-10.094395,22.293583,2.217124,16.445072,-26.07307,27.925175,-2.401172,18.94861,-32.051636,19.8045,-1.0472695,16.196524,-8.231416,16.124607,-6.7698936,11.976836,-23.68829,13.435883
G06_D06_C_08_Neutral_C1.wav,GROUP_06,0.10345362103174603,0.14962489384953417,0.088349395,0.065415576,4277.721558966227,4363.093961864803,-0.20372209844999217,0.27814576190970425,1423.1881,1056.585,-313.20398,100.88014,84.0687,42.491653,-11.801268,35.962425,10.020539,30.283598,-4.1838055,19.343557,4.0143085,15.081203,-14.463538,19.357029,3.3881326,15.888496,-37.06979,21.631922,2.2199883,11.5433445,-2.5688615,11.756004,-11.0105095,11.756798,-19.909817,13.687343
G06_D06_C_08_Shocked_C5.wav,GROUP_06,0.15063435940099834,0.16900269803698875,0.09788764,0.10551356,5403.106198325808,4269.453938076974,-0.3681448731655643,0.3447061002354773,1561.8347,1101.1226,-300.02188,112.313385,34.6231,49.652836,-27.992746,40.82156,21.680176,30.433105,-23.198015,26.084766,6.4564023,13.931386,-7.0346527,22.54247,-5.8710103,21.920055,-24.739216,18.22505,-4.515699,15.166107,-15.138864,13.97505,-12.874053,11.780034,-19.210861,13.737521
G07_D01_M_22_Furious_C3.wav,GROUP_07,0.04718121027542373,0.08167670918400578,0.041043643,0.044770494,3774.7390864338486,4414.488653986312,-0.557186724203551,0.3445935206740955,1084.4015,1188.878,-468.3756,150.12311,70.90912,77.24772,10.945116,24.037725,30.913548,28.54102,23.229086,24.047466,26.7614,23.087275,-6.9339695,19.089634,9.791139,9.881607,-2.7992618,13.735775,6.356988,7.4604845,-0.52840644,8.956876,-2.6137671,10.512842,0.64616615,8.052657
G07_D01_M_22_Happy_C2.wav,GROUP_07,0.04498710341125954,0.06976781232203509,0.04876075,0.04801811,3497.5971893596284,4111.677466676564,-0.28626348414286407,0.3859701375849342,898.5946,1023.5447,-469.7675,134.4769,85.36917,79.08635,17.457214,32.411366,28.51483,27.863194,32.088158,29.715483,26.450361,22.8565,-9.871826,20.641642,5.8100543,12.113581,-0.37605223,11.838636,6.3064785,9.41834,0.7189522,7.2848144,-3.6504643,9.649002,-0.20559354,8.609627
G07_D01_M_22_Neutral_C1.wav,GROUP_07,0.04949732320717132,0.05750800089338321,0.014321529,0.013192559,2439.3871404861166,3207.7192718995366,-0.33796247152306436,0.3595706873355457,1216.8169,899.70856,-494.70062,118.72394,139.18643,47.360157,6.3365984,27.34237,28.673182,40.576027,-9.155926,20.540688,17.55925,12.048616,-1.4782096,15.076401,13.471618,10.952128,14.707878,12.469946,-3.003329,14.89275,-9.354202,12.646001,6.8554664,10.936877,-1.8301464,14.035192
G07_D02_M_50_Happy_C2.wav,GROUP_07,0.027681790865384616,0.050476128204683064,0.038856693,0.035861813,2401.1565875583838,3396.407685036191,-0.627245416915186,0.11122612419391079,836.88025,981.94714,-508.90735,103.08526,102.183174,79.60333,36.97892,34.344913,36.48499,28.51676,36.318363,27.86702,20.099777,19.38755,-8.684475,19.938658,4.4119797,9.792529,-3.1255438,11.981901,-1.7585456,10.274686,-2.8242373,9.930804,-3.7634175,9.348276,-8.035684,11.510758
G07_D02_M_50_Neutral_C1.wav,GROUP_07,0.03461452052411874,0.04599782753776467,0.03294791,0.037613977,3128.308833390597,4091.59532287405,-0.38975538165007423,0.43564552347753505,844.0137,996.6075,-501.8279,102.677986,82.13099,75.58485,32.862774,35.311428,27.455976,25.258427,25.620565,25.26109,15.4265785,19.872677,-6.0331755,17.465475,6.3549776,11.501795,-5.1781874,13.574406,2.6179476,8.206412,1.4142798,7.2126164,-1.883806,9.134661,-5.2343006,10.2880335
G07_D02_M_50_Sad_C4.wav,GROUP_07,0.03509091659330986,0.04586326905225259,0.024770949,0.027474167,3184.071532963627,4326.619729254752,-0.3060936774885446,0.4070452393594973,1446.3688,1343.7399,-522.6883,114.494225,69.68642,62.055256,21.444729,34.834694,43.540775,31.051376,40.904373,29.805838,19.88892,15.778602,-6.4812217,20.285364,16.278591,13.059202,-4.9990783,15.276206,1.2789648,10.332744,0.5137246,8.660897,7.1875396,8.48786,-4.288067,11.795493
G07_D03_F_35_Happy_C2.wav,GROUP_07,0.042268989078177256,0.07580899963862675,0.026144117,0.024607286,3062.0138139129526,4111.455503251465,-0.2781782016130937,0.3548579211218,913.2398,1064.6558,-531.05536,102.6585,75.879906,62.33908,34.50132,29.865986,28.822645,23.765583,16.241364,19.146973,17.534908,17.423529,-17.15673,26.308014,-3.1242998,14.684171,-1.139688,12.53279,3.0946412,10.251535,-8.61098,14.362574,-3.4714282,12.580276,-1.1194165,8.571672
G07_D03_F_40_Furious_C3.wav,GROUP_07,0.05382832228535354,0.10901013217295495,0.03270245,0.029569788,2922.9689825700852,3763.870888933223,-0.2902319180559387,0.35506654504408747,1013.3123,1075.2028,-494.86404,112.335106,78.22262,66.50015,23.625164,28.780447,26.720076,23.737581,17.555445,20.135174,18.524881,22.843758,-21.837193,24.899033,-7.0673738,16.906034,-5.406968,11.58814,1.7848405,10.510145,-9.176627,13.464887,-4.022547,14.193189,-4.0792055,8.281563
G07_D03_F_40_Neutral_C1.wav,GROUP_07,0.053068069391375546,0.08243300143927294,0.03739173,0.027029626,2891.06333607324,3882.2985410975025,-0.016250999684902418,0.010520562592321656,1151.0117,1116.0599,-445.2482,117.90669,105.10311,55.815487,31.53111,34.022728,33.91095,24.65179,16.64835,22.944897,17.595533,20.52329,-28.958418,24.48039,-1.443176,13.274236,-5.780989,11.862528,3.2154818,12.510945,-7.2095027,10.663885,3.5784512,14.238982,-4.9051013,10.585455
G07_D04_F_20_Furious_C3.wav,GROUP_07,0.04889414612676057,0.07964341097221293,0.0563061,0.05395116,2514.634197673217,3237.1232528517266,0.22333749901866864,0.44141442856609764,1064.0256,1044.1489,-420.307,105.13174,89.62798,62.252865,20.060709,24.65878,34.633144,25.715284,11.181636,22.075861,10.931054,20.767485,-15.504789,23.661041,-11.869287,19.441076,-17.27908,20.119759,-0.527672,11.840202,7.4205394,9.016387,-9.684688,13.502179,-8.468699,10.913292
G07_D04_F_20_Happy_C2.wav,GROUP_07,0.04952315596846847,0.08066901060013669,0.0774708,0.056828212,2390.2728586862017,3159.3879142729693,0.16499692692456014,0.16102485209377623,1334.6498,1210.0292,-401.60876,101.79739,92.35409,58.181114,17.649994,25.966892,40.48864,27.964409,-1.848207,23.456314,1.5878956,23.04033,-21.297709,24.13421,-6.3105574,15.165086,-16.73695,18.360416,-8.52101,13.992726,5.977733,10.439442,-14.283482,14.6611805,-10.597702,12.351083
G07_D04_F_20_Neutral_C1.wav,GROUP_07,0.05964863330200501,0.07744110414494103,0.050634872,0.043630503,2954.609422508946,3615.938889693982,-0.1795312337006602,0.2283617718411723,1247.4388,1130.8806,-403.3122,113.309265,88.28952,58.196354,17.29323,27.909811,31.545563,24.645527,-6.4424376,22.972372,12.961373,17.28318,-13.582109,19.52119,-6.408017,13.735164,-19.620804,17.595415,-8.630177,13.208693,5.108441,10.55347,-10.328795,12.751835,-12.04698,13.434449
G07_D05_ C_15_Sad_C4.wav,GROUP_07,0.06311894806338028,0.06985503228205779,0.08516187,0.07190177,2437.3448400232087,2883.2647646739592,-0.2607395360611277,0.34669039925318085,1449.823,1145.8774,-331.93073,111.79713,123.468185,59.845352,-4.562825,30.144653,24.588121,30.5422,1.7725163,19.376913,14.934082,12.179635,-8.036264,17.255919,-1.1890601,10.878818,-13.749718,13.236065,-16.812563,14.116012,-5.35757,12.597122,-8.506642,11.686781,-24.75917,13.931577
G07_D05_C_15_Happy_C2.wav,GROUP_07,0.05355718804065744,0.06849997239156955,0.10658295,0.077410035,2318.8439109583946,2760.5021943558872,-0.32048798939651485,0.07465771919686202,1629.3107,1161.6705,-316.4078,113.13948,129.49016,60.740627,-17.885315,27.130613,12.452591,30.299393,3.2264352,22.984573,5.660011,18.140152,-20.512167,19.294619,7.71793,12.5416565,-15.448584,11.987911,-24.936111,17.53832,-7.2526865,11.696023,-4.398557,12.87596,-20.096653,12.329189
G07_D05_C_15_Neutral_C1.wav,GROUP_07,0.05639523875956633,0.05846056689640353,0.07156093,0.073533885,2496.006929555509,3071.6474429144505,-0.2929270252028509,0.41016355760506507,1307.4889,1065.4727,-365.85858,131.58936,118.22597,72.3899,1.2726134,30.368748,15.796272,26.94542,7.965112,23.827007,5.3419127,15.419699,-8.512391,19.08379,6.4376054,9.450953,-8.254264,14.0790205,-12.193864,16.415535,-8.095027,12.744471,-4.553764,10.952865,-8.543303,12.676495
G07_D06_C_15_Furious_C3.wav,GROUP_07,0.09198273689516129,0.08687789144285273,0.039033417,0.039452437,3570.761137529533,3353.086424158448,-0.02822195542384812,0.41077242753859844,1628.2654,1234.6758,-403.35626,163.69902,88.49543,70.8675,-12.878776,33.01068,46.869865,35.11149,5.2215014,21.267546,7.373237,20.53822,-6.530476,19.687153,7.3455067,15.611026,-6.703895,17.085516,-10.1715765,17.237284,-0.40797663,11.21757,8.478366,8.799639,-4.123679,11.56081
G07_D06_C_15_Happy_C2.wav,GROUP_07,0.053383870249406176,0.05257969492732793,0.031165399,0.028166968,3052.2620959952083,3521.3071592195697,-0.55342546886604,0.12917403947695003,1329.7,1224.1499,-415.05447,147.1184,89.03411,57.74042,-11.684662,33.97,48.244663,31.511917,5.366946,18.979137,5.6195745,17.88153,-4.5806675,16.819077,-3.0484214,17.295708,-9.066491,19.84357,-4.8277006,14.216831,2.5657766,10.548406,5.439591,8.042292,-4.8323236,10.0584955
G07_D06_C_15_Neutral_C1.wav,GROUP_07,0.061061103562801936,0.06962963487057557,0.015800027,0.016824134,2860.673591980583,3335.374776372862,0.33376508480264483,0.32570190147138073,1130.7698,1069.9305,-469.9692,121.194786,108.24685,61.902424,15.555756,30.248083,49.6774,29.15563,5.23224,20.612053,11.648526,19.506214,-0.8628102,19.279064,4.0920987,13.458142,-3.3664699,12.925963,-3.483224,11.20289,8.622269,9.761569,-1.0889503,10.191025,1.3502337,9.608641
G08_D01_C_7_Furious_C3.wav,GROUP_08,0.04978989109848485,0.04758935062481846,0.14929527,0.11115775,1980.993712300289,1765.7888405065603,0.2656142676137372,0.14556910914183804,1559.0253,1060.8262,-305.63956,74.41586,102.209656,38.793118,-39.426365,42.40393,1.578428,27.901358,-12.514106,21.03324,-45.759155,23.629465,-14.83493,22.544342,-19.419975,18.867945,-30.3041,16.298193,-10.738406,13.46425,-8.970051,12.202248,-11.199614,12.625658,-4.0997186,14.34516
G08_D01_C_7_Happy_C2.wav,GROUP_08,0.042860788316582916,0.03143103358396971,0.16067101,0.10102457,1885.9952792756858,1694.350472323782,0.5075339710614095,0.1311651176169024,1530.5378,1113.859,-313.04834,66.16284,107.45543,30.952301,-46.33742,46.05177,1.9671631,27.25415,-9.721538,21.014566,-54.62517,23.534492,-17.801485,20.498182,-12.388568,14.712195,-31.08921,16.57862,-13.493995,12.728993,-9.465505,13.505908,-16.74995,14.504401,-8.044691,14.130961
G08_D01_C_7_Neutral_C1.wav,GROUP_08,0.041378536739864864,0.037514927686149016,0.110627115,0.08534468,1879.6866171504707,1732.5047273018795,0.3163857962228054,0.228899374511198,1408.8838,1065.8844,-319.12778,68.089775,107.9754,40.798412,-22.625935,44.960293,5.04411,35.70713,-0.9432543,21.211323,-37.767925,21.000261,-15.550984,17.958752,-13.052278,13.379671,-28.322052,13.454972,-10.582366,11.8480835,-3.5142117,10.966225,-13.162278,13.132576,-10.887108,11.529215
G08_D02_C_6_Furious_C3.wav,GROUP_08,0.04297967539802065,0.0449493568916548,0.08598961,0.08825954,1880.9814452429093,1915.5561679562818,0.278529016289195,0.28458336271778173,1329.9739,944.4306,-346.52505,84.33405,114.737175,58.92356,-7.3599734,31.682638,-3.18393,33.69954,-3.965558,21.581203,-17.727768,21.91903,-6.4484377,15.95101,-6.2986736,13.354288,-5.735283,11.045435,1.1564407,10.33481,-2.3510032,10.263076,-8.033321,12.535292,-10.161611,10.30322
G08_D02_C_6_Happy_C2.wav,GROUP_08,0.04906593605324074,0.04596547867681604,0.0913619,0.07986698,2091.547467269527,1943.5291810183664,-0.3328208250809367,0.07504041789711977,1655.8389,1097.8789,-369.6304,101.68271,125.0338,74.31607,-19.893772,38.921963,-2.2187285,40.006313,-3.9440122,21.607672,-25.978249,23.037416,-6.6250815,16.058586,-3.4642012,14.167869,-6.8828425,12.856207,-0.7266349,10.793973,-4.39061,12.348033,-7.6307597,10.881634,-8.51687,10.226316
G08_D02_C_6_Sad_C4.wav,GROUP_08,0.05439143514696169,0.05168091472763569,0.051763885,0.059247836,2556.819401922303,2595.357417721402,-0.03620804036824987,0.5687503883195908,1678.8549,1083.1034,-421.32422,109.651146,94.146454,74.95648,-4.45773,30.471046,15.944369,37.648228,7.1474786,18.188223,-14.706776,22.69029,-3.6374934,20.265293,-5.14784,14.535996,-3.7389083,11.380343,3.5727966,8.83553,-4.098377,10.846783,-7.437059,12.490051,-1.3382077,9.075103
G08_D03_F_20_Happy_C2.wav,GROUP_08,0.03644420144086826,0.04332360415877015,0.08332141,0.056186553,1434.6506233365217,1427.3515421594716,0.189271860385253,-0.007100444275167471,1151.2446,953.8665,-377.29282,72.79747,149.6072,56.468773,-2.5007741,35.834957,-3.9256825,35.605347,-1.504177,21.363695,-17.154522,17.068783,-16.38381,20.127192,-18.803772,17.900658,-10.137697,11.386911,-10.000205,11.010707,-16.517017,13.524767,-4.564942,11.604808,-3.5428543,8.769749
G08_D03_F_20_Neutral_C1.wav,GROUP_08,0.04197739109848485,0.048788551007864396,0.04571332,0.04035678,1667.2146091489099,1869.8403142300585,-0.15655060976749224,0.21254582334370267,1218.073,1025.5891,-428.34857,77.49216,124.4711,60.342625,11.939574,32.74469,11.138929,29.468403,0.69958836,25.994627,-14.360492,21.709538,3.5976033,18.523516,-0.6459414,15.456932,-15.339477,13.143914,-11.083321,13.543735,-6.4953847,10.966281,-7.0885468,11.418166,-8.721743,9.668851
G08_D03_F_20_Shocked_C5.wav,GROUP_08,0.0647823146132172,0.07512837141806718,0.03619267,0.030291589,2176.804928387873,1917.6911783592602,-0.33875668859909075,0.2759991277760115,1236.2092,1004.4099,-457.23898,94.179146,136.35457,74.73349,-16.543158,41.99868,11.005987,47.41918,4.6916447,25.865135,-15.616986,19.528206,3.464255,18.556623,-2.373237,19.50197,-11.693676,16.392973,-8.89692,12.82619,-4.132156,11.030461,-1.3443528,11.645259,-8.418036,9.392081
G08_D04_M_22_Furious_C3.wav,GROUP_08,0.043724285780325445,0.057385372409472814,0.057830177,0.04521212,1785.1117478918407,1773.7263745011865,0.05313177015657671,0.3400497779899484,1440.7723,1159.3027,-405.89954,104.23474,173.90044,82.619736,2.2339525,39.064617,23.749134,29.404142,24.448715,25.712767,-3.783949,22.564182,11.574192,18.714325,6.484404,16.642315,-9.614762,14.680988,-7.86966,10.937426,-5.1635985,9.046335,-1.4619558,8.393046,-1.480948,8.686142
G08_D04_M_22_Sad_C4.wav,GROUP_08,0.04709757834757835,0.053303637061615526,0.03632899,0.038900398,1958.2199062612763,2169.40427281981,0.07880819746026953,0.37313655836444237,1450.5874,1185.197,-436.73914,94.6462,130.17387,76.906685,6.1834993,47.067276,36.684895,33.591347,25.765396,27.735506,-2.6933064,19.77084,14.952613,16.308908,5.1110816,13.817597,-11.130386,14.049114,-5.570326,10.94588,-3.7575912,9.653253,-1.7152141,8.6543,-2.3956819,9.979116
G08_D04_M_22_Shocked_C5.wav,GROUP_08,0.05961325180590452,0.06570739759057248,0.068354584,0.0506303,1895.3942671484097,1582.3742638832882,0.29711377993618715,0.3196023325451279,1727.8492,1343.1553,-368.34256,91.43448,155.35294,76.95576,-13.768093,53.822853,39.87585,36.06022,30.918415,24.46268,-19.22968,29.876215,9.507875,20.579485,13.255303,11.829586,-8.478634,14.072412,-6.637033,11.617783,-7.2146635,10.190325,-3.4659576,9.995251,2.6667333,7.522764
G08_D05_F_52_Furious_C3.wav,GROUP_08,0.039662354115479116,0.043194436930281625,0.08479408,0.06954758,1773.5180836493134,1908.0669809130288,-0.1533535139511258,0.47389080492623653,1326.5929,1114.7014,-359.56772,102.0008,134.71451,59.18528,-15.99679,46.09721,25.69119,26.599482,24.16959,23.078375,-11.132701,23.52685,7.187126,16.245628,1.9073926,17.643766,-15.163961,15.491556,-8.995476,15.797931,-6.8569636,11.822508,-9.049027,12.087572,-10.881163,9.765905
G08_D05_F_52_Happy_C2.wav,GROUP_08,0.03720655136670762,0.04856169199513356,0.09803692,0.064534016,1516.5657532694481,1639.9894167356717,-0.29666734785900145,0.24946677262973463,1465.8344,1158.8146,-370.18048,88.41906,149.54689,61.28897,-7.595342,46.29281,22.697626,33.214863,23.258955,24.601559,-10.911951,19.485668,-1.6777041,15.597008,-5.699168,16.01572,-14.862696,16.135513,-11.333946,17.336584,-12.067534,12.319238,-8.406587,11.787276,-6.4510345,8.988155
G08_D05_F_52_Sad_C4.wav,GROUP_08,0.04128086419753087,0.04240363020492275,0.076007806,0.07136705,1635.0312616394635,1765.3743392767071,-0.1554367590448255,0.5210550512142454,1412.9409,1144.8376,-384.17685,86.247765,126.66168,55.85976,4.584151,46.164795,36.859867,32.68328,36.718777,29.425348,-6.2718067,16.259672,-3.5644817,20.76704,-0.39543262,14.184647,-10.988194,14.585255,-8.97262,15.5848875,-6.155442,10.599284,-8.3457985,11.409574,-7.88384,9.7192955
G08_D06_M_49_Furious_C3.wav,GROUP_08,0.04216080260791367,0.05143329736706979,0.09973108,0.07638757,1600.665706606772,1833.1558447883353,0.1954116455895351,0.2210430692678436,1454.6608,1183.4921,-353.7614,103.690155,145.1944,71.45642,9.03293,39.434937,42.19059,28.371197,23.917582,26.749119,-10.97925,22.074348,0.77364856,14.909724,-12.812432,13.348866,-17.267025,17.030573,-5.133756,12.044949,-7.3172097,11.3515415,-5.5974736,10.653227,-6.650733,8.6888485
G08_D06_M_49_Sad_C4.wav,GROUP_08,0.045120668679643525,0.040516170497852166,0.039180044,0.043855637,1710.6910312937725,2063.0796869411915,0.08940735540963596,0.5522958713674492,1563.2496,1209.3999,-468.81094,93.251755,129.13849,74.18357,28.132423,44.765423,41.630432,27.26433,27.181799,27.63211,-12.220386,18.703531,-5.846601,11.912527,1.9391866,9.136304,-4.1103377,14.407301,-6.4637866,10.876531,-6.1817303,10.737675,-3.2693477,7.8203597,-6.3767457,9.317678
G08_D06_M_49_Shocked_C5.wav,GROUP_08,0.04517563467401501,0.04885097196470345,0.05520309,0.05641898,1931.8301913058285,2216.336093446362,0.027753282777121604,0.2934714331130304,1389.1135,1163.0476,-409.37308,111.32005,135.81654,79.16728,6.753645,38.916954,37.854248,31.658411,20.603685,27.586351,-8.934785,24.089996,2.8046825,13.40149,-11.088069,12.206421,-13.09906,17.484407,-2.1211345,9.992213,-6.704459,8.894714,-4.78802,9.4731655,-4.360095,7.666185
G09_D01_K_22_Furious_C3.wav,GROUP_09,0.0489070923180593,0.05764035047490909,0.13636066,0.10813616,1706.260338802559,1793.0777904116267,0.14916987148610453,0.45179084441179906,1545.0371,1214.0946,-315.99136,94.400314,138.0389,69.26481,10.630984,43.329838,29.864882,30.750324,18.463047,26.95003,-1.50404,18.475319,0.8287357,18.600729,-9.8544235,19.525854,-13.438785,13.394576,-17.55692,13.061325,-10.499986,12.506271,0.878979,8.970867,-7.566616,8.076222
G09_D01_K_22_Happy_C2.wav,GROUP_09,0.039371130601415096,0.04154548735206609,0.22643909,0.16482505,1494.11938814925,1748.7609392645873,-0.05417995388114586,0.19896446848200075,1350.719,1145.6001,-270.12183,94.72279,154.70436,69.02668,8.484146,38.628918,21.713255,38.389095,18.629557,24.502693,-7.602081,20.598314,-9.927951,18.521048,-11.56465,17.63559,-13.587516,14.25307,-14.721891,12.6424055,-6.962659,14.005743,-3.4074545,8.562298,-11.505179,9.866447
G09_D01_K_22_Sad_C4.wav,GROUP_09,0.07569102950507614,0.06894240092890415,0.13695447,0.17025784,2537.3785547267316,2583.762354193043,0.39140907997040086,0.4028579629257704,1819.7168,1192.929,-318.07147,98.24596,100.51782,67.93662,2.247359,51.997025,34.03679,29.97325,27.04461,24.407824,1.1574007,20.268522,-0.67756784,13.923268,-8.378665,14.860062,-4.563886,12.202757,-0.81237024,9.4186535,-3.3669198,9.8014345,-2.3693397,8.70898,-3.0006602,7.2613173
G09_D02_K_21_Furious_C3.wav,GROUP_09,0.07039363434667674,0.07708956631247005,0.16498904,0.14893696,2709.7793402533453,2907.766321861953,0.05674832136383807,0.2506195016350617,1496.2501,1115.0614,-251.29485,108.00422,119.70511,59.040955,-6.2207885,28.376808,12.751089,25.542929,1.8202728,22.619638,-7.1679907,20.75236,-17.673126,23.204748,12.663641,15.410825,-20.277685,16.632914,-23.157711,20.796717,-2.0606182,12.383733,-5.7009525,15.654584,-0.2351408,13.332072
G09_D02_K_21_Happy_C2.wav,GROUP_09,0.07689288843457943,0.07785741346661748,0.21869515,0.1488681,3101.3059491217014,2973.00530684116,-0.3283886573259673,0.1299255678418268,1503.2837,1146.5922,-205.7363,109.642494,120.53362,60.8187,-22.55843,31.753288,14.075344,31.515453,-2.428463,28.90625,-1.7093607,17.89819,-24.565971,22.992962,13.2987795,14.198361,-17.833778,17.387394,-28.168732,19.272684,-1.9034175,12.767697,-10.671989,13.439835,-14.367947,16.73611
G09_D02_K_21_Neutral_C1.wav,GROUP_09,0.06795946366947853,0.07013029387180694,0.14504218,0.10501423,3010.3294840596927,3304.780479318929,0.39558979201929434,0.2112613747260134,1338.5809,1072.4631,-211.50504,88.12952,126.8431,54.82124,4.234563,34.222126,28.143782,29.66024,-6.69028,26.111639,20.73945,18.612051,-4.9735827,22.724823,18.910305,15.1529875,-3.2936554,13.440423,-14.315175,13.6816435,3.1164782,13.0536375,2.8552449,11.715769,-14.979103,15.997881
G09_D03_E_21_Furious_C4.wav,GROUP_09,0.06036788627199414,0.06707850433198194,0.072695285,0.105036475,2631.6679897414183,3198.840960948359,1.0226081743646485,0.911675505205268,1127.5237,880.2788,-366.66977,127.30331,100.9158,70.7307,17.472849,26.466854,24.754341,19.576061,7.3178115,20.40163,8.326612,18.04152,2.5992708,11.652439,-1.8776145,13.089224,4.0644526,10.788597,-0.77211165,10.159828,-6.981305,14.767315,1.0277523,7.6427555,-2.001767,8.22575
G09_D03_E_21_Happy_C2.wav,GROUP_09,0.049394067070383914,0.06468809056436976,0.09700981,0.1160445,2213.297393749277,2848.3406247858134,0.5898653935233427,0.7469107042438342,1143.362,927.7557,-347.30157,133.2717,127.56245,75.473,13.500195,31.723633,22.893152,21.770868,9.601727,18.765348,12.141453,17.862547,1.1836822,15.34602,-3.3560736,13.907567,3.546445,12.824029,-4.7670302,12.445116,-7.2463694,14.454383,1.2975668,7.7189565,-4.2613683,10.934959
G09_D03_E_21_Neutral_C1.wav,GROUP_09,0.05157123348577236,0.05990035050862757,0.07015665,0.10014199,2384.0839075911963,3059.0843523342414,0.7103299011167856,0.7781879658408306,1187.9595,892.43805,-356.9462,124.96088,128.96022,66.45618,14.914581,27.535007,14.99818,16.565342,6.6381664,20.468372,12.385467,19.220505,-3.1449142,14.020759,0.6748539,12.483221,7.9869847,12.330204,-4.4321547,13.97265,-4.950688,14.061457,0.32928222,9.359928,0.5329392,8.512061
G09_D04_E_42_Furious_C3.wav,GROUP_09,0.05788984597578348,0.05445782256808819,0.15713343,0.14464329,1875.034196808553,1889.88956100056,0.6158220036709586,0.5100771626002423,1641.9366,1137.0736,-266.02274,131.09221,138.45743,78.81838,-18.845049,39.064877,18.396444,25.75318,15.696957,22.589981,0.91616863,21.43889,9.323287,14.004527,-4.1790795,17.03077,-4.8904324,12.942785,-2.4359906,10.636356,-5.7371163,8.487361,-2.8690453,8.711245,-3.5637457,7.351761
G09_D04_E_42_Sad_C2.wav,GROUP_09,0.05523144025259067,0.04840856995208189,0.12546237,0.12284759,1769.8687108366462,1763.6514336091589,0.19724852639089813,0.5096932076887256,1708.4904,1176.0276,-298.77997,107.10074,149.66423,73.23411,-13.782964,44.230534,26.07507,36.690826,24.057116,22.424067,6.019049,15.649793,15.867051,15.927265,2.7753773,14.557767,-10.241853,13.326963,-15.5955515,11.245871,-1.261822,9.858788,5.8145165,10.355851,-9.009972,11.964791
G09_D04_E_42_Shocked_C5.wav,GROUP_09,0.057380445075757576,0.06289101113114479,0.16275898,0.11846659,1788.0819844897671,1632.8095710050843,0.20992722271026812,0.4093442680010254,1484.1781,1203.5117,-242.45088,91.95391,157.58224,68.08416,-18.204832,48.500587,37.085903,33.03059,13.600867,27.612774,-10.774777,27.561451,15.540045,16.350069,4.77436,18.607666,-7.0316176,14.255836,-13.186902,10.4348,-4.2077317,8.053274,5.480109,9.170428,-7.2927637,9.205933
G09_D05_C_11_Furious_C3.wav,GROUP_09,0.09218258829511834,0.10111951550372031,0.14013453,0.12008747,3038.03590505245,2865.148389144582,-0.11141999956678046,0.14552616957490075,1686.374,1107.4341,-253.21358,91.35955,114.2905,48.14042,-35.964,34.10121,-10.160328,26.120283,-13.332766,22.977348,-11.552831,17.04831,-25.220182,23.293755,4.3880816,17.203936,-35.85925,19.033743,-13.397902,16.98989,2.2856605,11.465981,-14.6646805,16.17389,-6.137805,19.415956
G09_D05_C_11_Sad_C4.wav,GROUP_09,0.06351092833577712,0.05729795994277936,0.15586443,0.12641504,2541.269274611432,2732.5204156273708,0.3641121983732484,0.19179932197296218,1626.1047,1163.0066,-232.9169,72.6928,118.79765,43.083584,-32.14352,37.88277,0.6784446,35.13687,-10.261987,25.46972,-13.866451,16.197466,-25.442932,20.652708,0.8504637,16.445356,-36.147285,16.58894,-16.293596,14.599695,-4.2815356,13.419634,-17.55,14.773766,-1.8302312,12.319026
G09_D05_C_11_Shocked_C5.wav,GROUP_09,0.09956654331140351,0.11273431601743067,0.09484094,0.11188985,3023.132316740882,2639.994635757831,-0.21437162648250588,0.14075378530322855,1656.5018,1148.666,-305.2826,75.74706,101.034645,53.291405,-32.93019,39.701054,-10.670286,32.512142,-20.347467,25.99,-19.056095,21.844965,-16.032335,19.55485,3.5548654,22.061783,-43.26606,14.747214,-16.955164,16.95594,0.45793173,13.142588,-20.330318,14.1343,-7.37007,15.760907
G09_D06_C_12_Furious_C3.wav,GROUP_09,0.08392660126431298,0.09035031013916708,0.18733425,0.09756275,3411.380897929674,3245.806790636294,0.22987567274480902,0.30480328252385996,1374.0868,1091.5657,-166.30197,57.39413,108.23941,50.32566,-27.283884,30.239708,24.441814,32.056118,-24.767597,28.295155,-2.7678578,19.794752,-34.64122,21.033903,4.477771,15.415226,-24.044437,13.056526,-20.136328,14.831634,2.9836812,17.463207,-10.794447,11.300158,-20.528194,11.06136
G09_D06_C_12_Sad_C4.wav,GROUP_09,0.07906848538306452,0.08122067917473058,0.22706205,0.11461583,3558.1592510598007,3798.8920924430163,0.7717268133603774,0.41998694494773076,1329.0355,1200.5544,-142.46579,60.842327,108.53812,47.004154,-3.8121738,27.54513,47.529106,31.666977,-9.977163,18.343403,12.277216,14.16766,-34.030865,15.187959,10.258915,11.729314,-22.603123,12.647674,-6.756165,11.163351,-5.772939,11.087557,-5.425283,10.314124,-2.6904955,7.142093
G09_D06_C_12_Shocked_C5..wav,GROUP_09,0.10307065902217742,0.11357137276750273,0.1349557,0.10740355,3738.2622890329094,3360.3524161612963,0.0859271000235181,0.2714067132877633,1392.372,1082.6492,-202.3553,67.455605,102.43123,52.53663,-28.469896,31.543184,34.616486,36.806156,-15.23047,26.722187,4.340525,15.876739,-28.913685,15.673914,5.7537127,13.92219,-25.155321,10.781337,-8.804746,14.908695,-2.1919012,17.565977,-8.026171,11.454984,-10.148653,11.491522
G10_D01_C_11_furious_C3.wav,GROUP_10,0.04981228298611111,0.047337606756018204,0.1059581,0.10315493,2045.8481239281327,2003.673266684087,0.24235037420882394,0.3347686302575817,1548.1542,1074.6808,-354.56076,86.2659,95.11549,55.037605,-19.606077,35.5043,-7.300156,29.694057,-8.567408,19.78292,-21.901476,18.941288,-17.761932,18.980978,-22.805317,18.160109,-19.109869,13.737272,-16.91557,12.172583,-14.30504,12.278106,-4.9424844,12.032187,-9.71544,11.45086
G10_D01_C_11_happy_C2.wav,GROUP_10,0.034528649371603264,0.02287560216309926,0.10162594,0.078177325,1617.3396175566634,1546.0455918950977,0.3438626524203822,0.15633386749338682,1529.4879,1016.5709,-362.14224,71.1558,122.58772,44.962254,-23.959143,39.27445,-23.143642,26.275778,-3.939,17.276085,-17.48228,14.438919,-22.710783,15.634075,-27.407295,16.245964,-23.806227,14.89778,-13.801992,13.138397,-13.284251,12.8417635,-11.874023,11.356561,-5.1924987,10.779398
G10_D01_C_11_sad_C4.wav,GROUP_10,0.055639732334621994,0.05023135033199681,0.07401868,0.064582214,2118.8224927193287,1946.6810136382712,-0.011859095230252732,0.2840864751798363,1882.5502,1193.2169,-374.9891,90.17584,112.11063,53.10248,-26.88911,45.407913,17.89763,30.942467,9.319962,22.497856,-22.35501,18.939474,-15.967082,20.446007,-16.635107,14.610178,-10.718048,13.509639,-16.184303,12.663947,-12.346661,14.219922,1.6554828,14.415659,-11.0707655,9.588499
G10_D02_M_25_neutral_C1.wav,GROUP_10,0.02766458967090708,0.03376368983106586,0.06986181,0.06134081,1283.623042036507,1664.292893097112,0.39677771210836416,0.5886602543023579,1116.027,1050.2666,-385.69745,91.019226,162.28447,61.671635,15.612365,37.898365,33.42873,23.727161,27.600006,22.75106,0.5315938,25.093142,14.236992,14.288909,3.6821542,13.301545,-4.7327166,11.659335,9.160305,11.702811,-2.444205,8.718194,-16.200699,11.682826,-5.4091344,9.019344
G10_D02_M_25_sad_C4.wav,GROUP_10,0.024586532329277867,0.029968912391855562,0.06057786,0.08011565,1504.835148409861,2113.7874876420924,0.11404544863948958,0.461701090112336,1412.4421,1147.0198,-406.81168,98.71226,109.99524,68.361755,25.57582,40.241463,27.512093,20.412127,29.426395,22.371246,16.560955,15.734233,13.186367,12.066914,0.691833,12.374779,-5.3863487,12.157928,1.3517702,8.4135475,-2.338065,7.749314,-7.2503567,7.485063,-5.221087,6.949771
G10_D02_M_25_shocked_C5.wav,GROUP_10,0.036040278659052453,0.04030132038639355,0.08666226,0.08820339,1795.316002338117,2146.5619054796553,-0.10503450704506223,0.4112566648924592,1437.7456,1158.5632,-392.16006,121.93614,130.4232,83.84632,2.6915462,37.65221,31.386415,29.624184,28.778904,23.039074,2.6082911,28.778301,11.12752,15.141339,-0.71708995,9.50018,-6.690548,10.889109,1.8890482,8.672446,-6.7879224,9.372694,-9.740335,10.857831,-5.8626895,7.8588333
G10_D03_M_23_happy_C2.wav,GROUP_10,0.03339158442982456,0.030720066224063963,0.07533019,0.080887675,1945.7876404088756,2323.059392272461,-0.44948903183054106,0.3093332677424896,1356.157,988.7498,-376.96368,132.5539,130.11237,84.67626,-4.419555,39.429375,21.190126,24.716837,26.244099,25.62446,1.9625818,17.054655,3.7923937,13.656851,-3.7754838,10.695366,-5.716762,11.382983,-4.5556936,11.877228,-9.516714,13.62723,-4.1116304,7.529436,-3.0707402,6.857959
G10_D03_M_23_neutral_C1.wav,GROUP_10,0.0331842845659164,0.029476271993417277,0.05006011,0.069429174,1872.6447121749784,2448.6070981563507,-0.17527558506342752,0.5476612698943876,1289.0037,946.7174,-390.347,114.3605,102.937675,77.00715,8.342622,33.154167,20.838587,23.916851,21.330938,22.892624,2.6518152,17.950617,1.8462155,14.290324,-3.4063125,10.186829,-3.6283567,10.1575,-1.2785356,8.873233,-5.1758146,10.671334,-5.587095,6.5942082,-5.11413,5.920139
G10_D03_M_23_shocked_C5.wav,GROUP_10,0.04040306855500821,0.0428409937289933,0.056727435,0.070480436,1781.837711923887,2267.878249510499,-0.009803500057436893,0.555292225842539,1226.7045,960.65155,-393.3369,124.84759,105.60038,71.86656,0.33030102,44.171104,30.428446,32.003193,17.264019,21.271461,-1.3725927,21.634407,10.311616,15.995953,-1.3636072,11.15096,-3.0210795,10.777272,-0.93269855,8.198687,-6.826046,11.64494,-2.900916,8.428222,-2.5558324,8.552049
G10_D04_F_17_furious_C3.wav,GROUP_10,0.034640991885359115,0.030911896934439805,0.10628779,0.06622935,1413.804270050592,1412.5187037924493,-0.025718833477159957,0.24115481363449523,1411.3704,1073.7052,-332.14594,79.89719,158.0468,53.708748,-23.14672,42.879356,-7.070722,31.36269,26.435652,22.935965,-10.507243,18.411285,-24.518776,17.15607,-15.225997,15.92938,-16.190805,13.091305,-16.347534,11.707138,-11.70568,8.420625,-9.32717,9.395251,-14.262427,10.232131
G10_D04_F_17_neutral_C1.wav,GROUP_10,0.03021409414978678,0.020181783212308953,0.041546654,0.04151105,1387.161918258823,1665.0431479736176,-0.021940734813224467,0.4085579134570111,1215.2467,986.49634,-404.84924,82.93424,150.6238,53.63631,6.2186627,37.789047,6.933346,24.978243,16.242582,22.658611,-14.854057,21.807955,-14.084727,14.906344,-7.4402256,14.472418,-14.152323,11.649515,-9.5539875,10.120042,-7.7149177,10.039032,-10.1227255,9.972855,-5.609408,8.075846
G10_D04_F_17_sad_C4.wav,GROUP_10,0.02982174580103359,0.03183340572743693,0.07059746,0.05578768,1208.4873370214912,1415.4765299544592,0.27762122675145295,0.5423455822917119,1116.3967,1108.5297,-378.98288,64.7261,147.83966,45.586887,13.759212,38.82905,24.055424,29.663105,28.346954,21.290588,-6.5451927,15.026916,-11.595032,14.3735285,-14.120645,11.910475,-18.416351,11.355419,-7.8848476,9.470678,-6.9786243,7.712275,-15.076227,10.869757,-14.021008,9.728194
G10_D05_C_11_happy_C2.wav,GROUP_10,0.05112465659340659,0.05204087004357814,0.09547262,0.0753431,2504.3894887895212,2853.930923907042,-0.1670638670407696,0.06281060895538451,1589.2719,1103.1138,-319.60205,94.51385,108.779564,49.97092,-25.42476,33.412544,13.990494,26.314281,-2.8177187,21.39316,-3.5668817,19.378698,-22.54083,21.146645,-5.29739,13.737431,-8.036759,14.2343855,-0.11975165,12.318228,8.325419,10.8885565,-16.306225,13.398014,-4.0908246,9.869036
G10_D05_C_11_neutral_C1.wav,GROUP_10,0.06254756616550695,0.06216462871532412,0.07746364,0.08647733,2950.6954347228075,3135.563837054853,-0.1587867360185899,0.1588126263386098,1573.3165,1069.7572,-327.2032,93.30562,89.83982,42.1566,-23.09884,37.29222,12.755327,23.759438,-6.514052,21.967062,-7.6970844,19.28782,-21.815145,19.888958,-7.253298,14.13897,-17.012663,14.746433,-5.2357187,10.963166,5.39216,12.4730215,-11.176065,12.111253,-4.9578114,8.78321
G10_D05_C_11_sad_C4.wav,GROUP_10,0.060525104498407645,0.05594487959025499,0.07784139,0.065057054,2822.487285923355,3068.555772918651,-0.4354286937345746,0.15473669407420526,1676.7913,1149.9796,-328.91382,99.57123,100.037254,43.20003,-24.684689,38.191475,28.995396,26.669432,2.6191146,19.451172,-4.448846,17.287085,-23.2117,24.529356,-4.9253573,12.067967,-15.900291,15.3425255,-3.1106808,12.042482,9.628188,11.163857,-13.670776,14.073785,-5.7934756,8.8119755
G10_D06_F_30_furious_C3.wav,GROUP_10,0.058616946258907364,0.06946181424845413,0.10521516,0.08666771,2436.748128605704,2640.5414484450084,0.18448762013513484,0.406364041978871,1632.6415,1185.1815,-323.43338,86.853836,127.897934,59.28419,-1.878899,31.253145,24.621832,29.0283,2.812517,19.673288,4.7754893,16.676973,-22.237545,17.472685,-20.313013,18.256819,5.9792776,13.115069,-9.780245,9.57815,-16.626638,15.440335,-1.3985927,11.377743,-7.8217134,11.104005
G10_D06_F_30_happy_C2.wav,GROUP_10,0.04514704730576441,0.04864031488723281,0.11843183,0.09648852,2003.1945333158944,2455.4541030857918,0.13409648515178776,0.32297787225551916,1561.5767,1149.1793,-326.1937,88.054184,130.38385,55.153194,2.1694794,29.062422,22.128313,26.665403,7.320939,20.314014,5.791311,16.674553,-20.502085,15.8142605,-23.995697,18.364794,0.08261327,12.426107,-3.5962617,12.58984,-7.0758085,12.890432,-5.7271047,11.138579,-12.099017,12.602016
G10_D06_F_30_neutral_C1.wav,GROUP_10,0.04659090909090909,0.04846975372301178,0.09672945,0.08701645,2220.82566670482,2735.684978772696,0.3551257108709165,0.4551795506200767,1255.2384,1024.6543,-323.19473,96.25284,138.53426,50.050014,4.672834,33.071766,26.142738,27.425966,-6.6001616,23.493576,3.6307764,16.79303,-12.101547,11.980729,-23.384052,16.365728,-7.667287,10.970352,-3.028012,11.637918,-5.913649,12.128781,1.7431544,9.476743,-2.9942763,10.3383045
G11_D01_C_11_Furious_C3.wav,GROUP_11,0.03626295357696281,0.030807408084421752,0.101167,0.109357946,1787.0441503749396,1929.7920578509427,-0.08204246597640563,0.48726376507310254,1497.9229,987.1312,-352.0321,90.31887,95.923065,58.047768,-12.577165,38.4259,4.252065,26.315144,24.046991,26.568134,-5.4169507,13.286397,-18.874859,18.473726,-12.547365,12.916875,-11.266123,10.642315,-12.205932,12.651268,-9.472154,10.415424,-9.848919,12.852928,-13.210153,12.507625
G11_D01_C_11_Neutral_C1.wav,GROUP_11,0.029007015156835205,0.022650003916985437,0.09549344,0.096050955,1485.2635836880045,1697.8342450857876,0.21866528144871536,0.45258001042614776,1389.497,981.04736,-353.87375,83.237114,121.92642,62.811928,8.796457,34.230106,0.9623662,30.473164,14.832988,24.323433,-1.3485262,16.917559,-8.640265,16.569817,-3.3658366,12.568276,-5.1132193,12.480761,-12.988264,11.421781,-13.581248,12.0740385,-8.307931,11.509913,-8.423188,8.731247
G11_D01_C_11_Shocked_C5.wav,GROUP_11,0.04206026517427885,0.04042620346853225,0.07866136,0.08280889,1724.6755427503283,1849.5580403400772,-0.3091392285202014,0.5460421982795391,1532.3408,1110.7205,-388.82724,97.14135,113.215645,56.96055,-12.817971,46.799633,15.020764,37.108788,24.579813,21.750294,-6.1445885,17.91309,-10.364736,19.027264,-6.3191686,11.549357,-4.0357556,8.667596,-11.694082,9.495548,-16.218021,11.876115,-6.3313,10.801988,-7.2087855,9.151664
G11_D02_C_16_Furious_C3.wav,GROUP_11,0.06118229666506718,0.053305549765342235,0.09502639,0.09329423,2176.313830220422,1872.4439991415297,-0.10370351244878548,0.38535077773923715,1866.8079,1152.5518,-328.5403,99.654274,109.74767,59.00624,-33.24388,46.472103,13.096437,31.278807,10.708217,24.38932,-23.889915,24.069128,-5.7417526,17.101606,-9.249767,16.086843,-20.515303,17.365469,-10.180615,14.313379,-6.704751,12.541793,-10.5169115,11.002282,-7.978707,9.106339
G11_D02_C_16_Happy_C2.wav,GROUP_11,0.05528500205592105,0.05100911044142538,0.13147713,0.12947513,2021.0688775808107,1763.0510753364924,0.08032491218620949,0.35601317871034516,1854.2739,1105.4232,-306.8562,89.659065,106.65503,58.04102,-29.429104,37.672016,-1.8258464,28.077936,9.259943,19.477686,-18.526033,19.395184,-10.447572,17.314985,-8.964911,16.351444,-17.800844,17.707674,-10.518218,15.754194,-6.5915747,12.357358,-9.921142,10.884487,-4.775002,8.58051
G11_D02_C_16_Neutral_C1.wav,GROUP_11,0.045769339685501065,0.041477528447122325,0.079514705,0.08212974,1789.8940983853856,1778.5290232905106,0.27807827956527864,0.5138680361279654,1738.983,1143.1228,-347.50943,85.23348,108.32549,56.01303,-7.1893616,41.51933,12.6373205,29.79906,15.312262,24.475279,-16.497875,21.083849,-12.116827,19.90214,-7.4658237,14.085977,-12.486105,15.237458,-9.8266115,12.562658,-8.134828,10.042531,-4.4998736,9.324844,-3.239603,8.949576
G11_D03_M_21_Furious_C3.wav,GROUP_11,0.03403542258522727,0.03401334746429037,0.09923908,0.096155964,1600.1429004162326,2046.0020211914568,-0.21363934052173264,0.39781663053595767,1489.1179,1137.0419,-388.44092,122.51186,129.0413,90.361534,9.969506,32.436638,24.16527,20.1756,34.60835,25.123854,11.667741,21.999008,3.7693098,15.959212,0.8765859,12.384619,4.4762516,11.008427,-0.008763085,11.216451,-12.052444,14.824365,-7.238157,9.883936,-3.004182,7.013084
G11_D03_M_21_Sad_C4.wav,GROUP_11,0.03209635416666667,0.022888096426338645,0.059468042,0.071533956,1727.7078240232356,2180.8461112055966,-0.09222068764831584,0.5295449800597131,1504.9362,1037.4817,-416.9085,127.169586,129.786,84.78753,2.6161022,38.217194,12.015828,16.43005,27.816967,25.120445,16.639486,16.82044,8.559899,10.68699,2.0465946,12.897004,7.4144807,9.099171,0.7473638,10.62226,-9.358801,14.73034,-2.0216625,7.89743,-4.3730702,6.917299
G11_D03_M_21_Shocked_C5.wav,GROUP_11,0.04439242493872549,0.04415907982610221,0.0843645,0.09696291,1731.1284139162785,1880.8906440012934,-0.18611825315618155,0.39266313321001484,1562.7213,1089.7433,-363.3744,115.33748,136.4511,82.10603,-0.34544462,35.963966,17.321762,25.570581,20.9939,21.289196,3.9407294,26.916754,5.1244416,18.185436,-9.101573,15.666786,-7.4427376,12.550526,-1.9887283,9.9084015,-12.353104,15.395923,-6.6106524,10.908994,2.9438243,9.490021
G11_D04_F_24_Furious_C3.wav,GROUP_11,0.040054771280160856,0.051630290875297004,0.030538334,0.022208402,1513.8953893854634,1641.7963689887251,-0.0359492122569302,0.4441716620577746,1674.4904,1178.9678,-476.6032,64.70477,141.19353,55.87612,13.57657,39.079727,11.829361,29.759449,17.597286,23.42451,2.8659086,17.13124,-1.9736536,19.387794,-13.307395,14.817377,-18.690863,13.5098505,-13.184018,13.047354,-6.5491447,10.013376,-4.1914325,8.164762,-6.819464,8.568364
G11_D04_F_24_Happy_C2.wav,GROUP_11,0.030309511048812667,0.03527996296611617,0.041590277,0.025790943,1273.692948316309,1526.1989190279571,-0.1534628433482553,0.06911373169636062,1492.7257,1103.316,-468.04797,64.75747,157.7009,49.942,16.805208,29.245749,-0.90964544,26.35261,1.9110296,20.257463,-7.5013876,13.979398,-12.702744,16.058128,-16.533392,17.096605,-6.8750067,11.186829,-8.996077,9.559072,-19.404184,11.478483,-10.926766,8.729886,-4.5157604,7.8602386
G11_D04_F_24_Neutral_C1.wav,GROUP_11,0.03636474609375,0.04132639363922267,0.031137975,0.024999127,1407.688967448791,1558.7919343454084,0.25194923776484346,0.5037657403721533,1402.581,1118.2688,-475.5848,61.24275,147.41122,58.64454,32.747696,34.556755,5.837223,32.95395,-1.8282497,25.480534,-4.2825127,16.974117,1.2675653,20.407063,-7.8233666,15.13277,-13.999807,11.441869,-14.250714,9.938495,-14.185171,9.236396,-8.7255745,8.77418,-6.749841,8.33985
G11_D05_F_20_Furious_C3.wav,GROUP_11,0.03576726861338798,0.041887771833483356,0.09801504,0.076159246,1601.5433041651063,1695.5319959866579,-0.2728499633333373,0.19028792930141286,1258.0469,1114.9768,-346.84586,88.803375,136.67001,60.049488,-11.7467985,41.56485,15.770099,28.596796,15.442823,25.887438,-17.430307,23.711473,-4.1871758,19.11254,-0.362865,15.842124,-15.97157,14.842462,-23.609657,15.797365,-15.348248,9.825937,-7.6927953,9.196655,-14.257283,10.498582
G11_D05_F_20_Happy_C2.wav,GROUP_11,0.03891787710777126,0.04573713340025187,0.09316067,0.07379132,1643.4625632408488,1633.0460002127936,0.37219913202048754,0.010513414485775172,1453.0918,1161.875,-354.78873,78.620224,124.53496,54.777004,-17.301725,36.4342,7.992916,27.565878,18.51346,23.532175,-10.059322,23.114285,-9.463631,14.937519,-11.281418,19.824888,-21.150618,13.386287,-23.628914,16.507145,-12.904494,10.8037,-4.876983,9.619633,-13.344538,8.527208
G11_D05_F_20_Sad_C4.wav,GROUP_11,0.04172694830246913,0.04657414906777421,0.073731035,0.06025229,1603.1314308177975,1630.3072327477419,-0.18893147244123507,0.456419337643398,1571.9495,1288.1548,-391.97806,77.72886,125.34119,55.99159,3.181363,47.22771,33.111935,35.274418,30.721542,19.014505,1.8476403,17.560303,3.82746,20.23096,-10.234094,14.863731,-21.803303,18.547075,-14.412707,14.873071,-5.9193277,9.054218,-3.7774951,9.76936,-9.59851,9.4554205
G11_D06_M_22_Furious_C3.wav,GROUP_11,0.05116984049479167,0.039859088062669364,0.070619,0.09230355,2154.05080043542,2505.593143105351,-0.07295507736128234,0.6464272935413344,1751.0803,1123.604,-396.37772,123.81641,100.01742,93.38767,-0.3564516,35.778633,9.267675,20.321611,18.261469,22.195871,-3.2036154,18.171165,1.6440043,14.23592,9.703088,11.756158,-0.22881235,11.470583,-7.4033113,13.114201,-6.973309,11.122409,-5.7741556,10.537547,-3.995633,8.8711815
G11_D06_M_22_Neutral_C1.wav,GROUP_11,0.039625901442307696,0.03229989066338122,0.045096774,0.049827065,2055.8952727990104,2354.370648491915,0.09459885503253249,0.5055901630532502,1637.1337,1077.7823,-462.7436,126.462585,145.47452,96.9804,3.3324337,35.305138,13.066596,23.257223,23.87718,24.902674,0.14539726,19.572588,9.145225,15.734838,11.794985,12.127901,-3.4780939,11.0509405,-4.4627953,11.782734,-1.3932724,7.9971375,-4.2333403,9.084666,-3.5187397,8.530316
G11_D06_M_22_Shocked_C5.wav,GROUP_11,0.045469753747323344,0.045706150590051106,0.068407886,0.07314887,1982.42249676111,2192.273322362452,-0.08875618215023813,0.4875275882040978,1585.9907,1194.5374,-385.27472,127.26247,131.25887,83.20529,-15.261627,41.624897,25.526377,27.876312,29.504082,19.35681,-5.805536,22.437162,2.577756,19.415342,0.30090463,12.555136,-8.930546,14.326621,-6.0057445,11.244859,-1.3194076,7.7259917,0.03585456,7.983818,-5.0037775,9.793439
G12_D01_K_23_Happy_C2.wav,GROUP_12,0.03164419383305648,0.031009506854254607,0.033740498,0.018262891,1688.1055816845626,2711.677120679988,0.30676566429436775,0.3543717330826278,849.1505,735.18384,-405.45163,51.181942,172.85417,31.287605,-5.08382,25.82559,17.881025,23.482458,18.372934,18.696737,3.4738505,12.615001,-15.756792,14.280222,8.414257,11.768095,-11.046236,12.056011,-11.973235,10.236051,12.783051,13.036676,-9.416596,9.848704,-2.4231317,8.246571
G12_D01_K_23_Neutral_C1.wav,GROUP_12,0.032370598266961655,0.02634921026194208,0.017092783,0.009141249,1834.4638433694306,2981.773402592283,0.40905014512704724,0.14784688234329932,926.8073,706.47473,-456.59448,59.16605,168.87863,34.80856,-12.590954,28.25303,15.490508,21.0871,11.307878,20.381239,3.3424609,13.869657,-2.2662313,15.444037,7.9759336,8.608197,-4.3734093,8.562695,-8.438781,11.290104,17.378736,13.434691,-6.017778,9.241815,-2.4781733,8.254176
G12_D01_K_23_Shocked_C5.wav,GROUP_12,0.046259742538416075,0.0456420336889439,0.027570702,0.016115006,2574.5226685128046,3554.0054520059457,0.035019127831513126,0.3480192122790278,883.07825,677.8768,-416.5214,54.334282,136.55176,41.74623,-2.4650586,22.456844,17.96896,27.966747,6.149113,22.031706,12.708474,10.957478,-18.55364,16.2054,15.388243,16.162352,-7.491131,11.280447,2.3691158,11.785573,2.678924,11.357507,-4.8232484,12.369055,0.1257734,9.491038
G12_D02_K_21_Furious_C3.wav,GROUP_12,0.03437440088190184,0.04752396884688881,0.027191335,0.013224486,1962.7156631738344,3069.395932999857,0.17920535362616244,0.4085887818556225,751.36835,673.33264,-417.48615,48.62584,153.48627,35.884064,9.268225,20.61624,22.912743,21.74695,5.0193877,19.134888,14.10695,17.763617,-4.547704,12.340422,10.661587,13.79306,-13.635131,12.322927,-22.7948,11.819103,0.3662996,9.429643,-6.0851893,8.026842,-10.611505,8.628423
G12_D02_K_21_Neutral_C1.wav,GROUP_12,0.023411314570189273,0.021243435843900402,0.018659877,0.009315324,1737.3831888960053,3164.3882757204547,0.48391381676625034,0.6265712731894605,724.1978,590.73724,-456.3637,39.771877,171.05804,30.044886,9.804551,23.772047,14.741464,20.38633,13.654337,18.870504,18.83514,12.988955,-5.95707,12.56441,8.598433,9.665457,-5.6187134,8.019826,-17.036705,10.722728,3.281699,9.628337,-3.1269877,9.65513,-0.88474745,7.333205
G12_D02_K_21_Sad_C4.wav,GROUP_12,0.022439765413279134,0.018731911371132,0.014332325,0.008894537,1954.3802186172975,3628.2648697188934,0.6299629977556148,0.6927870703584681,826.8626,1057.7136,-496.4627,43.515488,145.2435,28.719927,13.875124,19.502935,33.753334,18.452944,31.365635,12.053308,19.099903,10.278059,5.383483,12.986404,5.3298,9.029688,-12.068626,13.052303,-11.496067,9.8525095,2.585417,7.7813997,-0.45635664,10.502844,-2.5037754,6.337868
G12_D03_E_21_Neutral_C1.wav,GROUP_12,0.07054703958918539,0.06453656499703024,0.0028300318,0.0018654446,2788.6082929261524,3060.8098295404807,1.103181932876386,0.6421069744884697,1653.0696,1164.4597,-575.6501,55.87458,144.0492,49.024166,-34.725613,33.06768,62.846516,23.013853,-7.7410307,15.900935,24.804419,19.047054,-18.224266,15.69125,-2.9049354,11.425613,2.4193954,9.66209,-0.46622682,9.35752,0.4881009,10.066997,-14.619118,8.928767,7.017348,8.5639715
G12_D03_E_21_Sad_C4.wav,GROUP_12,0.06927599878368264,0.05851358174501034,0.0037513112,0.0020442854,2710.609459316397,2826.5085767222427,0.15237825196109892,0.45210227129035835,1806.811,1178.8337,-547.85114,56.576508,146.53683,49.535603,-49.834534,39.596066,62.352592,23.568733,0.22872093,16.774517,35.650173,15.766756,-9.906363,11.301608,-2.220876,12.851717,3.2187548,9.338432,-3.5188859,8.370124,-0.09310825,10.329546,-12.729187,9.762035,5.4283595,7.5955205
G12_D03_E_21_Shocked_C5.wav,GROUP_12,0.0790758634868421,0.0702128739224511,0.0047662244,0.0031973578,2864.4443231984583,2687.227892478757,-0.028710567699595884,0.3805240028412615,1998.3965,1202.4076,-529.62616,62.080235,137.87619,62.30958,-56.620693,40.82578,60.878872,29.292225,-1.1970154,16.245798,20.920607,21.276886,-17.287184,19.120977,0.31037474,8.976737,7.1401434,9.03621,-12.310214,10.57246,-1.6689013,10.998746,-7.185555,6.976576,3.2873406,6.5189896
G12_D04_E_61_Furious_C3.wav,GROUP_12,0.04072529560810811,0.05021033441876813,0.2413454,0.22067335,1669.5944559786583,2288.264500804243,-0.4005905505123542,0.4636241477820442,1273.9601,1027.0082,-240.40378,103.34613,133.7129,54.77348,2.2334507,41.279736,8.185709,29.149956,7.586921,24.1141,5.3366585,18.838713,-0.24168132,15.066048,-5.1050224,13.4904175,-12.386737,12.251297,-17.722057,12.350182,-11.693152,10.732444,-6.080827,10.871135,-4.1231995,10.446882
G12_D04_E_61_Happy_C2.wav,GROUP_12,0.041692578772802656,0.05671635948927595,0.14102736,0.09670512,1693.1063187513755,2300.5700529512665,0.09605729895131747,0.03840174496257202,1497.8363,1047.2999,-303.30103,55.437687,115.97038,38.78981,0.8439164,33.104614,8.3060875,21.118198,17.001299,21.274366,7.232893,18.244036,-5.4540095,13.379225,-8.320516,12.604348,-8.9425125,12.093568,-8.772275,12.857854,-13.087449,11.50735,-16.59731,10.616377,-12.128758,11.53341
G12_D04_E_61_Neutral_C1.wav,GROUP_12,0.028992681393678162,0.03382970196899585,0.06243657,0.053259578,1497.9921121222646,2531.5001028720912,0.19490707953744016,0.3598885681592188,984.457,926.0582,-376.3306,63.01237,160.46193,46.272255,36.534657,27.249062,19.238432,19.703796,21.49253,18.184376,7.150487,16.666103,-1.5481057,14.81736,-1.9475429,10.91819,-12.729245,12.574445,-12.179879,10.631031,-5.257059,9.56028,2.8408442,9.726879,-5.536482,10.591827
G12_D05_C_8_Happy_C2.wav,GROUP_12,0.033934916020671835,0.06139015658177942,0.053310364,0.03463057,2383.920641364453,3171.480848606792,-0.6868715431740398,-0.10840879631710346,1273.5935,1061.2206,-447.86984,105.3719,116.61416,75.68193,-11.040493,33.5773,9.288435,33.797913,-3.7119968,20.74898,1.007024,17.6372,-12.587538,16.36533,-8.924224,14.068806,-5.5319614,10.169856,-16.699892,18.319088,-9.279041,11.251717,-8.88672,9.424385,-12.694447,12.502086
G12_D05_C_8_Neutral_C1.wav,GROUP_12,0.03998850083210059,0.03729134409174275,0.046407476,0.03735931,1799.9690743428105,2318.1810706238325,0.5082775965884361,0.270912272289429,1148.2644,887.7805,-371.7073,69.67376,142.24255,40.41381,-11.2397,35.729935,-3.349271,31.271963,-1.579706,19.57658,-8.577682,18.857073,-12.648244,17.928305,2.2562957,12.57172,-10.86327,10.943377,-10.999073,11.871087,0.3844815,10.022842,-6.839819,11.0847,-9.565924,8.906708
G12_D05_C_8_Sad_C4.wav,GROUP_12,0.046689789870689655,0.05818884034152653,0.034745123,0.022246907,2160.3057994334245,2704.9060886778866,0.297604356296442,0.25517860584833074,1481.248,1280.0208,-398.84058,78.88887,132.19849,43.037556,-12.517372,33.34298,35.80407,31.447754,8.2552805,17.681973,3.965751,12.872038,-19.518465,22.80301,4.6543846,12.676558,-13.607413,12.917205,-9.913549,13.675212,-0.9075336,11.870793,-8.551851,12.558583,-2.9326055,7.6859164
G12_D06_C_9_Neutral_C1.wav,GROUP_12,0.10039946364514349,0.15604068459031448,0.01754673,0.014522104,3141.465102750279,3393.6323253872083,0.4034317025594074,0.4631022864765475,1327.1311,950.7031,-514.89984,76.78115,113.97324,53.94876,-12.117353,40.62558,-3.1213787,35.53287,-0.9273556,21.046556,-19.099644,17.99239,-7.109534,16.736736,-13.774922,13.33817,-24.082308,14.228049,-9.394379,13.527725,-2.8989394,12.634271,-9.521744,11.465783,-11.63402,10.6070175
G12_D06_C_9_N_Happy_C2.wav,GROUP_12,0.09662776393149285,0.14705379920971967,0.024978844,0.018746331,3055.5175067891464,3315.6421370007615,1.746770668857126,0.5815820495013314,1517.6361,1052.4485,-501.29428,78.40689,106.31246,53.437542,-19.498579,38.673298,-3.3535538,32.40815,0.7153773,19.399977,-25.548716,22.170166,-11.465036,14.802768,-9.976943,12.637227,-25.919945,16.068413,-18.601946,13.909581,-9.249332,14.393105,-9.849541,12.0495405,-8.739962,10.797404
G12_D06_C_9_Shocked_C5.wav,GROUP_12,0.12338994249535316,0.14035177875491886,0.0142165525,0.013869105,3749.703928190871,3826.4346109863473,0.1700317108421206,0.5704503711423796,1722.3062,1158.3468,-548.0868,82.64516,95.060295,57.190975,-27.86078,42.623074,6.078097,41.33436,-0.22941868,19.684706,-27.18632,22.658167,-0.6324953,20.061083,-5.2164755,14.519215,-19.740002,14.875028,-13.770602,13.539659,-15.079963,12.94679,-14.6069975,10.294992,-7.423425,10.937135
G13_D01_M_22_Furious_C3.wav,GROUP_13,0.02596701715225564,0.05386560425014675,0.018618468,0.018092163,3062.1514791632467,4287.583658685358,0.44690453306837996,0.47214265170925396,1203.3556,1151.1755,-486.69626,120.57331,110.867905,64.318954,10.912271,26.572878,39.353638,23.97718,15.433183,18.172268,12.136847,17.422445,4.578867,13.276152,1.741859,12.456614,-2.1396892,14.113834,13.154137,7.8786664,-9.152054,12.569464,6.2093377,9.22531,-1.441756,8.560434
G13_D01_M_22_Neutral_C1.wav,GROUP_13,0.025819290515988372,0.04365613055421235,0.012759397,0.010656559,2906.0807595482006,4271.4300599429835,0.5949506457552527,0.4656354967136548,871.16223,798.66644,-494.21542,101.687904,114.20371,60.2049,19.43882,24.059097,38.228794,20.079405,13.955606,19.695765,22.308374,16.514774,3.5767064,14.883323,-0.22659987,16.11746,0.7974357,12.269247,10.420875,8.268506,-1.2492332,9.1363,9.207725,8.128776,1.8526382,7.501944
G13_D01_M_22_Shocked_C5.wav,GROUP_13,0.049455322783970274,0.08061410150117251,0.017355688,0.015708365,3499.5936047996734,4151.418207294106,0.0873548899304386,0.3743941045278135,1111.8646,1055.6154,-460.93802,111.96952,104.33763,70.66533,6.1777964,24.860682,41.883957,30.23857,4.6464763,19.762579,13.920796,18.538654,4.3761806,11.756049,-0.5216966,14.606299,-4.1594167,14.37873,14.312898,9.265739,-8.186092,11.222372,6.0054646,7.5068526,-3.2886562,11.431347
G13_D02_M_22_Furious_C3.wav,GROUP_13,0.03816342293765743,0.05560232151147457,0.09703846,0.087527454,1509.368840186295,1489.9760472031733,0.35975572475428674,0.09623649143475606,1517.9021,1108.4937,-348.47592,122.45785,145.34059,88.137985,-10.260708,39.70271,11.047838,29.092775,16.31591,20.378843,6.973121,20.500088,5.6567407,17.965094,-11.95262,14.003763,11.378009,13.305196,12.73336,11.470101,-24.269653,19.601234,-5.611126,10.921323,7.7781377,10.788618
G13_D02_M_22_Neutral_C1.wav,GROUP_13,0.03015560728976234,0.0455835907594267,0.036141183,0.035706624,1381.0927719001188,1578.408208141715,0.05355438154397613,0.37760428558598547,1291.1011,1038.164,-460.18143,136.0016,127.79465,99.379555,1.6401598,32.535633,13.314105,24.450567,6.945205,16.626698,-3.8783095,19.48849,6.0348716,17.526134,-3.458044,11.866714,6.9102445,13.650231,3.107326,9.651097,-17.985363,17.581415,0.62890047,11.871483,2.457675,10.098774
G13_D02_M_22_Sad_C4.wav,GROUP_13,0.03194552277432712,0.045968289331441155,0.037644774,0.038683396,1601.0187621893353,1840.003758201726,-0.19408341219215947,0.21448140449447983,1594.3649,1145.8851,-438.28784,125.461494,118.6995,88.876625,-8.529153,39.66049,14.7758255,26.935642,21.23316,21.061146,11.427688,17.91925,10.1255865,14.431056,-9.888781,13.2454605,1.534205,8.968635,4.4979978,9.68046,-15.257545,13.602938,1.5335104,9.4818325,1.3666537,7.902867
G13_D03_F_17_Furious_C3.wav,GROUP_13,0.024807373526522594,0.05279290280505691,0.021188665,0.023489393,2850.9478523351527,4183.065383658318,0.04311061941361305,0.5406390818383466,802.12787,810.0123,-491.85837,90.87177,91.30346,55.743073,22.70699,23.940046,24.668316,21.527243,10.076631,19.109266,13.91727,13.358387,4.0494175,15.720175,-2.36595,16.93455,-1.4265549,12.992183,-0.43020695,11.634387,0.6203176,8.929456,3.1643684,8.515218,0.14933623,9.323242
G13_D03_F_17_Neutral_C1.wav,GROUP_13,0.02079286803637201,0.04416333392414532,0.013997713,0.014680028,3210.797906203695,4657.211772098042,-0.1415889055266537,0.5030095843148876,905.05676,768.88464,-511.90436,97.042076,93.22669,43.762703,11.374279,22.88667,26.026348,19.91289,7.4111614,23.490393,11.110808,11.346679,3.3071377,17.685389,8.380623,11.062832,-3.7878098,15.226636,2.1733177,10.864601,-2.04804,10.4114275,9.642055,9.070802,0.44143447,8.723842
G13_D03_F_17_Sad_C4.wav,GROUP_13,0.028271484375,0.0482544747015126,0.013909797,0.013091064,3049.1954651578185,4380.302439830488,-0.16651351096589,0.4556829435326943,1183.0051,1202.0299,-515.7741,90.77395,92.8825,47.195675,13.1505165,25.614498,36.495186,27.202,14.136444,16.608238,15.250191,11.430529,4.835497,17.118212,1.3175578,14.045214,-1.0476071,12.677302,4.127484,11.163914,-4.237085,10.988714,6.3718357,8.250202,-2.2538059,9.438812
G13_D04_F_28_Furious_C3.wav,GROUP_13,0.041594035243407705,0.045774034419832,0.09352054,0.1117506,1791.9210121161664,2023.7657590692388,-0.09470776406204053,0.5628779482508374,1469.029,1093.6461,-371.5742,98.533516,101.489044,75.8086,8.711238,33.190037,8.391901,24.526844,8.458268,16.976429,-0.28151223,15.753078,4.657624,14.866263,-2.848206,11.863469,-12.512119,15.901344,-11.519745,13.966213,-7.1059756,10.619192,-7.28483,11.268898,-8.883252,10.751557
G13_D04_F_28_Neutral_C1.wav,GROUP_13,0.03502555373394004,0.028644793562103355,0.07225027,0.07142352,1522.8947266790128,1769.6965333301616,-0.24338662846601458,0.4493377395618651,1411.1014,1028.7428,-406.47647,99.10543,136.79192,71.81535,7.9980845,38.618896,6.903291,27.336767,20.095493,20.873463,4.8786545,18.232346,-3.5154583,15.681441,-14.783796,15.595751,-15.315014,15.102878,-2.703109,9.927808,-2.911945,11.14688,-8.642138,11.240418,-4.4373317,9.455168
G13_D04_F_28_Sad_C4.wav,GROUP_13,0.038407269646139705,0.04445837573530287,0.06784192,0.07118474,1720.2735005991715,2091.0862739079225,0.4056587579756824,0.7489848437133483,1351.4026,1087.4507,-414.32245,110.46501,119.462364,73.08762,5.005479,45.42578,24.337538,29.03069,19.95329,14.637262,3.5717404,18.446949,12.787857,15.150026,-2.1446218,11.980752,-14.156072,17.997486,-8.604376,12.980156,-6.3622303,11.38413,-5.430754,12.085531,-4.1257706,8.810451
G13_D05_C_10_Furious_C3.wav,GROUP_13,0.040186342985733696,0.0439881306462793,0.11820407,0.0994036,1728.6567963095902,1638.4055221043666,-0.23926836243375812,0.2031446243794464,1732.4552,1138.354,-338.77835,78.699585,100.709145,54.078968,-9.054062,38.614964,0.22647658,26.71517,4.73813,24.405554,-13.7992,18.944416,-12.827594,15.642204,-13.580498,15.094437,-18.49076,11.269115,-23.724167,14.399242,-19.945536,13.119145,-9.281532,12.890379,-13.041021,10.955102
G13_D05_C_10_Neutral_C1.wav,GROUP_13,0.03394632711038961,0.04167584781397354,0.08841,0.083510146,1549.4601879300492,1618.3096395351076,-0.08079328758724559,0.24142246311433802,1380.3667,1034.9645,-357.4873,79.712906,119.25622,48.779514,2.6575527,40.169117,-0.80400187,30.219221,2.3685796,27.352158,-5.1521826,19.267218,-7.071431,16.603146,-14.846979,13.6045685,-13.8590145,10.490622,-16.831211,12.167283,-17.019352,10.949708,-8.120758,12.111396,-10.940091,9.578527
G13_D05_C_10_Shocked_C5.wav,GROUP_13,0.05957344921038544,0.06109182485682244,0.059647396,0.055937998,2165.324067140818,1966.8074856255212,-0.5284016062819222,0.17171882999604668,1769.9227,1147.4832,-430.0692,85.86865,108.93968,61.098,-21.861885,36.662727,3.0091462,36.526615,2.4103246,27.24274,-12.85792,18.865868,-4.172109,17.576805,-10.766319,18.62302,-10.93226,11.388431,-14.582311,12.3629265,-16.470213,10.89438,-8.837694,11.103329,-15.951483,11.619534
G13_D06_C_14_Furious_C3.wav,GROUP_13,0.04281677773775216,0.04829150304702996,0.10385944,0.07556893,1899.7755165810815,1974.3913101087578,-0.31968151394706157,0.1978407372308902,1622.4905,1099.6246,-359.2971,103.77772,116.90417,65.62557,-17.220465,36.432556,11.516325,27.946384,-8.617427,23.958704,-20.997894,24.919504,1.9399377,14.643003,-12.409495,21.211916,-17.510197,14.495091,-13.469919,12.97687,-11.707644,10.318497,-9.221854,12.460529,-17.310879,12.810924
G13_D06_C_14_Happy_C2.wav,GROUP_13,0.04013123804209184,0.033276115053256505,0.1330274,0.10053325,1807.5368051675894,1782.5968536798327,0.11703472396132199,0.1027135876970852,1722.4016,1101.1807,-352.22302,97.922516,126.247925,69.399445,-24.329062,39.77209,-8.491163,30.923565,9.516995,23.508331,-15.106986,20.986015,-15.519669,15.731965,-7.416531,16.808973,-9.3952465,13.524087,-17.050617,16.16806,-12.962132,10.136029,-4.249522,12.437459,-13.280527,10.21673
G13_D06_C_14_Sad_C4.wav,GROUP_13,0.03889634874131945,0.04310920813169144,0.085761674,0.07082047,1709.917735495653,1859.4310022757038,-0.31635448846468817,0.2106149010187198,1671.7092,1148.3269,-390.99753,86.23881,119.711266,58.854385,1.4006859,40.36882,19.48619,28.278746,10.484344,20.463785,-2.165661,14.647712,0.5623202,14.499169,-18.548197,17.571293,-16.914536,14.046376,-11.709159,13.150752,-12.081347,11.637654,-7.424072,10.305879,-17.49075,10.813116
G14_D01_F_27_Happy_C2.wav,GROUP_14,0.07358790488138686,0.08014709882830208,0.19549178,0.16244945,3418.952534311428,4047.5429776199094,-0.6841036804795022,0.179046813310761,1385.8563,998.0508,-309.8683,96.44668,80.669525,50.41539,0.83295923,27.7298,13.017552,27.648542,-12.610566,20.694374,-4.908104,18.179281,-10.891992,19.213675,-16.569143,21.554047,2.6943252,10.348496,-19.909777,19.060143,-19.293016,15.126959,-6.7873616,10.78902,-23.317186,13.773128
G14_D01_F_27_Neutral_C1.wav,GROUP_14,0.075111370687046,0.07137023235927935,0.15924294,0.14185414,3238.9079138129637,3650.1417011957615,-0.5015964241463987,0.2957618327878172,1537.9645,1087.8903,-301.09457,108.37325,112.70041,65.86784,0.5216212,31.40995,15.797836,28.294195,-5.90147,22.207869,1.642083,17.277401,-4.719096,16.212978,-16.540625,21.616966,5.068213,10.487795,-7.4263554,11.570157,-17.227875,13.525626,-5.2431903,10.598474,-15.150079,11.537308
G14_D01_F_27_Shocked_C5.wav,GROUP_14,0.10307308687363835,0.11926527426905147,0.21306555,0.17452517,4144.503277234656,4279.238396082626,-0.4703839468674073,0.36130802981229754,1471.7264,1060.1465,-276.35785,101.94515,62.928577,61.527916,2.1372507,24.382034,13.175287,31.041016,-16.76472,29.191483,-3.8743005,16.71311,-2.0948465,15.9245,-8.727784,18.633442,-4.0912027,12.070502,-18.357788,17.73,-17.825972,14.220856,-6.1470566,10.978508,-23.779978,13.497183
G14_D02_F_28_Happy_C2.wav,GROUP_14,0.03839680466237942,0.055234140047321745,0.08933014,0.08809992,1882.850832857853,2455.5377774358612,0.1701958781191854,0.572992265131281,1241.7173,1192.2131,-355.0537,83.359146,115.56221,49.015842,14.832238,38.55996,40.989307,27.28751,22.653374,18.55291,5.860276,24.091705,-4.876585,20.819304,-3.6954985,17.843393,1.049982,13.45643,-10.258634,18.873365,-2.3382163,10.858719,-2.4325147,10.41114,-11.6585865,13.261785
G14_D02_F_28_Neutral_C1.wav,GROUP_14,0.036728380460640135,0.053313299982159536,0.050619252,0.066465564,2336.875159473112,3343.1677104921614,0.7276707190115105,0.6276850224138224,831.7279,909.75323,-365.76904,83.53547,105.09644,46.13974,38.40842,25.37314,39.44448,24.809744,3.4993236,22.350122,1.305735,23.290457,9.912087,15.531193,6.36652,11.944651,-1.0581081,12.7234,0.2797439,12.480498,-0.6108711,9.022515,3.0293486,13.016255,-0.47637674,8.958555
G14_D02_F_28_Shocked_C5.wav,GROUP_14,0.04660350468312325,0.06706504180666523,0.09068308,0.103539824,2029.7609165282092,2569.619720400678,0.5138285791888058,0.6262092698329679,1374.9974,1296.9152,-345.61673,72.27835,101.51479,42.63908,22.36032,34.077545,50.92251,32.615757,17.721697,22.481615,5.9183545,23.400806,5.6731367,15.475435,2.1918755,15.593673,-1.2103808,12.615928,0.14828576,12.064024,1.7155763,9.956945,-1.4788908,10.120388,-2.9371026,10.4096575
G14_D03_C_16_Happy_C2.wav,GROUP_14,0.07093059017126789,0.09127726667317969,0.13097005,0.117271416,4237.991724479857,4400.477546703402,-0.628885520436981,0.24215531273041346,1712.1254,1126.3817,-323.7966,128.99559,88.65583,64.31232,-8.561761,27.56478,5.247641,25.682678,6.73566,20.410862,-11.922369,18.858904,-23.233313,21.059835,-8.570552,11.374864,-14.378756,13.842433,-23.358528,19.22881,0.5206472,11.302323,-14.868937,11.989648,-3.0972464,8.387623
G14_D03_C_16_Neutral_C1.wav,GROUP_14,0.06656161221590909,0.07889795615165612,0.07105788,0.08444214,4718.347367601099,5106.602638703466,-0.38338842582962546,0.49600206258359103,1624.9553,1118.5477,-351.619,121.901405,81.15813,62.054012,14.239763,26.706097,4.813457,23.056498,3.9788275,18.60682,-4.9543667,12.862592,-18.933138,19.73032,-5.4634314,9.150119,-10.486847,10.185958,-7.8489933,10.45588,-1.8983333,10.514744,-13.628381,11.848503,-1.464859,7.6004286
G14_D03_C_16_Shocked_C5.wav,GROUP_14,0.11255208333333333,0.14706641902332085,0.08360398,0.08010909,5551.047089686798,5397.5017924775475,-0.5411796195966804,0.3573036946416785,1532.506,1115.342,-310.64325,142.05493,62.787357,62.556126,6.4508486,26.333889,-0.44649008,29.962849,1.9649858,21.254307,-11.3631315,20.454985,-17.314024,16.430618,1.2563083,11.386537,-17.654377,12.707198,-17.582726,15.843839,5.7489147,11.52251,-8.628084,9.639655,-6.8703127,9.993455
G14_D04_C_16_Happy_C2.wav,GROUP_14,0.03232164884868421,0.05261762214369745,0.10101238,0.09144491,2009.8078577284646,2328.676497648774,0.37045750662746507,-0.0374430853555306,1512.3544,1195.731,-323.7899,131.46193,101.83466,79.94525,-19.384996,31.633364,13.567053,27.542091,10.475786,19.930202,-4.845114,17.0723,-5.503031,14.500202,1.1569033,13.811902,-3.3972878,11.134684,-17.31867,17.291998,-14.366023,12.658362,0.8635071,10.745444,-15.4916525,14.601621
G14_D04_C_16_Neutral_C1.wav,GROUP_14,0.03087357172356828,0.043480783704419435,0.064367995,0.06933297,1543.365987112914,2067.136208773447,0.37849842730968397,0.5203636556349831,1207.7588,957.84534,-355.02393,142.25682,106.38268,84.364075,-3.3321357,29.165524,9.3794985,25.426374,1.8828354,18.244825,-2.6587033,16.261951,0.25643268,12.97883,3.887457,13.258523,-1.2211721,8.859438,-13.931588,14.862324,-8.327324,12.396155,3.774805,11.425577,-8.292999,11.06182
G14_D04_C_16_Shocked_C5.wav,GROUP_14,0.03817970165307971,0.06158484092953082,0.048677947,0.060920943,1832.4332350558075,2040.548891949895,-0.08717821613007017,0.6463188120484789,1756.404,1271.4131,-397.42532,152.03337,73.55897,82.16095,-12.388835,24.921097,11.66975,28.913473,8.11029,20.210196,0.3526545,14.012662,-3.039365,11.826005,8.428832,12.409306,-2.386052,8.548259,-10.340746,14.172916,-4.2019343,7.721239,2.710677,9.652095,-9.009716,10.973518
G14_D05_M_21_Furious_C3.wav,GROUP_14,0.07784901494565218,0.07839763743156673,0.11073344,0.10764962,4060.912428578264,4558.126326712623,-0.08491865496157687,0.4570034370925207,923.4312,819.59393,-300.0347,136.41765,107.1085,63.821194,10.125223,29.464882,28.294752,22.819908,-10.436208,19.585611,-5.5529428,17.905405,10.761347,13.9641485,-13.754702,15.095071,-13.006184,15.04987,-2.9458263,10.594862,-13.768973,14.210765,-4.3385067,10.1310425,-3.727624,8.486008
G14_D05_M_21_Neutral_C1.wav,GROUP_14,0.06476224362080103,0.06132545072528712,0.085865915,0.09678854,3615.003427484654,4531.890263468574,0.060491079915707804,0.4491100035373253,1033.1935,942.76263,-318.77548,121.911835,113.6355,52.507767,12.928555,30.968473,29.62577,24.237303,3.7950342,19.502806,-2.9801776,17.33772,-8.0162,16.291132,-7.295013,11.902444,5.708144,10.616499,-10.391395,10.407371,-16.624998,14.963581,0.8817976,9.454453,-8.108844,9.024791
G14_D05_M_21_Shocked_C5.wav,GROUP_14,0.07066000661542339,0.07864877345486636,0.08206377,0.08604164,3521.687870805044,4351.3055986296895,-0.14595114122740196,0.4998446556832726,1305.715,1191.4291,-314.66644,123.68724,111.361046,56.002407,3.2482378,41.3782,30.290031,25.9523,-0.24619466,23.00131,-6.863225,20.049444,-4.5675836,14.643919,-5.1748457,10.3757715,0.12004557,9.471661,-7.5744314,9.703112,-10.598942,11.219428,-5.284415,7.0294833,-3.990534,8.928052
G14_D06_M_25_Happy_C2.wav,GROUP_14,0.0461010979217233,0.061328302898006386,0.0931107,0.07374144,2548.4789271333293,3578.5111098057223,-0.2262661608394748,0.0584306809812838,1315.7571,1066.1036,-339.44635,105.592026,123.32748,60.868282,24.974798,30.406206,31.158909,23.410429,9.2460785,19.231075,7.02992,23.271667,-5.2606144,16.6367,6.6968546,14.232637,1.7916017,12.569979,4.5139594,12.454581,-17.945604,13.072025,0.8427698,10.449181,-0.2381614,7.878811
G14_D06_M_25_Neutral_C1.wav,GROUP_14,0.06397369859132124,0.07460124754594825,0.07358393,0.05971414,2833.3297107764147,3703.1802097717564,-0.2088378892449307,0.30668063988574407,1331.9767,1113.8228,-322.151,116.51686,139.93147,59.52468,24.658968,24.791025,32.607464,23.360613,-3.4264965,20.994823,-2.497551,22.008183,-9.934911,18.927118,16.798937,14.0514,5.4753222,12.744527,-0.06597932,10.375103,-13.218425,13.0009775,9.969919,9.866714,-4.4420877,8.60277
G14_D06_M_25_Shocked_C5.wav,GROUP_14,0.0701171875,0.08907122459405271,0.114714764,0.101416275,3103.512464335101,3826.592763258714,-0.2388115266332913,0.36657045141862243,1513.3109,1204.9014,-325.13196,121.93711,114.147835,69.057434,15.158274,32.14647,34.29745,26.242794,14.3844595,18.404716,3.392952,22.82068,-3.5380511,17.961714,13.699094,12.065746,0.17990516,13.019065,6.1251283,11.172589,-16.954325,12.809873,2.4219923,9.01857,-1.5485785,7.338445
G15_D01_E_21_Mutsuz_C4.wav,GROUP_15,0.03395963037959381,0.03328287695654131,0.0888641,0.08522965,1328.7093935198145,1628.8914822917054,0.1362639886118559,0.4730239214744842,1395.6007,1083.3705,-353.30804,76.43738,151.99776,51.863735,14.083614,43.546978,31.055975,31.342241,31.618193,29.875744,3.1110866,14.26575,3.0878875,14.1099205,7.447099,14.42649,1.309121,11.403233,-11.756952,13.160655,-7.305848,10.406804,-1.5160403,8.686081,-10.952715,9.039887
G15_D01_E_21_Notr_C1.wav,GROUP_15,0.03432951331401766,0.03893432032034482,0.10333278,0.080885336,1269.5470737497787,1520.197169693733,-0.10928330562773907,0.39863879992645634,1271.9497,1045.1399,-340.54605,74.84216,163.29663,55.627197,20.442234,39.790173,34.00892,28.966417,26.66064,26.717886,-5.395139,19.741661,4.030875,17.364973,10.813259,14.781774,3.459256,10.2261915,-9.216211,13.124447,-14.459795,11.696613,-6.652624,9.143677,-7.369595,9.190923
G15_D01_E_21_Ofkeli_C3.wav,GROUP_15,0.03415479937803398,0.04281903877477096,0.1122345,0.098681554,1275.6599239855418,1560.3328665477254,-0.2311546676208159,0.27921353412572214,1206.3221,976.65,-345.484,85.17476,157.08417,63.36738,22.460007,38.623875,32.671307,31.795,28.44364,30.523325,-3.6582298,19.21853,0.1932302,16.322922,14.976998,15.746304,3.554213,10.306287,-21.273495,17.873047,-14.142694,10.927556,-0.50754446,7.9740815,-10.166314,8.360166
G15_D02_C_16_Notr_C1.wav,GROUP_15,0.021246462452168366,0.025049331419291204,0.062641986,0.071884185,2011.6886105412905,3739.1730943484176,0.12052657810344838,0.4091729315065476,823.24005,695.9204,-342.95218,65.37662,119.05972,45.159145,28.78777,23.29338,11.803502,21.37453,9.552022,16.530767,10.911271,14.257509,14.778902,10.366796,13.971708,8.937384,5.595534,8.569497,-3.1327517,11.06923,-3.1732178,10.425362,3.3336499,8.868765,4.276733,8.345622
G15_D02_C_16_Ofkeli_C3.wav,GROUP_15,0.020224818141330165,0.0356929053975511,0.06616939,0.051910758,2010.0171734149692,3675.412244569796,0.46118692681516843,0.37108243875274866,856.8266,978.7084,-358.76456,60.333008,126.947075,45.08639,20.184423,19.479593,17.5901,24.049547,16.081944,17.003838,15.390808,13.618758,11.91804,9.173578,7.9832788,11.228777,4.5068593,9.21654,-2.1883414,10.987237,-2.9402652,9.581096,1.6655971,6.8835964,0.16969717,7.4071836
G15_D02_C_16_Saskin_C5.wav,GROUP_15,0.053188390899122806,0.06604982661691797,0.056648243,0.07407512,3028.1245613909555,4076.5847397028283,0.0542103773575671,0.5890579995331535,1274.504,1199.2727,-343.8349,69.98048,97.16887,54.585102,13.422198,23.498041,15.489566,28.884779,5.653762,22.050081,5.801524,16.572128,8.999132,8.979335,9.994944,9.070781,7.3729267,9.696632,-1.4624039,10.963506,-6.5193,12.354459,-1.5616446,8.620368,-0.52235293,9.376018
G15_D03_K_20_Mutsuz_C4.wav,GROUP_15,0.030028652704485487,0.03286626517602275,0.13096927,0.12141403,1530.999857875334,1835.2229535411766,0.26572543075910676,0.3594002483495042,1395.1447,1216.74,-329.00684,63.01648,122.087074,45.07485,16.512218,36.058487,27.700602,29.700277,15.986849,18.141623,-4.2000613,15.094459,5.941428,13.744975,-1.8573213,10.649588,-17.610533,13.36574,-17.383545,9.283272,-6.3606763,9.143009,-2.4193752,8.862622,-5.6722975,8.932114
G15_D03_K_20_Ofkeli_C3.wav,GROUP_15,0.027003673357046072,0.03836783346129151,0.15994656,0.12691556,1237.6868740561135,1599.344674547728,-0.1651419795121726,0.22516347699066627,1310.7635,1193.1002,-344.27805,60.381416,134.5126,43.913666,27.977657,31.20269,27.429253,25.005405,11.606296,18.810337,-9.628648,15.4984455,3.5857208,11.721376,-1.7293496,11.818556,-21.71012,12.611973,-21.620752,11.304686,-9.238399,9.539662,-5.4511285,9.243075,-6.456387,8.6111145
G15_D03_K_20_Saskin_C5.wav,GROUP_15,0.03241848053141711,0.03925123039064208,0.18351297,0.1710816,1632.3021398391518,1975.6341262580306,0.07772879623318493,0.40421880188985043,1263.728,1193.277,-321.62994,68.39443,113.85969,50.530964,22.773804,30.073807,39.456203,34.8805,16.683256,17.811975,-6.957,15.646271,7.543521,12.612737,-2.204074,13.125908,-19.723118,13.594253,-16.487318,12.177077,-3.748843,7.2886014,-3.4839184,7.3469496,-10.814546,9.002184
G15_D04_C_10_Notr_C1.wav,GROUP_15,0.061755783891908216,0.0744164407275184,0.084874704,0.06801002,3219.4161903240038,4198.904883490474,0.25054935603865985,-0.006784612306479421,1405.1794,1066.4414,-299.72977,100.21303,102.37065,38.878,-8.557628,37.201305,-5.4162426,37.692837,3.9157593,23.996634,-15.944818,20.465858,-16.329046,20.4324,6.03897,15.978981,-28.74123,18.917992,-12.223798,12.223019,-4.0218363,12.987805,-4.808324,11.2849655,-17.429157,14.113038
G15_D04_C_10_Ofkeli_C3.wav,GROUP_15,0.07420217648498695,0.08898680811374442,0.14660047,0.1033075,3392.0812196809757,3908.126637834581,0.890844502046483,0.31330708077901076,1660.3842,1011.7546,-265.20157,80.634964,66.0667,37.252445,-48.45689,35.819847,-17.3458,28.212769,-7.3191094,16.992065,-23.90065,15.655233,-31.591883,22.504572,-16.819685,15.406155,-19.023508,14.549056,-15.668094,12.04583,-4.0270424,14.575772,-13.789873,10.428901,-18.913841,17.872284
G15_D04_C_10_Saskin_C5.wav,GROUP_15,0.09156735033259424,0.10594307381473528,0.101321734,0.08749855,4084.6989655504613,4381.260757237334,0.7932050006678152,0.2751621699354613,1591.7743,1114.6646,-292.3023,107.82526,72.40391,53.335217,-21.074032,32.67804,2.131478,35.847286,1.3563092,19.7872,-15.9872675,16.504368,-18.257412,17.137947,-10.525871,19.164837,-23.212004,13.026342,-10.523891,9.893947,-4.4290276,15.500356,-12.590638,9.823584,-22.222967,13.957311
G15_D05_E_22_Notr_C1.wav,GROUP_15,0.04377998892716536,0.03919218326733886,0.11053689,0.10480535,2602.928415521039,3558.595809453802,-0.39148210475442247,0.26841408067556644,1288.7454,993.3114,-348.51352,111.9074,128.65805,79.79769,21.269539,19.589186,8.1485195,15.3489485,4.745382,18.347795,11.629641,18.876534,-6.522195,12.319736,-14.461007,13.542919,-7.8059163,9.371946,-14.748502,11.63063,-17.39155,12.704214,-8.319773,8.5740595,-13.755323,10.397432
G15_D05_E_22_Ofkeli_C3.wav,GROUP_15,0.03631928635485651,0.04474565233055562,0.10599024,0.10806297,3077.5014872630127,3676.566240029916,-0.6062693560821397,0.2808378841821088,1545.1195,1125.8041,-366.81958,116.11627,114.066315,81.40322,16.882711,24.804745,10.80876,17.462276,5.473985,15.835414,12.346969,16.246712,-5.064283,9.182862,-11.145087,14.842572,-0.9623103,9.440006,-10.641757,13.020862,-13.963302,12.688063,-7.881473,7.508598,-16.595537,14.25314
G15_D05_E_22_Saskin_C5.wav,GROUP_15,0.04763280283106436,0.059307014483176206,0.10342756,0.091476455,2515.571891608395,3329.418139870341,-0.026846397874827867,0.10784783570382037,866.21326,851.9367,-314.92523,84.21993,128.31206,61.948853,17.575935,23.371145,18.784367,25.478193,-2.092944,22.799238,10.321853,20.303326,-5.573425,11.88257,-12.399069,12.324452,-3.086329,10.261543,-17.006605,11.349812,-16.899748,9.912108,-7.745485,8.808146,-20.89059,12.41768
G15_D06_K_44_Notr_C1.wav,GROUP_15,0.03230743408203125,0.05661903642016943,0.17784086,0.10896911,1385.1084738010395,2171.140726892662,-0.14225531426270285,0.10953593658352749,693.2229,763.674,-324.85532,65.92311,147.92795,56.310925,61.81665,31.740221,44.177338,28.026257,1.6401017,32.631386,5.2452803,21.63027,-6.230878,16.52027,-2.0108857,15.760773,21.00878,13.946627,-13.115316,12.2023325,-20.728134,12.869677,10.843071,14.861018,-9.554106,9.979396
G15_D06_K_44_Saskin_C5.wav,GROUP_15,0.07642348931760204,0.10327583630509465,0.17322636,0.10980414,2742.905016084243,2875.583269506724,1.1884963436481557,0.289515860500615,1451.9639,1279.9419,-306.92017,76.06232,95.21175,63.509045,15.092639,38.644684,50.976143,35.425938,-7.2887673,37.662666,6.277567,24.808588,-7.9209123,13.044173,-9.395829,16.67996,23.30902,13.588887,-18.470556,17.343563,-22.914356,13.533505,5.9552326,11.991724,-26.019068,12.9976015
G15_D06_K_44_Uzgun_C4.wav,GROUP_15,0.027716708542713568,0.03519638725805053,0.15852484,0.12303913,1368.153939238687,2432.735447891512,-0.27196048080684365,0.21747836425550202,1183.6842,1125.2837,-332.23398,75.47437,131.38051,53.11387,38.949978,41.18157,35.43166,26.572405,26.000761,25.275162,20.550068,17.709839,-6.6062026,22.301226,-0.6038015,16.23543,13.574776,12.463907,-8.09148,14.113915,-19.38917,15.322163,9.428047,14.798241,-6.6016207,12.355344
G16_D01_C_07_Happy_C2.wav,GROUP_16,0.06834088773663698,0.08916038588539539,0.0823666,0.06793586,2702.5840413326296,2817.166960088643,0.5177726261573415,0.0768286958264368,1856.6663,1268.1664,-330.28326,76.68128,97.69235,52.387665,-26.624844,39.28415,16.02102,34.620487,-1.3693448,25.858995,-30.16758,18.830166,-32.26262,24.26979,1.827211,13.144933,-12.203577,13.825758,-9.878666,11.983747,-4.2892613,10.319032,-11.844841,11.75144,0.91764647,9.056408
G16_D01_C_07_Neutral_C1.wav,GROUP_16,0.09040162002672208,0.10657460485832043,0.075493775,0.088973135,3569.7878149536664,3502.905965253555,-0.07996734870765991,0.09207462342844579,1774.3284,1278.9406,-331.95172,107.05748,90.88607,57.519207,-16.165327,36.772453,10.520064,31.703825,-12.955579,24.720253,-21.597063,17.938011,-25.207565,22.80277,0.026384005,12.01878,-6.0569735,10.223306,-10.627452,12.458043,-6.9362144,12.949008,-11.148292,13.309533,-2.1026666,8.67038
G16_D01_C_07_Shocked_C5.wav,GROUP_16,0.1465057206284153,0.1520884774634273,0.058721386,0.07401112,4684.370514992046,3883.2124143471024,-0.2953582051226183,0.44050856779612824,1976.1741,1212.4149,-372.3731,106.69718,59.39416,52.561646,-28.137749,32.072754,29.413492,37.02534,-7.4849086,27.522903,-19.414984,21.95081,-25.883379,24.096882,-1.1396688,16.601658,-12.113847,15.618086,-4.88523,11.614714,-6.203745,12.287358,-14.900161,12.379477,1.3821667,10.714172
G16_D02_F_21_Furious_C3.wav,GROUP_16,0.12465525549540682,0.16029911169209476,0.10381225,0.11963572,4398.335895660898,3821.2875735705206,-0.46795038225032615,0.27633263761731075,1741.5493,1206.1843,-315.73584,121.04332,70.87356,55.46629,-13.178825,33.938786,31.296495,31.957785,-7.513347,26.941887,1.8151346,19.47691,-20.450798,21.761847,1.0780897,16.380892,-22.51163,17.504667,-19.051804,18.312843,1.5501686,12.213189,-13.779445,13.141297,-2.0475335,10.659931
G16_D02_F_21_Neutral_C1.wav,GROUP_16,0.07145733173076924,0.10181854441897797,0.043199133,0.03164153,3024.4280385116317,3441.963081938014,-0.24912425167130994,0.1477636329511822,1390.7405,1144.613,-392.04376,90.43623,111.03353,51.247612,2.0467358,34.014927,34.639904,25.749945,-1.5046984,25.053381,4.5088997,18.033758,-13.8844385,19.280222,-3.9671147,12.53731,-25.181482,16.732653,-10.760718,12.377707,5.648337,9.94685,-7.8693743,11.97611,1.3651938,11.632633
G16_D02_F_21_Shocked_C5.wav,GROUP_16,0.11915553435114504,0.1570263001379185,0.07586489,0.07896524,3924.1681851614053,3495.205481261085,-0.1442765231254457,0.21246416075220867,1675.72,1280.565,-346.52905,104.76504,80.060326,65.85074,-5.6138735,36.43793,39.043022,35.269268,-16.935204,28.442335,-4.379651,21.184345,-19.288946,18.54473,11.155543,18.171066,-9.619768,13.231317,-12.537377,13.224378,3.8961346,13.515302,-17.519384,11.749929,-8.144145,11.402854
G16_D03_F_19_Furious_C3.wav,GROUP_16,0.05334966582369942,0.08347641109278277,0.16819221,0.1360452,2341.661677794854,2808.1662603939917,-0.014373287773059509,0.1279019176017306,1400.5016,1088.6841,-289.01715,93.07263,120.210236,46.63456,0.29928818,35.586967,13.415068,28.583769,-6.045585,21.801271,2.9217494,20.64134,-10.98726,18.769154,0.01241889,12.588751,-14.755162,14.195956,-9.250186,12.440175,-3.5428805,10.516971,-5.275657,11.831823,-7.485315,8.278282
G16_D03_F_19_Happy_C2.wav,GROUP_16,0.042509571605960264,0.06364757215013053,0.17767279,0.15028362,1717.0365622901802,2079.28321273352,-0.0016016906033235706,0.11703995847618034,1297.1769,1042.4432,-307.34628,69.971924,114.19291,52.415565,9.03152,27.944006,4.417376,24.457937,5.680371,20.481518,0.32518217,16.411299,-3.8063884,16.6635,-0.8686867,11.315114,-13.5021305,14.05465,-10.173493,13.28114,1.8007219,11.922725,-7.959168,11.788797,-13.8072,9.951871
G16_D03_F_19_Neutral_C1.wav,GROUP_16,0.053935364906832296,0.06700246273623658,0.056425083,0.04280797,2442.209878354581,3073.855520445172,0.20121006676265246,0.15722986222259167,1266.8601,1030.9974,-379.9303,100.74448,129.77313,57.348915,6.8576465,41.301167,26.00459,35.528023,0.36886314,32.867867,15.285021,24.520615,-5.2890253,22.444036,1.6174634,14.289824,-17.889524,14.829822,-8.93951,17.145334,4.044781,10.932729,-2.9785624,13.768401,-5.230378,10.686236
G16_D04_M_46_Furious_C3.wav,GROUP_16,0.04899909588278932,0.07423120135943075,0.11023084,0.07654848,2079.868946045415,2674.6934994882677,-0.22272533384464185,0.07438169083150215,907.5951,920.5787,-306.91302,94.39252,153.96985,67.04333,12.597507,28.859468,11.696111,30.574034,13.861749,24.496557,13.42796,26.104385,-26.007702,21.23087,-3.2332387,13.769537,0.60363406,15.0673685,-7.0836415,15.553073,-9.037038,14.317393,0.4489296,8.386867,-11.238899,8.529629
G16_D04_M_46_Neutral_C1.wav,GROUP_16,0.04495358157467533,0.05202049519798143,0.08639799,0.08355492,2263.2463499083215,3093.1825646313564,-0.33997860716760636,0.331041423311999,713.1945,574.6572,-345.60025,108.73989,160.27531,76.242836,38.153893,30.026255,12.7364435,27.867338,-2.0991898,23.344887,3.0542815,19.306658,-15.332558,20.78731,3.4627678,10.790663,8.472671,11.840965,-3.5427635,12.652241,-4.2825613,9.725839,2.531503,10.478471,-9.5994425,10.620121
G16_D04_M_46_Shocked_C5.wav,GROUP_16,0.06819217566287879,0.07793957666336306,0.066065274,0.075047426,2756.9115349261847,3197.7830140026526,-0.2932292214254553,0.24346729084418683,1044.4164,1044.2302,-357.50616,90.35088,129.97876,69.99809,10.986239,24.126184,14.150699,32.44051,6.8019924,25.472124,5.6675963,23.596424,-18.506948,21.315237,-3.0260627,10.293274,1.9080864,12.8123865,-9.984287,12.465663,-8.214345,13.182424,2.0568593,8.819877,-13.2613735,9.9361315
G16_D05_M_17_Furious_C3.wav,GROUP_16,0.10280054644808743,0.1457473485871451,0.08007957,0.07855045,3616.1383453606472,3548.2963187948985,0.06956296346231625,0.28700705482833383,1295.9791,1155.4623,-311.22836,121.41276,108.96011,63.37854,-8.702472,34.974533,39.38503,29.694324,-3.7558727,25.397137,0.34506643,23.532986,-16.832087,15.315329,-6.9984636,13.186422,-9.221551,14.95839,-9.776639,11.553367,-12.540922,14.16159,-5.798216,11.401172,1.0670819,9.431221
G16_D05_M_17_Sad_C4.wav,GROUP_16,0.10526629192073171,0.1309719749958528,0.054427173,0.060741115,3606.2272069103074,3675.7882421304894,-0.06373137592006499,0.3390824646841769,1669.543,1239.4703,-357.30252,115.687485,107.44634,64.3104,-1.5669957,38.67183,39.492977,29.26833,2.2675846,23.555202,4.5016117,18.636902,-11.139539,16.990168,-4.7797956,11.923288,-16.612972,15.308201,-9.551381,10.243299,-10.029724,10.932425,-9.489687,10.497978,1.639533,8.805024
G16_D05_M_17_Shocked_C5.wav,GROUP_16,0.117645263671875,0.14832473933155996,0.06668501,0.07496655,3769.032463748121,3422.5227514799903,-0.24645807452699417,0.18038475054064923,1613.0406,1274.3342,-324.38406,106.23096,98.45393,68.74844,-11.662777,35.1091,42.87395,32.301266,-7.698386,26.201982,-3.6857824,23.786266,-12.379897,15.314045,-5.042232,15.233953,-8.008403,14.463177,-6.1918488,11.293152,-11.090994,12.754377,-1.8882791,9.977481,1.4046351,7.686394
G16_D06_C_09_Furious_C3.wav,GROUP_16,0.04632126549932976,0.05129755190647261,0.1468908,0.08930934,1483.5653837656725,1321.1734195368613,0.13932584082682606,0.26821848558170996,1568.2191,1148.6859,-331.29932,59.9067,120.0342,47.91987,-20.516207,42.892033,-3.7941163,37.218884,-13.412409,29.662424,-31.867897,22.343554,-18.639723,22.028215,-20.678797,19.312782,-22.464823,16.314396,-20.85073,12.895009,-15.027125,13.846337,-13.415342,14.031422,-20.07228,14.434951
G16_D06_C_09_Happy_C2.wav,GROUP_16,0.03823963048398329,0.04140241705532639,0.15072073,0.0839882,1317.781552315931,1248.704993495601,1.4230856536412495,0.28466752012528873,1223.4957,879.72723,-327.36008,56.002625,127.4205,40.5005,-22.386478,38.442524,-18.004711,37.867805,-16.569262,24.019228,-22.265062,17.788055,-12.324522,16.809858,-22.970404,14.869539,-26.474318,12.962002,-17.606949,10.61984,-9.172654,11.73491,-12.765436,12.177588,-21.647133,11.779783
G16_D06_C_09_Neutral_C1.wav,GROUP_16,0.05186922315140845,0.057554620648600875,0.08987165,0.06909706,1753.643607215965,1625.2393583180442,-0.2935779116537224,0.18506231885710758,1516.0916,1147.6791,-380.1227,75.30904,109.08989,54.848743,-10.187338,45.29249,10.786225,36.145702,-18.959545,33.872925,-26.647018,21.20819,-1.5019308,20.660742,-17.193583,19.538372,-22.559866,17.107004,-17.063372,12.044105,-13.134998,12.511687,-12.863947,13.233382,-17.976473,11.53002
G17_D01_K_24_Mutlu_C2_.wav,GROUP_17,0.06842041015625,0.05223713711067211,0.15744956,0.13486978,2783.468805239053,2970.777980007304,0.17691957280931078,0.3990924143791424,1248.1438,1002.2239,-195.25566,120.44342,123.1135,50.193104,-29.758455,27.23751,37.901093,30.153965,-11.903418,23.124702,-1.7661119,24.152084,-18.347383,18.021114,-10.497972,16.969099,-12.430221,13.59133,-10.729459,10.178257,-14.0151005,8.774989,-5.1769886,10.358814,-6.747761,10.641232
G17_D01_K_24_Notr_C1_.wav,GROUP_17,0.07944246227034121,0.10749387639914927,0.021608554,0.022251865,3746.5798197899117,4414.648300672043,0.19619084875094725,0.5324500719410381,1064.9067,1041.8251,-462.75446,97.68406,101.832596,49.501072,40.35012,28.01491,41.2563,28.624763,-7.1617365,30.947905,13.126181,17.401672,-23.475863,18.96022,-14.872899,14.953065,-11.027075,12.4773655,1.551071,10.480856,-0.35487154,9.848738,-3.913152,9.731456,-3.646124,9.821689
G17_D01_K_24_Ofkeli_C3_.wav,GROUP_17,0.07619165348101266,0.1257537169876814,0.036291987,0.028862758,3300.7831852712043,3951.3543545973175,0.1576408818104109,0.46050650887830125,899.8216,963.369,-408.68448,106.3891,104.17702,54.42322,28.475637,27.81545,47.07576,29.638784,-1.6966431,24.57188,15.309103,18.804552,-23.02367,21.865843,-12.572087,19.05125,-7.7952857,14.480738,5.57617,12.2036705,-1.9934584,12.324812,-2.7631,12.267386,-1.0800892,9.759729
G17_D02_K_33_Notr_C1_.wav,GROUP_17,0.058702639011150234,0.09098531960894747,0.023804754,0.018766705,3100.938476664513,3961.9555372794853,-0.4453146456602339,0.3162405619772964,1113.4209,983.02795,-453.91864,113.255775,134.90628,60.696884,14.295637,35.026833,17.32413,32.32069,4.98036,25.798922,17.106464,16.700369,-15.896341,24.43935,10.782387,12.717826,-7.1170316,14.602614,-6.8694057,13.041992,5.999932,10.05501,0.8775291,9.268328,-2.8756044,10.323299
G17_D02_K_33_S╠ğas╠ğk─▒n_C5_.wav,GROUP_17,0.06839960791198502,0.10922730552957582,0.02755598,0.026809612,3349.530232439313,4234.861195853091,-0.1865248848477787,0.5295912244989676,1217.4666,1170.6997,-468.67004,130.70454,101.81803,68.87252,16.728804,33.17676,34.250748,39.894775,4.5508933,29.034578,22.942616,17.05343,-5.6264324,25.236614,11.042514,15.705796,-3.45918,17.376812,-3.4843707,16.571249,1.2589628,10.742297,-2.499003,11.658499,-1.4389653,10.579857
G17_D02_K_33_Uzgun_C4_.wav,GROUP_17,0.07098052536231884,0.09618576370881766,0.01877455,0.0126928715,3070.3431656719326,3655.905598687934,-0.08509089400653735,0.20986524816405047,1285.2922,1221.1118,-463.1378,87.51643,126.037125,56.954914,4.2286954,35.91112,41.388393,40.74275,12.562027,22.3628,24.974377,14.204755,-19.88372,22.65889,-3.099476,12.978455,-9.953212,11.985588,-11.631268,15.277102,4.302191,9.883462,-9.556156,11.988527,-9.317701,11.178873
G17_D03_C_4_Mutlu_C2_.wav,GROUP_17,0.1131529102152568,0.11383853350384684,0.02402786,0.020146566,3492.970641566246,3432.6230973273437,-0.302413214425528,0.2666877093731996,1880.0573,1133.7748,-479.98178,97.54075,97.75191,58.893562,-38.571987,48.775017,15.919606,37.549152,-10.288169,23.799316,-21.40235,18.356012,-7.170847,18.13002,-19.363441,17.889086,-6.137063,15.376389,-13.782361,14.116208,-12.577275,11.872209,-3.5772774,9.531638,-14.319253,11.402913
G17_D03_C_4_Sask─▒n_C5_.wav,GROUP_17,0.1252588732489224,0.10021023397654044,0.020386161,0.020686354,3898.754656836724,3483.026231956604,-0.550858838164798,0.33800157146620907,1788.33,1100.9099,-483.44168,101.49304,92.61757,50.604,-53.83322,51.715668,20.33077,43.105766,-9.782594,21.724674,-16.902662,22.15118,4.689822,18.003572,-21.12704,20.809687,-10.209447,16.946684,-10.652915,11.60548,-11.012071,11.153825,-5.2246757,11.920975,-15.140353,10.390379
G17_D03_C_4_Uzgun_C4_.wav,GROUP_17,0.12231635157465008,0.1050236910656701,0.013538591,0.011340639,3787.760718105423,3457.6533954535084,-0.32024132293813196,0.4019890439859676,1978.8331,1162.9744,-491.55405,92.74646,97.4089,53.53259,-49.72517,52.609505,42.688343,39.794857,3.7334478,23.484377,-18.510113,17.90932,-14.451749,19.418175,-33.857967,18.615873,4.248242,14.225315,-10.460015,11.348013,-16.938644,10.173595,-4.229328,9.314914,-11.482109,10.813456
G17_D04_E_23_OFKELI╠ç_C3_.wav,GROUP_17,0.08109861591695501,0.16271972681193972,0.07364999,0.061300885,3040.5940136274157,3260.309289171777,-0.21203821959252883,0.1287153687034326,1215.3901,1122.2212,-330.16373,107.65094,119.27382,57.070812,2.6436298,35.57312,29.962309,22.31592,0.7384166,20.953627,10.082981,25.692528,-15.905559,18.949791,-2.328967,14.642016,-2.343014,14.574215,-18.328999,19.73582,-12.4469385,13.200915,-3.132418,9.678252,-0.30355835,9.604783
G17_D04_E_23_S╠ğAS╠ğIRMA_C5_.wav,GROUP_17,0.10138375418526786,0.1433708971134648,0.039596703,0.048283864,3865.0478231676148,3892.3720796206717,-0.27470095827249136,0.30319542291546187,1523.8884,1249.6168,-403.93607,120.42584,95.34807,69.983986,0.42219242,33.815506,36.342426,25.80709,3.1057472,25.127527,11.418029,24.042963,-7.1781225,18.291853,2.0157988,12.466152,-0.34421512,11.757936,-12.506145,17.254635,-9.22563,15.066239,0.6003621,9.954041,4.4708295,10.071421
G17_D04_E_23_UZGUN_C4_.wav,GROUP_17,0.07281880439082279,0.13321784066033793,0.02718262,0.033896152,3724.1828239890538,4478.544197639537,-0.21794543148700693,0.34648245014630064,1298.4589,1161.7079,-428.51282,118.27423,93.54335,63.486115,10.294672,30.095722,34.01553,22.120241,22.862238,16.022581,24.52481,16.589981,-3.8333976,21.732475,6.3646474,11.100729,0.30024186,14.576844,-13.60611,21.713634,-3.0818944,13.339623,4.2745433,8.178005,7.8674817,9.824258
G17_D05_E_22_MUTLU_C2_.wav,GROUP_17,0.06789716702063107,0.13777676281087045,0.061834008,0.052900545,3157.3872703495176,3742.7346061582098,-0.38000915458185414,0.10666717180572452,981.6927,1035.6085,-384.22775,115.1014,118.9328,69.717926,19.014818,27.91026,32.877796,25.701998,8.225953,18.059744,15.751691,19.921978,-7.203797,17.486767,-4.8784857,15.950326,-4.5671744,16.409298,-7.1245193,16.074406,-14.624891,19.46292,1.4988453,11.147272,-3.4564273,11.469026
G17_D05_E_22_Notr_C1_.wav,GROUP_17,0.07281222555620609,0.1387497308161038,0.03362949,0.034464635,3429.1110519363237,4062.059568735296,-0.0630007543237966,0.37998399568097974,887.5244,910.30585,-428.2559,115.28295,113.56562,66.18661,28.417694,28.506824,36.725765,25.625816,9.337,23.031757,16.802635,20.443634,-2.9506865,17.13592,1.7015418,14.154309,-5.304994,18.156918,-4.2849555,13.041812,-8.642263,13.544094,1.2387152,11.8820715,4.4358163,9.847791
G17_D05_E_22_Uzgun_C4_.wav,GROUP_17,0.07691524488508969,0.13468243267588503,0.02407296,0.020572394,3411.8690524023586,4043.7635727122574,-0.12549358301361854,0.3239435896362874,1281.0441,1286.8011,-461.54474,113.4656,111.13404,63.987213,18.877718,36.079754,49.57507,30.202206,21.505098,17.51932,26.390636,16.49799,-2.1719959,15.843009,0.5335427,14.851917,-3.9322348,15.888368,-9.624251,14.674292,-7.625037,13.025398,-1.2359357,10.930476,1.3765681,11.409077
G17_D06_C_8_MUTLU_C2_.wav,GROUP_17,0.06476758873980978,0.06985191181968199,0.09411109,0.078429654,2529.972727495429,2629.8846284277715,-0.5822239879153184,-0.15598477574498007,1778.4823,1139.2908,-315.38452,78.29417,102.35349,45.800014,-40.63689,34.59608,12.15155,30.922485,3.2410514,23.555897,-6.2308683,19.08099,-15.642938,16.167683,-12.115404,14.929355,-4.581041,12.831318,-13.487744,13.933972,-8.826931,12.496097,-6.1135445,11.085252,-13.920864,11.131952
G17_D06_C_8_Notr_C1_.wav,GROUP_17,0.05323878566066066,0.06601474822663977,0.064517066,0.061021212,2361.2291920951634,3055.929273484631,0.06683152245621317,0.3155706439356808,1339.4373,1104.7393,-343.08792,84.28968,118.503685,51.77339,2.9498856,32.19636,17.98789,24.24832,8.796071,25.937836,0.6888918,18.728228,-7.7032337,15.130626,-7.620863,12.419057,-7.158196,10.44555,-14.087749,12.502367,-8.462945,9.988556,3.7516754,9.036629,-5.7614765,8.70018
G17_D06_C_8_OFKELI╠ç_C3_.wav,GROUP_17,0.05569764798280423,0.07783751787797845,0.10057678,0.08602342,2357.509539960154,2787.156118942618,-0.56066810487285,0.23492449184616296,1411.5642,1130.8837,-321.91724,103.81654,123.95085,52.238518,-16.843576,43.015694,22.068039,26.161,0.899737,25.731644,-5.7746897,24.25427,-8.913681,22.356028,-1.6787626,16.47512,-1.8307459,11.381548,-16.025871,16.929605,-13.673977,14.026042,5.8176064,12.827397,-2.5355194,8.837682
G19_D01_M_20_Furious_C3.wav,GROUP_19,0.1514551816475265,0.1614399550337046,0.2505815,0.13996698,5129.634325399228,4384.883700064815,-0.36622685002225186,0.12424407574361192,1350.4508,1075.839,-176.53508,164.73006,80.7646,66.07626,-1.6191736,27.448444,32.499077,24.969704,-3.8580663,20.171143,16.379398,20.538317,-18.272148,15.339286,11.51001,14.611589,-17.674868,17.104626,0.94050646,8.974983,10.765681,9.287227,-14.326465,11.7197895,-6.1304116,9.914844
G19_D01_M_20_Neutral_C1.wav,GROUP_19,0.07947326448961937,0.10173847761126614,0.11693879,0.07995903,3999.2693198201814,4090.4823999196246,0.1201855041778183,-0.18648493976894503,1328.7383,1056.8988,-266.28445,169.19206,102.0209,63.6373,12.655471,24.891214,22.807062,24.78006,4.07851,19.184309,18.112576,16.271965,-11.502938,14.945352,15.878102,12.023912,-27.671812,20.132055,-9.194627,11.332564,2.9584873,8.465899,-3.5792909,10.684856,10.108909,10.682193
G19_D01_M_20_Sad_C4.wav,GROUP_19,0.08207716986677116,0.08273605858612723,0.11634348,0.083138645,4035.5827904730586,3966.360765981903,0.06885870193966762,-0.21545657215440234,1626.8374,1192.6066,-273.63852,167.8925,87.8872,62.743916,3.6936688,30.11171,38.06042,31.769442,9.5905695,15.273462,35.134544,22.271376,-16.25794,15.830211,9.025322,11.182108,-21.100737,18.995037,-18.154604,14.37014,3.0216792,9.535807,-1.8150496,12.799822,1.8327776,9.676055
G19_D02_M_29_Furious_C3.wav,GROUP_19,0.05227775288341646,0.07775025829783098,0.14349835,0.09267325,2972.6625636244185,3418.3985566170068,-0.025506303586836334,-0.16816582860164164,1348.9647,1152.6682,-255.03519,173.66698,108.85772,74.32054,-0.8702802,29.061876,23.985807,19.99258,3.044252,16.06996,15.898995,15.118731,-12.917384,12.2344,6.882025,8.464731,-14.15272,14.650214,1.3579943,9.95904,-12.422501,9.6832,-12.34312,11.205321,-3.2439985,6.9895334
G19_D02_M_29_Neutral_C1.wav,GROUP_19,0.0759968049719888,0.0869064401437123,0.14846966,0.08421174,3650.132771538022,4260.620424049182,0.0926191493001577,-0.1254286493261791,1486.0555,1168.8809,-229.60806,136.2515,108.5434,57.19912,20.465204,29.014524,29.630713,21.646008,-4.364906,16.861748,21.54051,17.814344,-11.896096,12.034457,13.677387,11.538046,-15.856002,13.079001,-1.0221202,10.180166,-12.237078,10.420981,-7.6404552,9.06864,5.277592,10.890488
G19_D02_M_29_Sad_C4.wav,GROUP_19,0.08090259989754098,0.09234831410965798,0.15752068,0.115089424,4115.7178834045435,4180.619005645172,0.4356183800635611,-0.13254281991570327,1663.7852,1278.984,-249.69,162.65378,87.00537,64.032555,7.45716,31.660563,37.316658,30.68138,12.522603,16.069323,27.129011,18.182596,-4.86243,10.29953,6.812442,11.506837,-10.387713,13.767505,-0.7829436,10.846921,-14.634006,12.03982,-5.417268,13.06737,1.452854,7.4489613
G19_D03_F_21_Furious_C3.wav,GROUP_19,0.040533298399390245,0.04005973460381825,0.16892882,0.10670451,1435.821835396047,1413.9224507269955,-0.04514846631843038,0.1486370033173119,1413.5957,1115.4229,-297.40768,83.95834,153.13593,56.06246,-16.977905,44.942955,6.07757,32.28972,21.006779,27.9131,-26.21592,26.868523,-16.331465,20.050085,6.7521734,15.839362,-10.568264,12.158495,-18.678303,14.422032,-8.25169,10.787841,-8.288888,11.53915,-15.318901,11.03451
G19_D03_F_21_Neutral_C1.wav,GROUP_19,0.0360180128330721,0.039339993169341995,0.15070382,0.101430364,1233.412801205623,1299.0918688631896,-0.22259411601911902,0.23254894240918925,1180.8921,1088.1267,-315.6009,75.67057,163.67183,55.846478,7.2593584,40.29704,15.244589,35.523205,16.491291,29.253904,-22.14497,24.487333,-9.815715,22.627125,2.3317566,16.537827,-12.604322,11.47987,-9.620593,11.338776,-2.2457216,9.409189,-9.390507,9.631545,-13.588895,10.450984
G19_D03_F_21_Shocked_C5.wav,GROUP_19,0.0506826767899061,0.048989270648258275,0.14970237,0.12757854,1683.6218670827693,1585.3387570245668,-0.20659540389162048,0.2677685549937337,1560.8046,1106.9958,-308.83746,81.5334,114.429054,51.838665,-28.92165,41.06286,3.3142514,37.656548,15.61139,23.778381,-16.887608,18.051825,-12.33919,17.100103,-7.198615,15.846466,-11.430256,11.655774,-12.886371,13.707324,-12.735869,10.928993,-7.8661833,11.528381,-12.927003,10.361185
G19_D04_F_18_Furious_C3.wav,GROUP_19,0.03501134072580645,0.043912637692291805,0.14657623,0.13393627,1491.1549696055845,1642.0330211186365,0.06965131773242524,0.4745843781530433,1495.8372,1203.1449,-326.83234,83.674576,121.16637,65.09855,9.610975,39.084988,12.392219,27.405214,20.373655,24.672165,-3.6723375,20.780178,-11.939797,16.128258,-14.136061,14.09537,-13.385433,13.768913,-7.6300707,10.556196,-11.468468,9.272637,-15.010059,10.646838,-11.605153,8.014049
G19_D04_F_18_Happy_C2.wav,GROUP_19,0.03320021278578529,0.0396194043247927,0.1765795,0.124934204,1376.3658866747537,1608.4032408679923,0.22009205555355585,0.3191904192471669,1260.9971,969.883,-343.8695,81.45778,133.38287,67.47257,6.986192,37.665245,6.15441,27.555178,25.079773,21.829723,1.17574,15.673505,-21.340424,16.744736,-25.226912,17.35584,-11.96164,13.77575,-1.8918358,10.064186,-12.05162,10.180544,-17.392548,10.623009,-8.536683,7.769041
G19_D04_F_18_Shocked_C5.wav,GROUP_19,0.051923575876383764,0.05285138370314038,0.12477009,0.12519105,1891.0739588982383,1779.779613042559,0.5860524011769304,0.4529367611584288,1837.5809,1229.6696,-324.87286,84.70781,111.175896,65.103645,-12.038783,41.874527,9.882017,31.635792,20.127012,23.84828,-9.880189,16.578825,-7.801464,17.428942,-4.603111,12.483701,-13.642379,14.242793,-15.83037,12.274702,-13.545811,10.435088,-7.5658045,8.706797,-7.3240995,8.144207
G19_D05_C_08_Happy_C2.wav,GROUP_19,0.0901125357354101,0.06031059256277598,0.0968736,0.08591004,3295.589864151795,2685.18524800961,-0.14411542507753955,0.229207035292977,1830.5614,1119.2618,-336.8363,121.43075,66.98237,47.97477,-70.92925,55.765816,18.036583,30.50895,-24.445253,27.28835,-41.35346,28.157269,2.546264,16.360296,-19.209345,16.238098,-12.887218,13.358501,-4.226958,9.599781,-11.303177,12.017894,-6.259759,10.432151,-12.622559,12.021647
G19_D05_C_08_Sad_C4.wav,GROUP_19,0.09284497444633731,0.06295468461806404,0.08597104,0.06829319,3080.089168461696,2219.863616518481,-0.3936177919763688,0.09152764784257815,2016.891,1236.181,-326.89145,103.26488,81.28872,44.935986,-62.732437,50.24986,28.493536,31.986572,-14.402114,22.268108,-46.900734,29.947239,1.0739511,16.871382,-13.319759,15.307804,-17.01865,13.956959,-6.966112,10.780005,-11.851589,10.390582,-9.111894,10.92664,-12.218728,10.324983
G19_D05_C_08_Shocked_C5.wav,GROUP_19,0.09649125430704442,0.06676914023425859,0.083789594,0.08333988,3179.486424858376,2305.4575055670493,-0.027116052014762637,0.21416901224007986,2040.3151,1176.2074,-327.54825,85.2239,54.797096,41.229443,-54.73355,40.55052,10.165689,30.411995,-21.448465,29.093061,-40.63969,24.165712,-0.71629477,21.707003,-15.159756,15.84594,-15.447834,12.976338,-3.07339,11.078195,-11.499745,12.52496,-6.8649607,10.438339,-4.8059707,10.801644
G19_D06_C_10_Furious_C3.wav,GROUP_19,0.08556430563501144,0.04245666206457026,0.12638924,0.081163436,2456.0406712963654,1632.3330555916386,0.061605724998124146,0.350017746925195,2024.8467,1084.4464,-271.71072,75.09609,124.435036,45.094917,-99.32274,48.505333,-3.2544115,29.064413,10.71628,26.785288,-42.017574,27.887642,-11.824685,23.661306,-15.114892,20.377068,-28.043062,19.788652,-6.6445875,13.147393,-4.916712,12.329323,-11.946675,14.686966,-5.77791,14.684912
G19_D06_C_10_Happy_C2.wav,GROUP_19,0.06888758579147196,0.053489479429231,0.17793784,0.10809633,2283.170949761113,1699.6946058286048,0.26454884442468074,0.3353153748671317,1866.886,1109.8179,-270.4963,71.37784,109.29162,49.95086,-68.726494,35.829098,-1.9740025,46.314953,-2.780151,25.287493,-39.120117,25.910984,-13.462194,20.281397,-21.843412,19.156061,-26.550201,18.692585,-8.747557,15.327027,-11.15643,15.626485,-10.263802,14.097493,-2.4111962,15.71206
G19_D06_C_10_Shocked_C5.wav,GROUP_19,0.0716724917763158,0.05556380059280046,0.15911373,0.11315511,2185.6186631858964,1604.256315427596,-0.044446838856177555,0.39775024309335355,1866.7024,1109.4863,-278.06726,76.86918,122.360146,51.178364,-64.60192,39.29217,-4.967019,46.904552,0.6152169,26.57443,-34.371902,21.358488,-12.635911,18.130148,-17.465353,17.98795,-25.002808,15.440531,-12.760165,15.559983,-9.299828,13.487338,-9.475947,9.970953,-10.355419,10.203725
G01_D01_E_21_Notr_C1 (1).wav,GRUP_01,0.037651248094512195,0.06334173457990842,0.040472426,0.036768947,2546.1542546643036,4015.698333388428,0.06772140129769522,0.5292533270583867,1073.6465,976.68317,-414.8237,117.14198,139.64697,67.86101,24.007551,27.132902,16.189573,20.314072,32.468323,18.608992,13.276308,20.706036,-0.5936863,16.974932,12.323271,12.042554,-6.2308574,18.379005,-7.1128287,12.066583,-5.933572,10.725771,6.467286,8.900097,-6.3170004,10.17447
G01_D01_E_21_Ofkeli_C3.wav,GRUP_01,0.05776131122773537,0.09452428178043801,0.06057483,0.045234848,3264.6708107380086,4380.16093031817,0.1505017405988285,0.33169254763970857,1164.2839,1086.1843,-366.35718,124.098885,131.10089,69.40116,16.44,28.053053,21.05016,15.878036,37.816517,19.147093,13.521067,24.9883,1.5133493,18.18535,13.013883,11.503489,-13.916103,20.896881,2.9915175,12.204563,-11.955825,10.904487,4.390878,9.042012,-6.9683547,8.240613
G01_D01_E_21_Saskin_C5.wav,GRUP_01,0.08755284926470588,0.1363522378159615,0.053701922,0.0461558,3727.386694559153,4455.866063663635,-0.11521482492128866,0.36274566618374404,1591.7065,1199.606,-375.1166,115.07815,125.10286,81.122475,12.577019,31.134321,13.121268,21.634064,29.827036,18.139002,17.634943,23.577587,0.054773666,21.353168,7.3260317,8.821855,-5.535293,17.278547,-2.68385,12.449424,-14.849299,13.482959,13.127353,11.953975,-16.327227,11.5361595
G01_D02_K_58_Notr_C1.wav,GRUP_01,0.04316523554804805,0.0679414037050023,0.06428393,0.05027605,2099.065469331134,2977.5928687423116,0.264702872231741,0.334106697464487,838.8092,815.1913,-370.1195,66.727036,147.9602,49.477097,28.468756,36.225872,18.21176,25.238827,3.1219041,24.48247,-26.946222,21.366913,-13.716038,16.909666,9.851063,17.15111,-14.020301,10.099871,-16.281418,16.879007,6.2594333,13.446768,5.363862,10.787646,-9.2965555,10.006286
G01_D02_K_58_Ofkeli_C3.wav,GRUP_01,0.03966613209575688,0.06967083652462318,0.058884542,0.04002948,2145.294715794395,2979.975572365819,0.3032810146652552,0.4143941582085104,1139.7432,1092.1799,-372.5505,62.470783,133.3981,50.845497,12.632994,40.44975,33.981483,29.72447,24.384762,28.27791,-14.122619,22.543118,-8.704627,18.336197,5.007985,17.046953,-9.952606,10.08017,-9.141867,15.39232,-2.5565522,11.279151,0.81503254,13.118212,-12.634847,10.511838
G01_D02_K_58_Saskin_C5.wav,GRUP_01,0.04261774027122642,0.05973154244284909,0.049897082,0.038857847,2558.428713871627,3431.7999046379227,-0.12687553414641295,0.16129235005695655,1007.40204,926.8255,-402.9211,95.42331,126.88405,61.864693,1.3420447,39.834408,25.82864,29.1287,28.547415,20.712145,-3.207683,18.633228,-6.270087,19.388803,4.2523813,14.868295,-3.1304083,10.118465,-5.342735,15.360736,3.443083,9.779773,2.5220006,10.617498,-9.802309,9.059009
G01_D03_C_7_Mutlu_C2.wav,GRUP_01,0.07114401750283447,0.05831988695056869,0.047297653,0.036738772,2770.3075993213256,2280.7980454531003,0.4308816693220086,0.11729244017631031,1809.2213,1121.7325,-401.57324,88.00787,92.91545,43.78737,-53.94,48.211002,30.49254,26.0856,-1.4406068,25.046663,-32.482563,21.037333,-9.255802,18.73434,-29.329546,20.762764,-13.048207,13.35227,-1.9648303,12.2097645,-14.985059,13.066506,-5.3030066,14.116242,-2.053648,15.459864
G01_D03_C_7_Notr_C1.wav,GRUP_01,0.06874367042824074,0.06808084088232001,0.016047053,0.015122978,2508.161511098906,2358.8888427496486,-0.10195838940210626,0.395784986354119,1609.639,1124.966,-508.8746,83.434975,109.6641,57.052334,-4.0904193,44.883644,17.985777,37.50404,-14.310668,27.930466,-28.70632,22.656023,-0.45105335,20.058489,-10.118989,16.59668,-12.173668,13.925078,-10.311969,14.36785,-11.259743,13.854566,-0.60317177,10.568719,-6.2444153,9.572112
G01_D03_C_7_Saskin_C5.wav,GRUP_01,0.07924743543157424,0.07976208899229739,0.03748467,0.03422036,2909.3695726521933,2443.036056572444,-0.0934791578478622,0.3639254560885322,1747.5903,1201.1497,-466.32352,79.96403,66.681046,56.783485,-23.180334,36.884068,21.85835,42.01321,-18.627327,20.365025,-34.85485,24.202305,-4.281988,14.627137,-15.923887,21.070364,-13.383045,16.30998,-12.852752,11.921825,-16.719748,13.158457,-8.763851,11.280855,-15.633407,11.868079
G01_D04_C_10_Notr_C1.wav,GRUP_01,0.054286411830357144,0.06124491535701588,0.060415797,0.037358593,2231.4782034688405,2009.8588098575115,0.1780959385082753,0.03422008696082656,1473.456,1124.7284,-384.79605,77.782166,124.933876,46.10291,-29.724533,45.038906,36.970238,34.5544,-7.6025486,30.408375,-28.361383,24.886503,11.938658,22.680569,-12.493505,16.987762,-15.570247,14.985663,-9.939793,12.698254,-14.799241,11.219573,-6.305413,13.373909,-9.315446,10.89311
G01_D04_C_10_Ofkeli_C3.wav,GRUP_01,0.10759034630847954,0.05881639257463292,0.10390691,0.08193181,3424.803822744281,2247.586113844331,0.5783171611530137,0.24648329337788896,2059.3337,1248.172,-318.7991,102.17629,81.636,41.537506,-78.85506,53.44147,32.69087,28.861557,-12.0264845,28.424562,-49.28704,25.39049,-1.0413722,17.901905,-18.659971,18.867325,-23.18133,20.009647,-13.444729,12.166075,-16.280565,11.489752,-6.555449,14.960893,-0.46241167,11.323583
G01_D04_C_10_Uzgun_C4.wav,GRUP_01,0.055264229218362285,0.06147961994244011,0.034463305,0.025052655,2504.6492595351533,2420.797410991846,-0.3717764894971339,0.2997750199783863,1825.9088,1257.1113,-464.6722,89.43658,93.683655,53.636105,-13.717954,46.37,52.71021,37.2523,7.7686853,19.503962,-30.516304,25.133282,-4.0744133,16.180685,-12.026841,14.671588,-4.1560874,14.886238,-5.878328,11.92585,-22.238123,15.523053,-10.1894,11.320943,-6.2620215,10.92535
G01_D05_E_20_Notr_C1.wav,GRUP_01,0.04430999373433584,0.04003052087246695,0.06727981,0.060122427,1668.56174463407,1716.367137971826,-0.15733447590760688,0.35575366215751475,1608.5785,1144.4373,-381.6583,98.19536,150.66249,82.289276,7.0493855,39.819084,4.4367185,29.59626,16.092167,25.648895,-2.5024862,21.015104,-3.1466293,20.00568,-2.4237545,12.564617,-9.085573,13.450606,-11.493561,11.914394,-5.4632754,10.412295,1.2910211,9.381075,-3.4358678,9.559662
G01_D05_E_20_Ofkeli_C3.wav,GRUP_01,0.043064087236147755,0.047159581193901574,0.11216022,0.09123425,1774.0352920647274,1835.6763465938664,-0.5311831908091167,0.1856632823162265,1529.6062,1163.7913,-341.31122,111.40733,145.40096,79.7155,-16.45933,43.743233,8.704257,31.312622,19.943869,27.737047,-9.677786,22.613298,-6.076688,18.03396,-4.179674,14.385186,-10.638687,14.164352,-18.259724,14.4274645,-14.919633,12.377364,1.1388776,8.186774,-5.010165,10.614633
G01_D06_K_19_Mutlu_C2.wav,GRUP_01,0.051377815387577006,0.048722001757288094,0.09230024,0.0810805,2265.8753369484893,2290.6629440028655,-0.1252232420376119,0.1540703944208758,1709.3226,1109.4299,-371.25565,129.53111,116.81426,75.077866,-38.338505,47.099728,12.290226,29.614588,9.776516,22.921988,-22.506678,23.002623,-7.545853,14.670507,-5.090871,15.704629,-5.8473516,11.748308,-12.300566,12.890368,-13.614416,11.730629,-5.899133,10.892846,-11.728992,10.545626
G01_D06_K_19_Notr_C1.wav,GRUP_01,0.043458048502604166,0.04056662374358671,0.06440041,0.06052623,1847.7159662747085,2006.1734681586504,-0.32247069245091364,0.4259935739983103,1543.0797,1079.0481,-390.69296,106.12289,122.18755,72.041306,-4.407414,39.076992,8.3893795,28.55259,3.3498073,23.68593,-15.396952,22.118893,2.7446043,15.473735,0.53072304,11.420899,-11.181363,12.817998,-7.5752063,11.603332,-4.5169067,10.525135,-5.8178587,10.507575,-8.806802,9.159885
G01_D06_K_19_Ofkeli_C3.wav,GRUP_01,0.0500271954113924,0.04356221605401668,0.07823773,0.083397605,2704.6837926926974,2849.4356110306885,-0.5344506857006467,0.3950336456844256,1725.3098,1089.5233,-388.76788,131.46678,94.53775,74.867546,-29.73684,42.63191,11.341878,29.7777,2.499703,24.016136,-22.585997,26.405193,0.6387841,13.553442,-1.1487615,15.232045,-10.737458,13.978472,-10.158762,11.572574,-9.098327,11.418543,-5.997901,10.447344,-9.404305,9.477154
G1_D05_E_20_Saskin_C5.wav,GRUP_01,0.048798957757190266,0.05565267771134701,0.08671596,0.08845,1931.4960111645291,1918.8590456058273,-0.3163240057717477,0.3986718007756819,1555.2518,1197.1465,-389.1956,94.11215,118.99119,81.85599,8.480254,37.659496,19.613787,41.725334,9.890101,27.007645,-8.286571,23.444298,-3.0404932,19.34483,-12.995867,15.834573,-9.717852,17.821836,0.44650134,10.835415,-5.111407,11.329098,-5.6492395,11.419701,-0.8169082,11.02823
G02_D01_C_12_Mutlu_C2.wav,GRUP_02,0.05613258670520231,0.06480702878536124,0.0765934,0.049158495,4858.714804422194,5742.685258505885,-0.22709105588673076,-0.09498876219189487,1162.4377,1023.57715,-329.5266,74.46195,66.58508,33.209274,16.53898,20.354004,28.751175,22.629744,5.199173,13.2231455,4.606084,24.391645,-9.376386,16.152054,-18.301783,13.523383,-7.5188384,12.118482,-9.910053,12.126193,-28.281462,11.406797,-2.3287206,8.788749,-21.431622,13.865959
G02_D01_C_12_Notr_C1.wav,GRUP_02,0.14323698879390018,0.13434363381830572,0.042026654,0.041986227,7013.035507302114,6394.170899802055,-0.055598180265464404,0.48999740492257876,1227.8359,1108.5168,-349.45944,106.019424,54.219337,42.08155,24.416977,22.377739,25.997118,22.48686,1.3509749,15.891259,6.545322,20.94451,1.7599556,17.159296,-11.933048,11.593851,-4.5732913,12.238036,-5.988212,9.973838,-17.650135,11.786869,4.77528,9.845952,-17.268381,10.968179
G02_D01_C_12_Ofkeli_C3.wav,GRUP_02,0.0707503852494266,0.09430688523168979,0.06963171,0.053962268,4722.856340226415,5533.188889254757,-0.37783926995581313,0.1457732532078362,943.1483,896.5339,-350.2456,76.43028,70.15889,40.19405,18.939514,21.42905,35.784927,20.020409,9.203039,17.294508,10.532124,20.684866,-3.1541455,16.532055,-20.828152,14.033202,-4.0608916,13.250054,-7.0057507,13.793438,-22.23553,11.238165,1.2732965,8.942786,-19.535688,12.090548
G02_D02_C_12_Mutlu_C2.wav,GRUP_02,0.052647073154885655,0.07055145716837809,0.059070982,0.04175145,4338.916678467327,5683.064811122684,-0.24465544005395973,0.07441203413158629,1394.6229,1151.1835,-381.78024,81.20922,78.22823,33.91257,37.58528,23.577106,25.055565,20.348526,-5.1049833,21.999514,0.66161126,14.897543,-19.059475,19.915157,-24.122847,13.802125,7.2960153,10.013492,-10.892333,12.759857,-29.52224,15.732216,-3.2578115,8.091567,-9.686166,10.344763
G02_D02_C_12_Notr_C1.wav,GRUP_02,0.057124714994635194,0.05434431179147077,0.049067713,0.030257415,4701.6353585830975,6000.792091007397,1.6513084678808767,0.4812743546684705,766.9853,738.5906,-349.3454,70.28877,90.14874,27.03151,43.125195,21.145588,28.132793,22.855171,-2.3024032,18.397966,0.07937,12.960906,-11.465236,13.938666,-30.646698,13.975883,-0.08177768,10.891019,-7.447472,9.37425,-27.818533,14.191416,0.7336089,10.342432,-8.57101,10.612827
G02_D02_C_12_Ofkeli_C3.wav,GRUP_02,0.06749143223752599,0.07611113512657214,0.07360483,0.046238106,4871.627079060483,5674.725601615801,0.5756443225088429,0.14710916009088718,914.9102,898.71735,-295.08582,65.71741,77.19908,34.09172,22.179922,16.652132,26.535835,19.413324,-18.670612,17.206823,-3.9065576,13.542375,-13.831,16.848093,-28.526087,13.099747,-10.128429,10.381926,-17.386398,10.727447,-29.38537,11.378373,-0.70918113,11.761934,-15.136434,8.203465
G02_D03_K_21_Notr_C1.wav,GRUP_02,0.12357708379919499,0.08455839375415368,0.056840893,0.08179866,4830.495558686605,4608.410643486518,0.08634462839732304,0.7902628665399132,1237.6036,960.94525,-365.5328,98.750206,96.118614,55.490562,19.074137,27.607008,18.493315,23.23204,-10.086961,24.115715,-7.689518,24.786789,-7.342535,17.335297,4.3641477,9.678601,-3.7842207,10.246315,-10.019462,13.478457,0.93489414,8.616348,-5.3654413,11.422208,-1.7261745,7.6253657
G02_D03_K_21_Ofkeli_C3.wav,GRUP_02,0.10211953922193878,0.08050406598016162,0.08279617,0.0933443,4279.01877244784,4273.116448067638,-0.19234672160070312,0.6879513988705089,1209.899,880.00055,-334.58612,117.57539,96.894844,56.62254,2.0418987,34.7568,20.053413,28.43832,-7.9958405,22.31768,-2.9860487,24.055872,-5.662572,21.40994,-1.0047973,13.822902,-6.014302,11.366899,-7.7107625,12.407413,-2.4146166,9.270168,-3.3210306,11.972958,0.19578844,8.834453
G02_D03_K_21_Uzgun_C4.wav,GRUP_02,0.09610172193877552,0.06690353351397266,0.07551478,0.08105097,4145.461400174184,4342.833560733734,0.06045051560296381,0.6426481280222671,1400.3954,1125.0372,-337.84738,111.95831,99.92409,49.24362,7.316801,36.759342,33.200306,26.09283,-0.62455994,19.13826,-7.5318737,18.139063,-17.070887,23.077326,2.7890182,8.955352,-3.3520663,10.621299,-8.893611,11.192123,-3.353873,9.288766,-7.9251676,12.812824,3.5281675,7.812863
G02_D04_E_17_Notr_C1.wav,GRUP_02,0.10860357973194748,0.08737644743624128,0.06980856,0.08771054,4374.70699479277,4350.882236912755,-0.09663309171293226,0.5370759397159431,1305.2213,1016.4735,-331.32028,142.38342,118.66172,62.365013,6.166907,31.935066,24.951958,22.874502,-2.715019,20.438665,5.535369,17.11782,-4.838783,13.456564,11.126964,9.377837,-10.654695,15.508954,-10.385133,13.978454,-0.7571624,9.521321,3.0847397,8.896096,-2.251641,10.771755
G02_D04_E_17_Ofkeli_C3.wav,GRUP_02,0.08435209297839506,0.07087603222712875,0.10822117,0.10681094,3675.2205684519495,3879.252569667212,-0.3773670999831049,0.39214426845739087,1363.9696,1097.9622,-288.80917,138.63445,127.78737,65.13807,0.33066285,30.961632,27.388752,23.272978,-3.3928928,18.595615,1.6329017,22.087358,-5.91349,16.114077,7.29042,11.969547,-6.8253818,13.266881,-16.453224,17.612278,1.3898653,8.342785,2.3374074,8.426927,-7.521119,13.342258
G02_D04_E_17_Uzgun_C4.wav,GRUP_02,0.10468123701009502,0.08170144830378145,0.078594334,0.07517331,3979.350103842998,3993.663227729975,-0.010254063010271874,0.5113566653988604,1597.4606,1133.8728,-298.6362,135.35876,125.62836,62.01615,-8.78038,37.179916,30.23938,25.411428,5.9503183,17.103983,6.86093,14.1416855,-4.690862,13.730679,9.8469515,10.280182,-7.6645947,12.7696705,-13.523695,15.455692,-0.13866289,11.084048,-1.7679344,6.9985614,-9.393539,13.223201
G02_D05_E_17_Notr_C1.wav,GRUP_02,0.08852618365719257,0.07717690822882615,0.055738788,0.058529828,4350.1201578135915,4430.467690611086,-0.3748878029472166,0.3978146133192006,1303.3352,1149.3915,-350.36432,131.93044,114.605804,64.531006,13.643038,31.082724,28.773762,18.717808,10.541261,18.499943,10.404755,20.712719,-5.900938,17.939323,18.664875,11.786113,-8.340736,12.75921,-13.291157,17.242216,-6.353926,9.573368,2.2232745,10.370721,-4.3763633,8.66408
G02_D05_E_17_Ofkeli_C3.wav,GRUP_02,0.1074775019778481,0.09099832781864008,0.08537577,0.09417409,4651.261613632749,4559.972665752861,-0.17986941326173822,0.5796876172167942,1305.883,1145.0204,-328.8449,146.86703,100.88336,65.30551,10.485196,30.844902,29.187773,17.781347,13.55388,16.139442,9.136168,22.389883,-9.874372,22.380703,8.542456,12.456267,-6.852475,14.847811,-7.38109,15.598363,-0.5266862,8.447848,-0.16462277,6.5172997,-8.71601,10.230912
G02_D05_E_17_Uzgun_C4.wav,GRUP_02,0.0934667494690534,0.08225024670888896,0.05982491,0.055063568,4059.434642504962,4165.745965161644,-0.3478886137552906,0.2801075029911107,1387.9191,1165.4504,-335.4936,119.48865,112.59531,60.44175,6.4382634,32.358826,36.539883,20.94407,23.286598,18.663221,23.699667,14.623698,-7.886281,17.076355,5.7771044,9.800477,-11.341859,13.438226,-7.5534406,14.775579,-0.894852,9.393226,-0.8424332,9.44373,-12.304349,11.400321
G02_D06_K_20_Notr_C1.wav,GRUP_02,0.10390393487338362,0.09369615551305757,0.02446926,0.02481449,4195.723505894113,4511.709032035084,-0.17031711181247905,0.5029133498234453,1736.2988,1144.6206,-446.18326,99.17976,89.81459,54.142605,8.834851,24.441494,16.788353,24.50086,10.398608,19.793877,11.497511,15.512764,-10.257717,19.59392,-7.2855277,12.176371,-16.08866,12.303188,-12.162045,12.824922,-10.020373,11.595914,-14.3622055,13.006798,-9.71505,7.922401
G02_D06_K_20_Ofkeli_C3.wav,GRUP_02,0.09948513775887574,0.1046262894097532,0.037969142,0.03794675,4023.449895546266,4288.904336926454,-0.14395257508411324,0.5024001090569075,1545.7896,1130.3579,-429.70517,112.479866,93.772255,60.5024,9.458472,22.398937,18.83534,20.557503,12.105732,20.931396,9.552553,17.339603,-12.0390005,20.210526,-3.698024,11.323384,-16.942982,13.955725,-16.000147,14.367452,-12.379439,12.454128,-12.693439,11.139898,-10.034182,8.638269
G02_D06_K_20_Uzgun_C4.wav,GRUP_02,0.09728442970459518,0.08095365932120735,0.027422769,0.027908277,3920.5955271195157,4238.221494805276,-0.10417531226599566,0.5559525535062558,1794.1108,1169.1489,-437.03638,102.97249,90.15825,48.817734,-3.6587822,25.152008,28.512997,29.382832,15.202283,16.793865,11.207277,14.523018,-10.550327,18.967901,-6.757927,12.525198,-17.85065,12.9618635,-15.179722,13.103368,-11.550586,10.248451,-15.756783,12.57946,-10.418131,9.432644
G03_D01_E_18_Notr_C1.wav,GRUP_03,0.03963694852941176,0.058327461791055024,0.10450957,0.09033502,1516.823879251916,1863.419967914439,-0.011975474493523082,0.20251344938194618,1066.0046,843.1208,-308.7321,123.92134,147.44708,81.34973,3.983449,27.474377,6.0583982,27.388893,-5.6502233,24.216702,8.316763,19.28359,-6.978695,13.413017,-0.72702616,13.104142,-3.7706254,12.879743,-6.9079585,11.225485,-17.80681,13.069132,-7.0374117,10.365154,6.081732,9.493862
G03_D01_E_18_Ofkeli_C3.wav,GRUP_03,0.04272303427419355,0.06944166316261509,0.15083367,0.09075851,1639.7759944355344,2063.717909370272,0.19962339504782559,0.2406624642800454,1185.637,1081.372,-276.1206,83.89126,163.89203,60.780235,-1.5656726,31.027796,17.797968,27.751213,5.9464784,26.452856,10.755894,22.172863,-8.032196,13.195315,-11.528705,15.5848875,-13.169845,15.890946,-10.020248,12.832463,-15.261366,12.404273,-0.10313888,9.7767,-2.447878,10.460553
G03_D01_E_18_Uzgun_C4.wav,GRUP_03,0.030242473323170732,0.03781587836842719,0.07258641,0.069264956,1412.12808898357,2002.6233290860487,-0.06010580395847377,0.2666214489301472,1086.6099,1013.3955,-379.97678,122.347084,139.6535,80.14819,14.73576,30.946934,19.03505,28.178108,13.6319685,18.63508,17.878334,15.008934,1.7379254,14.997154,-7.6438127,13.289696,-7.967866,11.93935,-6.210446,11.934961,-6.6427164,10.051979,0.6309426,9.644969,-2.3491213,9.857002
G03_D02_E_20_Notr_C1.wav,GRUP_03,0.03879867061491935,0.05724543570746915,0.071079716,0.03695418,1676.2600418112236,1998.1068722181722,1.16767411738284,0.5305524295814834,1387.3759,1265.0334,-349.74377,61.702477,156.84863,48.11341,-10.031921,40.576927,52.500362,28.02011,20.57185,24.888205,3.595645,16.6938,14.783105,16.152346,9.381034,13.482662,3.7850137,10.110786,-7.5616293,14.848431,7.880359,10.10118,-0.33560556,8.330985,-16.002893,13.098674
G03_D02_E_20_Ofkeli_C3.wav,GRUP_03,0.055975811298076925,0.07794829126717767,0.08622583,0.039861288,2134.947260288406,2147.787329359713,0.7827530832108273,0.35148903674336174,1408.4247,1366.2771,-329.8185,61.420258,134.0289,49.613174,-20.385393,39.641575,68.317,28.151024,14.029423,24.7495,1.2659363,18.704569,32.890747,13.890089,-6.294614,14.431566,-1.8300886,13.178227,6.8256054,14.537306,-4.699207,10.101982,-0.030846493,10.917617,-21.115799,14.377043
G03_D02_E_20_Uzgun_C4.wav,GRUP_03,0.04207710597826087,0.04783687078531511,0.07667344,0.04649675,1868.7537071399522,2228.6923468091177,0.496610940043098,0.5680440331624796,1656.7812,1354.6726,-351.9047,70.547676,129.92671,41.14477,-9.4302025,46.659817,63.14414,26.819033,31.626606,15.239762,21.106646,14.423893,20.364891,14.481726,0.005496073,13.287473,4.4206223,11.441882,2.6523771,13.211305,9.174147,9.965067,1.1212711,12.141341,-15.705007,13.454496
G03_D03_C_11_Mutlu_C2.wav,GRUP_03,0.04027769619360902,0.07133656260517417,0.06765744,0.030098364,1947.4004889866915,2914.213717626129,0.053299610969851204,0.09492025734991456,1330.1049,1162.0566,-387.5478,59.568645,137.77881,47.149593,20.66256,32.183407,15.460092,26.707808,-4.6774697,26.130676,-0.09736836,19.47229,-15.372073,18.544172,12.86927,14.534273,-9.303351,14.642823,-16.004316,13.07673,-3.2214227,12.785153,-6.324018,11.116962,-22.081654,10.304294
G03_D03_C_11_Ofkeli_C3.wav,GRUP_03,0.05888091738861386,0.11482879162784415,0.05886512,0.037566144,2424.097738133029,3278.641217957165,-0.07548058659699779,0.31743254857981423,1383.186,1237.9181,-420.23373,77.793594,111.86874,60.62696,31.910585,34.504837,20.292912,24.941626,8.1359625,23.53461,0.63869655,18.020298,-7.1196833,17.544397,4.3173475,15.44991,-10.362856,12.427609,-15.672241,13.630914,-15.221378,10.570009,-14.693038,9.668018,-20.256357,9.599691
G03_D03_C_11_Saskin_C5.wav,GRUP_03,0.08121778770876827,0.12111041761887452,0.04584658,0.03362938,3138.472727470967,3739.84055638113,0.1950286521382146,0.46714762962506207,1573.9141,1221.9647,-405.23492,90.079704,109.58582,65.29945,15.943349,36.010933,15.447325,33.240032,3.8320088,28.699749,3.1468346,22.75845,-13.149779,16.224157,2.9493105,14.148076,-10.713136,13.388518,-13.766072,12.96703,-19.905859,11.115218,-7.2462587,8.048128,-13.47784,9.705812
G03_D04_C_08_Mutlu_C2.wav,GRUP_03,0.04936154149159664,0.07974465185720297,0.09630615,0.05312191,2086.0983030121874,2760.6894224206785,0.08902635049351446,-0.0726098630038647,1063.4193,895.083,-345.24237,81.86451,136.91545,56.716557,-7.5423284,38.7958,6.023456,31.75153,-9.49722,23.14345,-27.842241,19.730642,-5.7773213,18.79422,-8.367806,13.047036,-17.849043,14.691976,-21.938616,11.93212,-13.744401,12.655938,-4.4785166,10.41565,-6.991142,8.136607
G03_D04_C_08_Ofkeli_C3.wav,GRUP_03,0.0542415247066787,0.10376759886026385,0.094475,0.060164567,2483.049274383066,3314.5381872974335,-0.010208636858670492,0.14278334531023282,1024.4857,1004.35767,-337.523,91.63853,119.87469,54.0854,17.924871,36.118908,16.261194,27.052673,7.8595796,23.781452,-7.2029786,21.324982,-12.348765,21.477058,3.3562334,11.549471,-25.654572,15.639319,-13.555155,14.701326,-11.909534,11.579572,-0.7055556,10.878217,-11.970701,8.41906
G03_D04_C_08_Uzgun_C4.wav,GRUP_03,0.054026661104368934,0.07193244413551778,0.08153129,0.05376664,2224.829210431804,3086.60913409902,0.1011453338722241,0.15071616250742628,1369.245,1131.6971,-365.55133,71.90254,131.84184,58.019127,13.778048,34.705276,4.7863755,32.659664,-2.7791214,20.216303,-10.3895855,17.186726,-14.930625,17.978582,-8.973186,12.662722,-19.788916,13.903739,-21.977392,14.950109,-11.974682,11.156206,1.76308,10.661666,-6.185759,8.8746395
G03_D05_K_29_Mutlu_C2.wav,GRUP_03,0.039780560661764705,0.07171821894953827,0.07771299,0.033935104,1994.7688442443118,3013.7878655961467,-0.015210928566337323,-0.16418946118960687,1095.3857,1080.5602,-374.26462,64.758316,128.73448,49.95735,8.161645,29.568287,21.94243,27.473852,11.68286,22.624294,-0.42839965,18.21863,-7.4441366,17.4036,-5.254793,15.48499,-16.15053,11.939653,-27.573723,17.160702,-15.940741,8.929859,-1.2596295,12.717579,-16.892279,9.065944
G03_D05_K_29_Ofkeli_C3.wav,GRUP_03,0.07133192104231975,0.12094642530989923,0.0849733,0.050100144,2866.080284266817,3204.5867924141116,-0.3169291263443506,0.040863717513427225,1118.8408,1033.4342,-326.6703,71.9456,113.91933,66.50016,-3.3627083,30.145708,13.632663,22.774733,0.51309025,24.105654,-17.571287,22.89122,-12.013747,15.45743,4.2774534,17.160627,-17.283306,12.372109,-27.860416,17.777718,-13.509259,12.361139,-2.5531127,11.84451,-23.978504,13.060003
G03_D05_K_29_Saskin_C5.wav,GRUP_03,0.0914524285368217,0.14122578914714023,0.048438977,0.02886192,3347.43734209656,3690.4838828639354,-0.02037643905674364,0.22690351218519095,1489.5796,1243.0334,-386.89633,81.384346,110.55779,72.20866,4.600278,28.203674,12.241407,28.778875,5.601971,21.658415,-0.8125684,24.687258,-6.389893,16.972883,7.1846347,13.552478,-19.887424,14.18539,-20.54779,15.700529,-8.558548,9.104772,4.9189787,10.584355,-22.701752,10.263303
G03_D06_K_48_Mutlu_C2.wav,GRUP_03,0.04499116903877888,0.06643962608746352,0.05581286,0.024461504,2375.6367661772524,3100.6423410735197,0.12395415925186797,-0.0669525286740503,1170.0367,1015.2612,-342.55722,50.669994,127.70344,40.61763,-13.432505,23.921194,16.37257,30.621927,-3.4107919,24.416153,14.983015,18.585245,-32.61458,18.618723,9.324787,12.888202,-19.525797,13.631481,-19.4662,14.105407,-15.12258,10.82063,2.5840006,10.934721,-13.00313,9.481283
G03_D06_K_48_Notr_C1.wav,GRUP_03,0.055958369006849314,0.0679814406740806,0.027251117,0.018484095,2607.9709060025425,3388.9181938723077,0.0490800414882545,0.29359246135416756,1211.074,1024.6809,-401.40958,68.48757,134.67,43.574524,8.012869,30.459314,18.578741,23.039473,2.7321823,26.912397,19.929377,17.790998,-19.760498,17.343483,7.7134924,12.3586645,-20.63293,12.661325,-10.333939,12.341479,-8.633841,9.260011,8.906865,12.029767,-6.386198,8.85615
G03_D06_K_48_Ofkeli_C3.wav,GRUP_03,0.0631103515625,0.08982756618307512,0.09000554,0.051191915,2740.9610659217687,3016.6572980667647,-0.03559096806274858,0.07610898975864688,1290.7788,1064.9735,-288.15787,77.54994,118.20976,51.05934,-18.350182,35.56828,13.573854,27.820307,-7.6479235,25.063154,1.876362,24.601353,-31.588402,18.751352,6.619625,15.147258,-18.531096,15.3586855,-21.966042,15.510356,-17.841923,10.15637,-4.195982,12.720721,-20.835382,11.324046
G04_D01_E_20_Notr_C1.wav,GRUP_04,0.03655371278355388,0.04055700279908349,0.056024134,0.06388055,2395.749886080218,3727.4316107602535,0.5511069769800958,0.6564803106478413,937.154,891.08875,-380.60803,142.82219,114.23768,52.57279,24.231092,32.532345,30.7075,23.154964,5.296632,23.034624,7.912796,17.425615,2.9704366,14.8238,5.5931826,9.366673,-4.980227,12.866261,-5.414964,12.964536,-4.4506407,11.466689,-3.28805,12.195531,-5.850123,11.570388
G04_D02_K_21_Ofkeli_C3.wav,GRUP_04,0.05116102430555555,0.07425673067416032,0.12063989,0.0922425,2140.2488772497513,2786.955547664077,0.10568798198857905,0.23738376887179946,1037.7561,888.00726,-282.20477,81.15834,132.51411,46.138355,8.670662,21.563194,28.857464,23.050968,-8.526333,19.650118,-3.054399,15.148409,-12.851613,16.070856,3.2888055,10.684223,-6.2384353,11.879947,-9.262848,12.299411,-0.85275656,8.981137,-1.4512086,11.690588,-0.15056248,8.748279
G04_D02_K_21_Saskin_C5.wav,GRUP_04,0.07749467329545455,0.08740388272109033,0.08089366,0.07069204,3080.578460793115,3254.95461858125,0.5806226739477337,0.22725937399807092,1245.488,966.45087,-294.44775,84.06975,112.58649,47.66246,-17.049314,31.069302,25.629784,23.996405,-12.786744,20.602406,8.06605,22.786953,2.6209748,13.839112,-3.0921178,22.893805,-9.754823,14.075074,-9.747341,14.372732,-4.549754,11.655788,-8.144748,12.400108,-6.292342,10.239926
G04_D02_K_21_Uzgun_C4.wav,GRUP_04,0.05955762987012987,0.07101715190568528,0.09873209,0.061528098,2558.8776731038915,3068.511331050684,0.6582668793209491,0.21167151539413837,1196.1998,1006.12415,-247.223,92.14389,135.76602,55.994633,-6.8128133,26.407518,36.564415,24.002333,-1.1792698,17.980715,6.622739,13.726816,-2.746992,14.853481,8.05752,10.855256,-5.872246,13.419981,2.65607,12.3529005,-11.242821,9.78495,-7.896502,12.201322,-1.5453255,10.652744
G04_D03_K_21_Mutlu_C2.wav,GRUP_04,0.04783715420081967,0.05686930730458878,0.1187617,0.08371581,2227.3407423275066,2753.546289879393,0.396204325077749,0.08672823300543626,1484.3464,1128.2523,-255.39856,87.31895,135.29947,47.359592,-27.365635,20.085608,23.305084,24.203762,18.610823,20.60167,16.396606,16.231483,-5.7458334,13.808386,-1.3694578,10.924838,2.1594667,8.551823,-10.517232,16.16284,-0.1024322,10.217945,8.838791,11.055094,-14.857012,9.450581
G04_D03_K_21_Notr_C1.wav,GRUP_04,0.04908615980691057,0.05969047712498271,0.07067744,0.060623486,2624.5828215854117,3456.3942644645203,0.3987724903992304,0.19776010998113405,1222.9084,1036.3523,-294.8643,90.386,121.02035,45.750484,5.027087,28.09884,19.99825,24.484854,2.405541,22.877695,8.713912,18.877981,-8.439706,21.240726,9.98741,12.347979,0.042035524,11.189863,-4.214762,12.5015335,-4.313704,9.920693,2.5822556,9.29386,-5.9275756,9.283455
G04_D03_K_21_Ofkeli_C3.wav,GRUP_04,0.048552727616782004,0.06618531526876661,0.10792408,0.07828575,2503.540662943998,3075.097305554435,0.461738662123161,0.07276233048691763,1263.1522,1037.353,-271.37164,94.86414,121.135056,53.39899,-13.301456,23.852882,19.570793,23.020962,5.434524,18.667196,7.611306,16.951138,-7.496788,17.138826,3.8954403,12.397644,-3.9099522,12.284948,-12.290116,14.815051,-7.755764,9.248778,-0.0625072,9.752803,-16.628508,12.821421
G04_D04_E_13_Mutlu_C2.wav,GRUP_04,0.05651746800816024,0.053892373634129444,0.11918339,0.08438981,2748.5205213557333,3110.5879279809383,-0.25788768753629215,-0.26453667545538134,1551.6151,1125.6736,-256.0254,120.36882,103.82283,47.968063,-39.88552,35.417313,25.74789,23.38298,4.8246865,24.355585,8.783332,22.80932,-14.299512,18.248549,-1.3706102,14.065517,-12.233633,12.504031,-18.5979,16.172628,-1.0270417,11.412399,-5.552051,13.795495,-8.60424,13.45266
G04_D04_E_13_Uzgun_C4.wav,GRUP_04,0.05487672552506775,0.044301818648632675,0.08429794,0.075191095,2495.1019385196955,2804.995294721744,-0.2714786305262874,0.08954001466097287,1791.9904,1131.4961,-304.99423,110.37908,112.2367,53.181885,-38.199688,48.493744,19.058691,30.569632,23.39149,21.867582,14.744954,17.260283,-11.892758,19.345888,-7.570536,11.466717,-13.891726,13.818664,-8.152637,12.148108,-1.4316256,10.028393,-10.621661,13.493888,-8.293563,11.243622
G04_D05_E_21_Uzgun_C4.wav,GRUP_04,0.03453382554945055,0.03884575368104316,0.052832402,0.033643223,1705.6634844459904,2535.5814427481487,0.43405251224132557,0.21882636761940835,1496.726,1274.3506,-369.81308,92.53039,142.68053,53.647377,2.8164196,40.17201,46.523067,26.950214,21.906597,17.404802,20.014809,13.327288,5.976017,11.23804,8.088347,10.569001,3.9771876,9.365096,-5.97271,13.272313,-11.589238,11.761357,-7.3853464,10.973962,-3.0508778,9.547191
G05_D01_C_09_Notr_C1.wav,GRUP_05,0.06292548676552107,0.07919568666845006,0.08592376,0.06929832,3609.085588393145,4637.3865494829315,0.2709624997320181,0.04909607856033982,1418.9918,1074.0785,-300.06573,99.57442,102.43981,38.700794,-5.9741535,36.690495,-4.986368,37.564804,2.5085244,25.48106,-9.807192,19.059212,-23.493654,22.792624,11.981023,17.777227,-29.27918,19.26634,-11.721785,13.322947,-8.880046,12.784762,1.0017316,12.212971,-21.247581,15.975573
G05_D01_C_09_Ofkeli_C3.wav,GRUP_05,0.07287685476618705,0.09088420864989027,0.14468528,0.102729015,3727.531784827215,4310.746252895635,1.2255166189477558,0.1515103513148603,1660.8105,1017.3075,-267.40347,79.73762,65.61201,36.903748,-45.701496,35.11722,-18.73134,28.885363,-8.247638,18.291796,-19.860601,14.973613,-34.85718,22.18073,-15.645573,16.959543,-21.031143,14.60314,-14.158631,13.234346,-9.679051,15.345115,-4.770762,9.380401,-28.546442,17.041819
G05_D01_C_09_Saskin_C5.wav,GRUP_05,0.09697802634928716,0.1153430629878223,0.092188805,0.080088004,4532.367217616567,4797.399407291288,0.3908079200936065,0.2393166406349098,1600.2764,1117.6128,-302.5496,107.02483,72.774895,53.32236,-19.350195,31.554264,2.1914043,36.763077,0.7370981,21.481617,-11.537335,15.375637,-22.813816,17.584553,-6.2773185,20.309107,-26.253796,13.253788,-9.2198715,12.549854,-9.560808,14.529774,-4.2001786,10.137748,-29.693089,17.007153
G05_D02_C_09_Notr_C1.wav,GRUP_05,0.09394139131214149,0.12407882577917213,0.076860614,0.053872123,4431.3848394229335,5030.027858988369,0.17585454131963354,0.03783419186811321,1332.9333,943.92267,-329.40845,110.39477,90.362404,48.112934,-5.9884543,38.586372,-6.761134,30.386883,-9.784649,21.315971,-17.077728,19.1945,-8.534603,17.717155,4.6839175,15.667877,-38.524853,19.773615,-1.6709497,11.473901,-17.184544,14.253146,-2.4191077,12.517238,-19.304106,12.514651
G05_D02_C_09_Ofkeli_C3.wav,GRUP_05,0.0862600615530303,0.10471540926291091,0.1482572,0.111122966,4102.934941441653,4443.869248770494,0.4712947586826955,0.2886590438555576,1722.8696,1065.1577,-260.926,88.41202,59.330513,41.227394,-39.516598,34.682446,-8.273832,29.547022,-12.325387,23.15359,-24.184605,18.610495,-19.417892,21.800598,-17.633148,16.203415,-32.576923,17.275267,-2.024412,14.992264,-14.079114,14.740609,-3.1027763,14.851221,-20.384968,15.650351
G05_D02_C_09_Saskin_C5.wav,GRUP_05,0.11942554175475686,0.16225050169879848,0.06784879,0.05643025,4803.178453294844,4850.452335168736,1.012407300047393,0.45038789283800934,1572.6222,1112.8389,-355.73788,91.77144,66.131065,59.416965,-7.8705945,28.52783,4.7774005,39.094955,-5.4177217,19.036213,-15.094535,16.804266,-21.834566,18.320026,-7.482106,18.61993,-27.852839,14.991124,-0.83263093,12.640909,-13.852237,12.668415,-5.310804,11.090116,-23.92932,13.522811
G05_D03_K_19_Mutlu_C2.wav,GRUP_05,0.044407667311946904,0.04825820214578001,0.09991079,0.083578594,1771.0125233569838,1723.045100207833,-0.17344288565779684,0.020103583610162127,1615.2617,1126.6693,-347.58755,86.24616,118.35402,65.37205,-7.950855,38.27658,10.845549,33.853317,6.2146573,24.281908,-23.181301,22.558924,-7.094006,18.618294,0.12531044,18.461182,-13.488846,13.892678,-16.206135,16.743702,-8.697337,11.173856,-7.7155766,11.476054,-9.441097,8.897078
G05_D03_K_19_Ofkeli_C3.wav,GRUP_05,0.04528376192098093,0.0602595765781272,0.13392685,0.09976369,1767.4270497756033,1698.4794210247485,-0.3963277617090951,0.26557796036640374,1393.7883,1171.3466,-306.9835,83.448425,136.65923,54.725197,0.9622628,43.97217,36.721233,30.78598,5.770536,26.443754,-32.405914,27.703367,0.30852556,18.653378,3.452386,19.839104,-14.656108,15.872539,-15.980298,14.546609,-7.0071826,11.184569,-4.5317593,9.524556,-12.083827,10.218587
G05_D03_K_19_Saskin_C5.wav,GRUP_05,0.06066607981220657,0.06481102485084789,0.07119947,0.057743113,2246.0786084938395,1988.9116280132669,-0.09532864030273773,0.37132484702693924,1618.8002,1185.9939,-360.94644,98.075806,117.24349,63.787422,-24.169935,43.43715,29.282974,35.24649,7.340786,21.01591,-23.867605,22.798101,6.199675,18.444324,-1.7608665,21.805922,-13.787079,14.644712,-10.581958,13.720633,-9.761215,10.863074,-7.345379,9.6870775,-10.489823,9.419045
G05_D04_K_25_Mutlu_C2.wav,GRUP_05,0.028062056678265525,0.035995996078293055,0.07448817,0.058992065,1269.5758488471772,1705.885526652059,-0.250457644080812,0.08641577705957569,1082.1091,1117.388,-421.03326,82.15282,127.5124,67.028465,23.370455,27.83864,22.767382,30.483269,15.702274,20.543194,-16.602243,21.710115,-14.526352,20.88253,1.802424,13.3984995,-0.07822613,9.411985,-12.169543,13.234534,-8.1931,10.143725,3.329289,8.685896,-2.132294,7.6063094
G05_D04_K_25_Ofkeli_C3.wav,GRUP_05,0.029378644587320573,0.03721164799817636,0.09375711,0.08149956,1476.6196785464224,1893.6188393539412,-0.45510218136677455,0.20342519001935414,1125.3179,1036.7916,-392.35257,96.29351,132.80458,74.8922,17.488274,32.282665,16.851204,31.19791,9.624825,21.070742,-19.212528,22.868082,-11.185208,18.604975,0.86745864,12.085349,-6.2083297,11.148461,-12.5321455,14.135884,-5.004607,8.571558,2.2668679,8.095682,-2.0682359,8.488155
G05_D04_K_25_Uzgun_C4.wav,GRUP_05,0.033699873554913294,0.04561599980945072,0.039011344,0.042535704,1456.244944788228,1924.9955634290702,-0.03467147625026452,0.5444822893082575,1155.2788,1174.799,-467.12415,83.58269,120.97271,67.06533,27.336138,37.374012,29.349163,33.651325,15.670067,19.455608,-9.651166,21.185513,-1.2432361,17.265442,1.5652208,11.390343,-5.27725,11.724089,-5.273335,10.977631,-2.1712904,9.20784,0.043007646,8.918023,-1.0302786,7.6269717
G05_D05_E_20_Mutlu_C2.wav,GRUP_05,0.026491195436507936,0.03919675117150238,0.10225598,0.088566996,1023.6845042979724,1232.8721337228037,0.22911832548478817,0.2645320619072954,1391.7589,1156.7659,-399.0669,53.183647,126.918526,53.207657,58.263294,43.113052,38.88525,23.497646,22.518127,21.671066,6.457998,19.279745,4.995313,12.348954,1.2783926,13.172579,0.3443949,11.265218,0.25448787,9.433019,-8.255307,8.629803,-11.546285,8.691654,-7.991463,9.964868
G05_D05_E_20_Notr_C1.wav,GRUP_05,0.030414223398169335,0.03842422131421877,0.09012877,0.07304523,1295.391999316164,1484.40450162073,0.29001956581274263,0.4597601329406623,1473.6084,1093.3735,-408.74124,75.780655,160.1268,67.38056,35.65372,44.238285,19.5932,27.776106,8.845754,25.586626,0.385778,19.50362,15.28801,16.323069,13.722882,14.143836,5.7296453,10.102142,-2.225726,9.942056,-8.944649,11.306653,-2.6778648,10.720778,0.53513384,9.598604
G05_D05_E_20_Ofkeli_C3.wav,GRUP_05,0.028758166719143576,0.04544325810564542,0.103897005,0.07880323,1172.8424874191546,1377.3338804071134,0.2563013888617029,0.29705101058056177,1514.4174,1236.1111,-371.87106,70.08005,139.28351,60.410503,43.90266,51.506855,37.86052,22.078527,19.65724,24.343699,1.2049081,21.24948,6.3724337,11.867706,2.839876,14.641762,6.48033,12.216841,7.044442,10.743731,-5.3920283,11.291521,-6.5034757,10.563944,-3.622863,9.453999
G05_D06_E_20_Notr_C1.wav,GRUP_05,0.04321906429597701,0.04630338902790703,0.06502791,0.070542835,1821.139607569148,1909.0400494186392,0.21422131752900825,0.53184516419712,1556.3672,1113.2467,-361.0092,107.652306,134.36452,79.25435,7.8139586,44.558907,21.292446,25.08338,14.841865,23.693567,1.0895623,21.464094,9.339148,17.50741,0.98872036,13.60624,3.1757438,10.897982,3.997741,8.509027,-2.6130702,7.555875,-0.94582665,9.852274,-5.15227,11.550249
G05_D06_E_20_Ofkeli_C3.wav,GRUP_05,0.048772786458333335,0.05803850791644396,0.077799544,0.07341086,1961.4251003139238,2083.8858742863376,0.31296662341681863,0.6284505840499469,1657.3163,1167.9858,-389.75778,125.48025,126.689445,86.85179,3.134393,46.896317,32.35386,32.899685,21.27619,27.24571,3.2270598,21.813158,11.7923,15.272844,2.4186468,15.360773,6.0649605,10.805554,4.856727,8.1081915,-1.8339795,8.792306,-0.034010723,8.539299,-6.448069,10.715363
G05_D06_E_20_Uzgun_C4.wav,GRUP_05,0.04776069401625561,0.04277497840348786,0.066015445,0.07107277,2010.132240695027,2192.714604381289,0.18499055972818987,0.5547339603382935,1783.7142,1159.01,-398.39584,119.45669,114.54512,82.04851,-2.305629,51.73587,26.951263,31.648386,26.00706,26.937405,9.130932,17.56818,13.438742,12.722103,1.5282761,13.791475,3.4162831,11.640113,6.128614,10.619791,-1.2643504,9.127244,0.5335068,8.826101,-2.8400364,10.231879
G06_D01_E_21_Mutlu_C2.wav,GRUP_06,0.048241995640962675,0.03943095168890926,0.051953584,0.04581195,2007.7576213523491,2235.2653545344233,0.6307765416563453,0.6536598478145248,1648.6943,1146.2091,-378.54916,116.0867,165.5103,68.57517,-20.757095,35.75594,16.8931,21.991306,17.647314,14.2460785,-6.274902,22.169971,-14.487779,18.552834,-6.478728,16.897232,1.5318905,10.984433,-7.2143474,9.971465,-13.326639,14.213141,0.43797323,7.717965,-4.382679,8.057868
G06_D01_E_21_Notr_C1.wav,GRUP_06,0.05267854610934664,0.04245410352968637,0.03920453,0.036337256,2059.174220757248,2341.350030189704,0.7840509069373908,0.5894451411123702,1643.9735,1130.0319,-381.45377,109.50434,164.0046,60.8732,-19.20117,33.096943,18.904013,23.293686,16.732891,15.678444,-3.6001732,16.22365,-12.655987,14.918775,-6.1768746,11.987687,-1.43074,11.94686,-7.920732,10.763245,-13.391326,11.604884,0.006265104,9.474845,-6.039735,9.18584
G06_D01_E_21_Saskin_C5.wav,GRUP_06,0.06009979036998617,0.04848868665077562,0.0415654,0.042916764,2366.078105268392,2558.5348573953866,0.7804695610542421,0.7307231180487378,1656.1509,1108.5032,-382.90552,119.85782,142.3019,65.72755,-19.720108,36.542164,14.145517,28.082487,10.509337,17.186773,1.534698,21.840258,-6.184003,15.129281,-6.8105764,12.667036,-4.936204,10.5355835,-3.6411772,10.861083,-7.551146,8.8718605,0.9626732,6.9897614,-3.9636052,6.9080067
G06_D02_E_21_Mutlu_C2.wav,GRUP_06,0.04735750960401891,0.04559851666738853,0.09612849,0.08233183,2025.7036144518506,2242.156406674032,-0.17812604017338507,0.360367999885288,1512.4502,1131.777,-353.28156,147.99908,136.53014,92.61157,-21.198505,35.33219,9.745767,25.990158,18.899837,22.310034,-0.18369865,21.141882,-10.346777,14.4699745,-13.301321,13.741548,-8.024835,13.386281,-5.460123,10.746316,-10.443355,13.089898,-7.5228996,11.047596,-3.9399524,11.527067
G06_D02_E_21_Notr_C1.wav,GRUP_06,0.039126888736263736,0.02483092014965714,0.071683384,0.06787936,1865.9771048541702,2321.2990316168866,0.01812408848405132,0.500151031945553,1160.0319,920.6643,-372.13614,150.7752,136.78445,93.14928,-14.4164295,34.236927,10.668417,21.84079,11.740603,21.306746,-6.977285,20.423414,-7.6919785,14.722148,-8.849226,11.019364,-7.804967,14.033829,-3.884926,8.534526,-10.244738,11.608829,-6.85151,9.91499,0.8040763,8.988095
G06_D02_E_21_Ofkeli_C3.wav,GRUP_06,0.043794875979112274,0.04623959608569668,0.09740194,0.0742631,1835.5298184433407,1993.4689106918777,-0.1407821552418911,0.3232561041837075,1168.0645,1018.80096,-323.36407,132.3275,146.64687,83.14569,-20.32293,38.58865,16.50958,29.320578,16.627285,20.820354,-2.4907813,21.902588,-7.4580274,14.025725,-11.90254,13.76309,-9.174286,14.862492,-2.3073065,11.823822,-13.042515,14.417831,-11.907598,10.579709,-0.3542854,12.000178
G06_D03K_25_Ofkeli_C3.wav,GRUP_06,0.04745456861413044,0.05217479652368571,0.084250696,0.09019545,2480.5520980193264,2667.6732576883815,0.02102706614173853,0.3113015573782726,1596.638,1193.751,-370.3811,115.12263,88.50427,61.602913,-20.439949,37.890804,29.025007,30.564634,5.896436,19.535246,-14.901881,19.206524,-4.1658554,14.442593,-16.267084,17.881466,-13.177272,13.625623,-14.980837,12.833192,-10.361392,10.38979,-2.8848934,9.539869,-16.385014,12.9243555
G06_D03_K_25_Mutlu_C2.wav,GRUP_06,0.04724198845541401,0.045219511842487105,0.07541797,0.07870491,2115.353897406205,2391.2144965457924,-0.641682716447767,0.22435593681931207,1725.7711,1190.4327,-392.2753,106.221275,86.869225,61.083363,-16.215782,42.379524,16.931936,25.78153,11.350437,19.000296,-4.122105,16.521591,-12.947581,18.140516,-19.174276,19.57063,-4.9963064,10.192933,-14.116761,11.634954,-14.285072,13.19994,-4.4956446,9.8919735,-14.842884,12.971498
G06_D03_K_25_Notr_C1.wav,GRUP_06,0.04416882827848723,0.049200943582430975,0.057450186,0.04569854,2217.2214457820614,2420.9760096359537,0.0032989026305651086,0.11508410366077272,1545.4922,1141.157,-378.66504,123.19914,124.124886,56.778122,-28.776426,44.702732,32.916573,30.342854,9.698268,24.223759,-7.6571345,18.66623,-0.7892436,17.953207,-16.68012,21.869192,-4.4148483,11.669927,-16.855553,11.416395,-14.405235,11.717748,5.349312,10.107236,-8.060636,12.048955
G06_D04_E_22_Mutlu_C2.wav,GRUP_06,0.04140748615506329,0.04218065622114665,0.12756176,0.089549646,1750.3046615418093,1918.707358051818,0.0841328342488127,0.391850721882787,1500.1384,1172.7311,-309.7302,123.104965,147.82767,77.41319,-17.77962,39.309418,29.650175,29.56258,14.243126,20.85785,-15.385033,24.897287,-7.499099,14.599241,-6.6805186,13.4099655,-3.3874123,11.678351,-5.49378,11.866046,-19.593872,12.921941,-14.461601,14.48627,-9.026371,11.032309
G06_D04_E_22_Notr_C1.wav,GRUP_06,0.044096057046979865,0.04052691204483241,0.082427494,0.07168497,1721.970755126096,2005.2578827549314,0.3635642088825804,0.5467601080858556,1327.7922,1056.0219,-350.44492,121.433975,140.0691,83.40253,7.965735,36.801327,26.10876,29.270622,6.267624,26.354992,-13.284444,24.466116,0.4941641,13.833648,-3.8225648,13.171657,-8.939501,15.47292,0.009013268,11.093618,-8.356001,12.438941,-12.83384,11.824368,-6.0230875,10.401008
G06_D04_E_22_Ofkeli_C3.wav,GRUP_06,0.050656532379518074,0.0648918467427931,0.1397641,0.10249364,1985.2554853775657,1998.4773705487953,0.46570806575396384,0.4112988096819502,1315.305,1052.6383,-282.59033,113.384796,146.03795,72.60587,-24.512829,34.49005,24.935658,26.380825,6.0911546,25.331984,-21.832874,30.735523,-8.431546,12.971786,-7.39225,18.04106,-11.219602,12.684553,-7.3050017,13.345573,-12.691103,12.837296,-3.3092396,10.39758,-7.1897216,11.965439
G06_D05_C_10_Notr_C1.wav,GRUP_06,0.0527069306206089,0.06985299923391684,0.07038124,0.059864637,2258.718136768904,2482.119191625805,0.0066234011044827845,0.29035773554744815,1484.6079,1062.0415,-332.5059,109.2115,118.89517,58.289238,-13.983806,44.736504,20.983068,31.653433,-1.6950829,25.262962,3.8481824,18.015364,-7.7811894,18.020052,-4.094394,13.8500595,2.2839282,13.084441,-16.943241,15.636783,0.7662838,12.040013,-4.978199,11.354846,-2.689588,10.187669
G06_D05_C_10_Ofkeli_C3.wav,GRUP_06,0.05793910743915929,0.08454591890417763,0.06751231,0.051247142,2422.2258762161637,2464.269417358508,-0.3764303466362933,0.2566050161146484,1584.1742,1178.4208,-363.06485,112.90817,122.18358,60.881275,-12.975921,45.560856,33.69811,33.97368,-0.050088797,28.720484,4.533817,19.056032,-9.358029,19.467173,-5.9683304,15.290168,1.8704791,14.360069,-17.330807,16.294455,2.6392179,11.791734,-8.951568,12.084674,-4.461442,8.996143
G06_D05_C_10_Uzgun_C4.wav,GRUP_06,0.056157430013020836,0.0661649206408038,0.060076594,0.044173352,2526.190829912127,2555.684056756137,-0.0016259531787960388,0.334760770326648,1809.1959,1220.2761,-372.58163,126.30219,124.23361,60.505985,-27.296394,56.521534,41.94965,38.97343,1.8356694,22.878294,7.8388925,15.599145,-9.075515,19.412926,-7.855179,13.905185,3.7294123,14.954285,-18.94026,16.186842,3.9198685,11.205688,-7.994081,12.389635,-3.7200353,8.296654
G06_D06_E_20_Notr_C1.wav,GRUP_06,0.06234019886363636,0.07857256719933753,0.032356806,0.026388219,2554.6040924772806,3004.1231690521245,0.03004906379108891,0.21208856132338114,1423.9595,1145.8401,-426.75674,99.88921,152.87637,70.91706,6.0220156,31.625605,27.983719,28.800581,6.6575394,23.317562,-12.674681,21.340618,-9.761935,16.258041,-6.582679,16.449219,-8.376791,13.28069,2.1356685,9.619992,-10.98576,11.7422085,-6.8032866,12.290301,-1.5508691,8.600221
G06_D06_E_20_Ofkeli_C3.wav,GRUP_06,0.06349226286173633,0.10125023824928894,0.093285955,0.053684186,2576.2089529784907,2891.4139479171895,0.9885253559249649,-0.03306426513575781,1263.4106,1159.9907,-306.51346,67.557785,147.71645,67.450676,-4.8060255,27.924671,18.361753,27.628643,5.216516,21.363417,-13.8929205,19.504427,-27.406414,17.713255,-11.938543,17.068937,-12.524314,15.680857,-10.4185705,13.874532,-23.098446,13.660064,-3.846093,11.83159,-13.709009,12.833391
G06_D06_E_20_Uzgun_C4.wav,GRUP_06,0.10554907722966728,0.09867174944327992,0.022321299,0.02295892,3819.5722840477474,3886.643289595882,-0.15086887178224614,0.4465745993556099,1740.9341,1208.2051,-477.88696,126.76243,109.06333,78.44528,9.286087,36.40235,34.95753,32.587616,6.7502522,14.9603615,-6.1243954,16.235353,-10.657421,15.060833,-9.022237,13.32895,-3.9061165,12.555103,3.9349484,11.179399,-5.451922,13.1264515,-0.09134317,13.861714,-9.613604,10.772702
G07_D01_K_22_No╠êtr_C1.wav,GRUP_07,0.06266443835910653,0.07594539790648197,0.09806128,0.05501635,3457.5153727790057,4697.447333211299,0.44416704865227985,0.17851770073672338,883.5165,794.6273,-299.80542,75.235054,104.31165,39.93563,36.214836,23.85014,9.318817,28.03277,-12.996092,24.549543,-1.0108145,14.445777,-20.05835,17.331526,-17.252825,11.515008,-34.08032,10.798411,1.2899413,11.626607,-7.6982455,9.339396,-11.5396805,9.146569,-10.761303,8.101972
G07_D01_K_22_O╠êfkeli_C3.wav,GRUP_07,0.06260463169642858,0.09049124667129434,0.15060103,0.07210584,4061.9187083248016,5061.833674314089,0.6975457410523344,0.24100092314451474,860.4606,758.1451,-272.95435,63.42902,89.41046,44.738617,35.97794,26.813051,21.11647,27.822897,-13.739013,22.176222,10.26935,16.831451,-29.909107,19.778385,-6.949606,13.546952,-44.8,13.994455,-0.55184895,14.00371,-6.3923807,10.692515,-6.3072658,11.17974,-18.341183,9.966093
G07_D01_K_22_S╠ğas╠ğk─▒n_C5.wav,GRUP_07,0.05551338195800781,0.08958945682545698,0.15544751,0.068318784,3875.020314206062,5165.103222418797,0.7534181949310771,0.07624531937189069,974.3191,899.8773,-283.10983,54.319054,78.13635,36.9278,40.072433,22.775414,12.625036,27.789936,-7.859015,21.782246,-4.75642,13.290924,-38.492165,20.588877,-13.325544,11.404119,-29.125624,11.058522,-2.2427335,13.822313,-12.816302,13.842659,-8.518223,9.682062,-23.398872,8.964479
G07_D02_E_22_Mutlu_C2.wav,GRUP_07,0.030609930945692886,0.0336635152388163,0.086651504,0.04554384,1385.3733151700594,1958.2560603975846,0.8934986312553078,0.5127665204542972,975.26874,940.8519,-312.07123,54.832737,203.95465,46.450706,-7.219943,25.93588,37.445343,23.12558,25.152966,21.6291,8.305196,17.191463,-14.787682,16.759844,-8.025267,13.714549,9.877923,9.0185795,-13.058546,15.268626,3.7988935,7.853942,7.815918,9.206902,-12.7321005,8.974619
G07_D02_E_22_No╠êtr_C1.wav,GRUP_07,0.04232496516719745,0.04585416506304715,0.03519557,0.020489763,1862.4777760915963,2494.098034558484,0.3053330768769656,0.558776917075817,1272.8906,1148.7401,-357.10553,49.443455,182.4646,39.446205,-23.911366,26.246973,56.36613,25.482561,10.491235,21.448616,11.6328535,14.668555,-10.852455,15.0523205,0.93100303,9.636551,13.625641,8.869442,-11.40762,11.69157,7.943908,8.437601,-1.5756241,7.8945184,-2.6894708,8.581022
G07_D02_E_22_S╠ğas╠ğk─▒n_C5.wav,GRUP_07,0.0562244093561747,0.06514439081714898,0.07878946,0.06341422,2042.3070503288561,2317.1459957206325,0.4053927465010782,0.5940237860936177,1405.0071,1209.5679,-313.0308,57.281002,162.2639,56.26009,-4.8947535,36.412395,50.586857,32.579952,11.390964,23.547455,2.1591473,19.023172,-6.483188,15.346806,-5.121236,11.617514,10.409552,11.18997,-6.463124,13.464265,1.516557,7.915455,4.1899104,8.707794,-5.2213416,9.216878
G07_D03_C_14_Mutlu_C2.wav,GRUP_07,0.08545340401785714,0.09155812660566122,0.081171885,0.043898616,2871.951777624161,2373.7407970169584,0.20008906952423672,-0.06391696303952708,1604.0695,1007.06793,-282.55588,54.549866,116.750046,46.426228,-69.161476,26.66756,28.318714,34.51462,-6.718551,23.061157,-7.3552666,19.67818,-21.748556,18.154303,-14.087703,15.212381,-9.160804,11.891455,-15.120537,11.92911,7.162415,13.825915,-17.812138,10.730374,-8.467524,10.14698
G07_D03_C_14_Saskin_C5.wav,GRUP_07,0.12255725231799451,0.10786676949317459,0.050381802,0.052209932,3530.1224440649075,2617.1604779392005,-0.2513354413995709,0.2676315231822891,1651.9324,1004.01025,-329.60883,62.097717,98.786865,50.96621,-61.360916,34.08065,30.652996,40.077606,-14.54629,29.614,3.2513,27.715483,-5.7830796,12.316474,-16.377024,18.363762,-4.3468714,16.145788,-13.373057,10.562053,-4.540179,12.497911,-17.835995,11.826733,-0.004852295,9.482812
G07_D03_C_14_Uzgun_C4.wav,GRUP_07,0.10314969212699317,0.16416069100198208,0.080306485,0.042452704,3246.0406901002702,2530.218004526952,0.003831958967123596,0.34234863254218617,1674.2666,1178.0847,-291.92114,81.24978,130.96901,49.427177,-52.109848,29.88371,39.197136,31.536598,-2.5332265,24.06316,-2.7031214,20.405006,-18.40901,17.273972,-4.9337215,16.601406,-3.3757796,10.351395,-20.00697,13.100954,6.009084,12.956544,-17.266754,10.8778105,-9.39986,9.70683
G07_D04_K_42_Mutlu_C2.wav,GRUP_07,0.08170354446308725,0.14298056966381742,0.12188986,0.0690083,3060.0267261259064,2730.9542813680773,0.5644908205615936,-0.13579776327660434,1361.914,1042.8895,-281.86243,61.555904,96.88181,41.222973,-30.80786,32.510715,28.226242,33.7121,-26.168325,24.255991,4.798661,18.455385,-11.490593,16.46403,-18.039957,18.031473,7.3080873,11.566799,-24.710878,12.889247,-12.359285,12.82188,-10.57657,15.921206,-6.973018,12.28972
G07_D04_K_42_Notr_C1.wav,GRUP_07,0.07894400663154069,0.13261000799533973,0.08994708,0.062607765,2619.777884110108,2533.048933478274,0.1295697184496543,0.1139753639937073,1138.3994,943.62683,-292.70468,75.924385,151.28664,48.638374,-12.816333,34.684727,25.795973,32.00526,-27.202078,26.658384,3.9227192,20.768784,-14.949942,15.094536,-15.122388,17.748903,21.428957,11.884311,-7.5283756,11.570523,-8.757031,11.622851,-9.158489,10.516738,-0.09012551,9.950776
G07_D04_K_42_Ofkeli_C3.wav,GRUP_07,0.05758949393656716,0.07560758834398587,0.14240661,0.06530692,2377.178914106421,2406.3321835235315,0.5778743895150783,0.19671808341858063,1292.8735,1023.1089,-248.91367,56.072353,124.95511,40.382427,-49.741413,34.833153,26.223152,36.158257,-23.49229,25.531847,4.383419,22.167545,-11.780868,13.265827,-27.363537,17.853275,-2.9510581,12.20049,-25.458157,13.2556715,-12.656551,12.53564,-14.697549,14.78149,-10.701004,9.943955
G07_D05_C_11_Mutlu_C2.wav,GRUP_07,0.07075749870152355,0.08280217717793026,0.13173585,0.09063568,4880.416554926755,5698.667580291452,1.4607121130170868,0.5157111317590249,1396.612,1176.6677,-286.431,119.70532,60.982025,46.886497,8.227917,28.178335,8.878919,29.939993,-3.7886817,22.250952,-15.894033,19.846457,-24.820215,22.062298,-5.328109,14.190262,-0.44858912,13.805653,-23.77545,17.849539,-9.36536,12.445421,-10.121153,9.5409565,-16.676046,12.168627
G07_D05_C_11_Notr_C1.wav,GRUP_07,0.06415856402853261,0.06693195385140392,0.07280053,0.054636825,4278.71297263321,5445.820697905124,1.4123387058011647,0.5153905221281792,1304.9878,1001.8432,-317.35196,123.73816,101.091774,42.717896,14.9994,25.003216,0.54277503,27.383041,6.185438,21.539774,0.37564716,18.871647,-32.600346,25.73005,-5.3266706,11.934713,4.3443193,12.74111,-13.269744,16.519575,-0.8028397,11.001489,-18.951275,12.53128,0.31142178,9.771777
G07_D05_C_11_Uzgun_C4.wav,GRUP_07,0.05605958319591029,0.05738663902756078,0.10192819,0.07577207,3636.3109589493365,4566.7803498893,1.9494456655931462,0.5072029343542995,1733.6322,1300.6704,-305.82062,100.94677,90.13689,50.132755,7.1312866,28.924768,22.386122,24.847872,16.4885,18.23926,2.070829,13.282753,-43.304646,32.608746,5.480195,9.94539,-0.562556,13.256626,-20.84407,16.715414,-7.9564824,11.200287,-8.168262,11.136574,-8.800505,9.187447
G07_D06_C_20_Notr_C1.wav,GRUP_07,0.05375423337438424,0.056790339141534765,0.05123421,0.054021176,4083.182205003713,5348.256245689621,1.5339358472189482,0.6755098857541544,878.33026,737.87616,-373.4792,126.66529,123.9955,56.30023,36.768806,22.81639,1.4629403,17.983122,1.3903177,20.591623,12.976077,16.319689,-5.0266085,18.57502,0.36566627,12.0252285,4.844548,11.7942505,-4.665287,10.085887,-4.191485,10.185176,-6.521888,11.358746,-4.095921,10.013425
G07_D06_C_20_Ofkeli_C3.wav,GRUP_07,0.06695248382260101,0.07564225365088048,0.0789889,0.07422385,4428.814211057166,5370.423613295067,0.1464653556256635,0.4141177270389821,853.16754,835.42786,-336.2223,141.186,109.68648,63.395252,23.67573,20.89697,8.22041,19.382437,-0.04721208,17.856056,12.631452,15.787321,-4.6965156,17.312675,0.77244693,11.998046,0.16543657,13.848292,-7.6927114,14.454517,-1.6603405,11.470105,-7.5302267,9.888319,-9.921838,10.875596
G07_D06_E_20_Saskin_C5.wav,GRUP_07,0.08849609375,0.10551732701723747,0.0831626,0.07691888,4626.9109164415895,5404.275622571304,0.06739702403642944,0.43365748311461,1135.8872,1068.5476,-310.82617,129.99849,94.800385,61.290085,21.203444,23.631378,8.848427,25.30844,-2.591371,19.582218,11.853144,14.742033,-4.034722,18.073116,0.66849905,12.018591,-4.241916,14.843602,-7.5655084,11.851862,0.9977892,12.655957,-7.3496323,9.701414,-8.713096,11.227988
G08_D01_K_20_Mutlu_C2.wav,GRUP_08,0.03283463541666667,0.020649181475566873,0.05515245,0.035369117,1789.367577617581,2215.9277672260537,2.0508167623185836,0.04742216285407582,1277.3206,1056.9049,-309.543,85.83475,165.19415,46.257236,-34.918705,11.489659,40.960556,14.802782,4.992746,11.22938,1.000479,10.835276,-13.405751,10.0451975,-6.8506293,6.874604,-5.9027357,5.92927,-5.594432,6.761588,-3.0799081,5.4588876,-7.436603,5.5812216,-1.1403992,5.651262
G08_D01_K_20_Notr_C1.wav,GRUP_08,0.026168709086658352,0.020231613181262847,0.036733177,0.024357315,1412.977253575141,2057.610213538994,2.1662508469859523,0.41242738502572124,759.6502,575.3336,-368.44528,75.93125,178.22551,51.050095,-2.0581484,15.508013,24.676487,17.93577,1.1330312,16.014328,5.1868057,12.753372,-2.9068072,12.904069,-9.808316,9.263234,-2.6497855,8.999936,-0.9956341,7.5585585,-3.9065306,6.5999866,-3.1191773,6.6860557,0.56150717,6.697508
G08_D01_K_20_Saskin_C5.wav,GRUP_08,0.024869791666666665,0.01870676759097875,0.03130569,0.018141635,1424.9968467078088,2169.286818679917,1.8261502314893838,0.226187889388219,626.50616,536.40826,-387.45502,77.38563,178.04314,48.43172,-2.0083907,11.888581,41.64339,19.179213,1.8987099,15.197673,7.8924108,12.802956,-1.7282665,9.794021,1.5782841,9.125748,-0.32893914,6.656184,-3.3394246,6.0602336,1.1547552,6.621027,-1.9965941,6.3059187,1.2134712,6.627468
G08_D02_E_20_Mutlu_C2.wav,GRUP_08,0.017815825464628298,0.018280670249053516,0.08322301,0.05874566,1162.4534932373788,1827.2329375657534,2.0126358077377207,0.4147413814064542,638.6884,472.62915,-338.80292,71.83395,173.21272,51.6797,12.2218895,16.377583,20.176504,20.615173,4.534312,14.659458,10.908115,14.429414,6.548285,8.721452,-13.801255,12.291046,-2.797466,8.520208,0.975301,7.8777432,-8.550109,12.231977,-3.425258,7.883135,-2.23202,6.239402
G08_D02_E_20_Notr_C1.wav,GRUP_08,0.020718581384892087,0.023707966696579808,0.054766648,0.03996377,1164.911967348665,1858.7499103203047,1.7589069924300438,0.09342079694417256,669.25073,470.2815,-358.78867,77.79827,189.67264,56.004677,14.110944,14.783212,27.856977,18.134253,-1.5636314,20.05637,5.5125856,13.894276,2.8960028,8.396018,-7.7437844,8.3561325,-3.9019427,7.5190735,-1.9338514,7.4019976,-5.3843923,7.7876573,-3.9922245,7.4350605,0.9836684,8.56647
G08_D02_E_20_Ofkeli_C3.wav,GRUP_08,0.03736058428452116,0.0693941707315962,0.11069985,0.09679627,1574.547825787069,1934.4067327883592,0.9623790498051749,0.47083178843982176,821.7284,762.36707,-288.58908,69.9298,151.36583,55.95416,24.394047,21.375021,26.289991,25.886877,2.8578227,22.204784,8.910741,17.411886,7.1605062,10.432786,-6.112067,9.762747,0.27189952,8.460645,-0.30226663,7.428846,-6.659584,11.331978,-2.8579268,7.952919,-3.1567926,6.229344
G08_D03_K_19_Notr_C1.wav,GRUP_08,0.03649293316160521,0.0376286226834392,0.060767103,0.0521272,1865.994850451909,2145.378247866276,-0.39369779758655327,0.22945427403943,1513.5728,1104.5072,-411.24756,105.91194,133.03777,70.46409,5.3345904,35.570312,28.40295,27.098066,20.529228,23.938147,-8.5985775,19.3723,-1.8907683,18.265991,-8.93967,15.858308,-13.854043,13.391392,-3.4189122,9.890258,1.5788203,10.304042,-5.093875,9.501319,-9.536098,9.955907
G08_D03_K_19_Ofkeli_C3.wav,GRUP_08,0.04158339389534884,0.04519135518110304,0.09919954,0.088285245,1872.8165904664938,1970.806268628403,-0.4688262830779698,0.2694073051988209,1662.3579,1145.5505,-375.2616,95.13322,122.97378,64.64127,-3.4537811,36.85941,27.004307,28.473953,31.360954,26.204174,-4.206589,17.739254,-3.94653,19.394808,-0.795012,15.057195,-7.9289317,13.091509,-13.624389,15.252685,-9.420051,10.332669,-5.668426,9.55649,-12.633064,12.055578
G08_D03_K_19_Saskin_C5.wav,GRUP_08,0.04943042557932264,0.05506244429981673,0.07438133,0.06302699,1942.8410434351376,1951.5103978416325,0.026714803844779502,0.3205657937240543,1458.1858,1145.2529,-394.1902,92.54871,115.22933,64.59377,-1.4765197,36.98482,34.021904,40.732445,17.277071,25.902445,-19.279175,18.89388,-6.742179,20.117056,-4.9384193,16.299528,-11.628735,13.616797,-13.004931,15.133565,-6.00097,10.481169,-4.2425094,10.14603,-12.00228,11.006067
G08_D04_C_15_Mutlu_C2.wav,GRUP_08,0.028825895054133858,0.03369659737109195,0.09981064,0.102439426,1793.931429689266,2061.0839961167726,-0.1247034173782761,0.3560532233238004,1537.3457,1052.837,-384.85046,77.69763,103.933334,63.307198,15.375804,32.752438,15.862584,28.085878,21.890875,23.8595,4.304501,13.217912,-6.399685,15.808439,-10.281496,14.220789,-8.877868,13.216885,-8.444881,13.56368,-10.520193,12.290209,-10.537225,11.796945,-8.953403,10.969657
G08_D04_C_15_Notr_C1.wav,GRUP_08,0.027892447388438133,0.021869392000410125,0.094477996,0.10502258,1739.359605081463,2088.2631744002356,-0.24226427998930253,0.33972968508547535,1424.1592,1092.7314,-365.3905,82.971375,100.64983,62.13863,17.646132,33.288155,17.281263,24.809423,14.0187025,21.267857,-3.8658168,18.686646,-0.46962714,15.421459,0.15423757,11.220932,-12.201069,13.504192,-16.882254,16.645342,-5.889367,11.752659,-0.96829724,12.39218,-9.8788,10.543986
G08_D04_C_15_Uzgun_C4.wav,GRUP_08,0.031086955037150348,0.03526899387327774,0.09009588,0.10774625,1764.651634786543,2039.438276960601,0.5371486543879987,0.5924002107904786,1456.0632,1041.1597,-372.53925,72.699356,100.06051,53.38836,17.510605,36.245926,24.274708,27.7603,23.57762,21.267698,7.3752303,13.733673,2.176973,15.683168,-6.7800474,12.767944,-10.031713,13.370333,-9.710865,12.008052,-9.294075,11.662056,-7.963722,11.273798,-10.731634,10.433926
G08_D05_E_21_Notr_C1.wav,GRUP_08,0.034489686222752045,0.038393966289580396,0.09392514,0.066494025,1405.975802504863,1517.5555229694662,-0.0740455788207024,0.32797185217860525,1442.7213,1159.6045,-359.00806,94.51745,174.22835,60.65069,12.946792,57.632313,41.073708,27.841469,17.929646,22.093143,-17.383602,25.461239,6.940262,17.009457,6.7037272,15.5286045,-2.5201268,12.911715,-5.20495,10.138646,-5.197408,11.502346,3.5939755,10.862463,-2.002474,10.572605
G08_D05_E_21_Ofkeli_C3.wav,GRUP_08,0.037056354561237376,0.051548309818674455,0.08159951,0.06281132,1475.613487552975,1748.1902276624648,-0.2590873663419315,0.26250486368284204,1234.8346,1213.0834,-381.78143,98.481606,147.53319,67.393394,29.176668,52.76343,52.86998,28.72081,11.471994,20.213245,-19.880457,26.512665,10.088712,14.442547,-0.4930332,14.289983,-8.374884,14.104048,3.6215224,8.089409,-5.257032,10.492916,-6.780089,10.029962,-0.44039825,8.176729
G08_D05_E_21_Uzgun_C4.wav,GRUP_08,0.03503502155172414,0.04169342575792095,0.077679306,0.06463278,1538.6625568213083,1739.4235946083113,0.2659010504500615,0.44980353908846643,1534.4191,1275.3093,-377.01443,91.296616,133.5402,62.999046,12.622291,56.82496,45.920788,26.528965,36.2086,20.826723,4.8912206,15.617313,5.429195,12.957767,-3.4880075,15.836194,0.1762555,13.304261,1.5139618,10.961832,-5.1402726,11.03505,0.80343866,11.520722,-1.3438839,9.950366
G08_D06_C_7_Mutlu_C2.wav,GRUP_08,0.0412798655559739,0.037878842041691244,0.10855458,0.080557615,1602.2670001907613,1541.027296221216,0.06881657825378625,0.17853285858851678,1516.8336,1056.3998,-328.83432,74.548355,132.80594,49.95205,-20.050262,36.885933,-1.8257883,33.75252,0.10659992,26.901125,-28.339483,20.948792,-7.4688272,17.842785,-4.7106338,13.273509,-24.10281,17.934036,-16.684065,13.929234,-5.347728,12.856328,-8.373289,11.272109,-8.043971,9.484481
G08_D06_C_7_Notr_C1.wav,GRUP_08,0.03987837924453054,0.023960026279503055,0.0866897,0.07746476,1498.673624905383,1496.7363788581029,-0.16899006707169145,0.2873677887234617,1429.2966,910.2335,-360.5163,80.29329,133.73512,54.193615,-11.472117,36.476643,-28.819424,30.519238,-12.814053,23.13455,-16.039501,20.132086,-4.1378174,16.854788,-3.6331534,13.544694,-18.104527,14.507484,-14.283041,13.864779,-5.217931,12.516533,-6.4842377,10.159732,-7.2556086,10.823421
G08_D06_C_7_Saskin_C5.wav,GRUP_08,0.049047973025497515,0.048604400954806115,0.10086257,0.09201192,1759.0763176479284,1662.1265356043855,0.14861574704532426,0.3898755327698754,1559.5231,1069.2638,-340.45438,75.27853,114.71797,48.39853,-12.174174,36.307674,1.5642895,29.07157,-1.2730168,22.194977,-24.574863,20.332632,-4.4553194,19.740017,-1.9457457,14.187427,-16.374578,16.612055,-9.491144,14.425967,-3.5170813,13.110579,-7.761765,12.487155,-7.5757923,11.174977
G09_D01_E_19_Mutlu_C2.wav,GRUP_09,0.047130276864035085,0.05876507685428495,0.07580927,0.043223765,2167.666214815116,2889.063858020369,-0.18398402011648635,0.0754491008732596,1293.4349,1091.3746,-289.68555,67.10355,158.67796,48.438427,-11.345432,27.611643,33.989243,18.31274,10.921435,18.898344,25.553583,20.762066,-6.79675,14.456294,-0.22419348,11.768322,11.44183,11.900653,-23.466707,14.701911,-27.49155,11.881198,6.976792,10.679641,-8.138904,10.024739
G09_D01_E_19_Notr_C1.wav,GRUP_09,0.04211764865451389,0.04657905355934275,0.04981764,0.032773722,2161.4454647593616,3149.8382721881467,-0.18504621639564517,0.1985401544611763,1050.6718,959.17975,-333.46344,63.341892,158.4184,43.420155,7.3936267,25.202915,38.17102,19.646355,4.5789127,19.752256,16.280104,16.476852,-8.305932,14.1293,9.98067,10.285556,8.142059,14.250114,-18.665215,11.7254095,-16.98326,11.436122,4.4070077,10.511171,-9.3412895,8.609869
G09_D01_E_19_Ofkeli_C3.wav,GRUP_09,0.055224435609430605,0.07339751523485889,0.083665766,0.04065723,2307.669441043712,2806.20845673351,0.7480190532734581,0.28084488234025345,1337.7067,1176.7946,-272.98196,55.78442,155.56891,54.82566,-10.282743,26.458538,49.04417,22.404942,7.7637763,22.273386,21.332878,20.357676,-9.196031,14.714448,1.6532453,15.073582,11.107927,13.429432,-17.81753,14.207918,-22.454021,11.073746,5.2807946,10.505478,-8.056455,9.575479
G09_D02_E_19_Mutlu_C2.wav,GRUP_09,0.04561567164179105,0.04875211006537806,0.087126605,0.077701494,2478.760596087888,3202.462768268716,-0.353904053538051,0.15526869361242399,1138.1472,988.68463,-352.99707,134.70702,119.59359,73.54555,-0.62526757,24.5387,22.87208,21.428972,3.5444598,16.618605,14.055667,19.113,-0.17154668,11.794571,-20.523527,22.560852,-3.1030686,11.508845,2.6963599,10.763796,-18.657549,17.264317,-1.2391834,9.1059675,-7.093397,8.850927
G09_D02_E_19_Notr_C1.wav,GRUP_09,0.07011342546147672,0.05159769461826704,0.04051221,0.05692072,3317.4681231615286,4135.14351576493,-0.13242730105470726,0.7110452509165329,1116.7653,878.30927,-456.59198,147.82393,84.61644,78.131996,10.711213,21.996586,20.070946,21.866222,2.0525987,19.003157,2.827025,11.970452,0.52826893,11.1135,-0.29072163,10.171733,-0.57686836,10.582236,-3.9420552,12.08131,-5.7871947,12.568378,2.5957806,10.295861,-7.8708196,10.406794
G09_D02_E_19_Ofkeli_C3.wav,GRUP_09,0.05363749129526462,0.06885206865625279,0.124866195,0.09453877,2546.9222781149947,3081.833929042198,-0.38833517393409606,0.06030877877512305,1010.418,968.0482,-331.00653,130.72377,122.3424,72.73606,3.2476304,28.673008,37.4208,28.252073,11.324556,19.975012,14.542739,20.85457,-7.352421,13.527358,-20.648952,20.18751,4.106066,10.210677,1.5262109,12.459028,-25.716152,18.790684,4.92317,10.850583,-10.921368,10.029298
G09_D03_K_50_Notr_C1.wav,GRUP_09,0.026963438531353134,0.017858397767562158,0.009638829,0.011455551,1917.1975748935372,2708.228593408389,1.285875292963123,0.9299960599899714,1405.7085,984.3779,-601.78516,77.62668,132.65054,74.34578,37.999195,31.203638,-0.9828169,22.537754,2.10832,20.264906,5.6043196,13.330264,-0.022456707,11.641927,-9.013607,13.200475,-10.49512,11.703503,-6.756128,9.116539,-8.306494,9.226411,-10.411306,8.971393,-8.83994,8.885009
G09_D03_K_50_Saskin_C5.wav,GRUP_09,0.029599266721491227,0.0246764815605403,0.02875814,0.03096292,1642.4864321383536,2216.4902152745876,0.11012920884386479,0.6634040087836208,1425.2964,967.62946,-510.56415,69.74036,100.80966,60.11003,23.85907,24.905178,5.722449,30.1021,3.6655624,18.568642,-1.6640896,13.318829,-1.0328912,13.08987,-7.2512865,12.847948,-12.73129,12.701054,-11.595185,12.015371,-14.107942,11.539447,-14.534065,10.887517,-12.8146,9.109241
G09_D03_K_50_Uzgun_C4.wav,GRUP_09,0.03152890625,0.025149387966467308,0.006916446,0.008029997,1625.4414923691422,2624.4267679100126,0.821747209857416,0.8551099465211601,1318.631,980.741,-630.0132,57.69018,138.35541,50.92058,34.505417,35.86204,8.061669,26.49662,15.389856,22.446152,7.168954,14.872688,-2.6527677,12.648225,-7.1538577,12.702925,-9.422539,11.264669,-10.480802,11.199739,-12.328286,12.336658,-11.7828045,10.564004,-10.642644,8.53391
G09_D04_K_25_Notr_C1.wav,GRUP_09,0.05314769190871369,0.05142434268168782,0.06361301,0.061597332,2326.8786380707775,2356.7313483609455,-0.43970552896855425,0.4202164880791176,1436.6345,1142.0275,-409.19476,120.288055,123.059135,80.70733,-6.8464947,44.51945,24.95103,33.85046,4.2405376,21.316916,-24.323,26.021673,-2.1175888,17.954329,4.3397527,15.914576,-0.656067,10.811761,-10.642898,15.324369,-5.3427773,11.127962,1.4798108,9.623275,-8.900239,10.150206
G09_D04_K_25_Ofkeli_C3.wav,GRUP_09,0.05032062530517578,0.060013658714737884,0.090199426,0.08780284,2317.8069757420726,2300.7227605937233,-0.37330619697536893,0.3400234391495793,1138.5627,992.2996,-349.31546,105.54627,101.21634,62.909344,-10.210648,42.742584,30.079414,32.133583,-0.17992544,21.930067,-24.42619,28.659903,1.484051,16.882114,-6.197386,21.006016,-12.272464,14.819043,-10.13923,17.432426,-4.5562754,10.354377,-2.3635635,10.73326,-13.980463,13.918084
G09_D04_K_25_Saskin_C5.wav,GRUP_09,0.0736907474578373,0.06573259202889208,0.062486406,0.07350463,2908.7137820168336,2625.730667431961,-0.27324703094309444,0.48897324542850684,1470.2695,1077.33,-398.55582,101.75731,67.113144,58.291794,-18.568897,34.284958,23.170303,38.58187,-11.775746,21.61333,-24.169651,23.481974,5.1954355,16.241207,-11.097449,18.804996,-15.230951,15.24143,-8.418108,14.005083,-5.969943,9.342583,-5.0581975,9.607413,-13.304735,13.014465
G09_D05_C_15_Mutlu_C2.wav,GRUP_09,0.04910737614966555,0.0581023000297548,0.035455886,0.021133296,2811.4330509672845,3721.9395899230194,-0.3098274139292515,0.08024001264029047,1258.8064,1059.4934,-353.5796,56.702717,121.3642,34.89685,-9.8131075,20.748934,30.54698,28.739729,7.3932524,15.872263,8.248892,11.014613,-23.455288,18.545765,8.292334,10.431685,-14.702526,13.149711,-17.334257,11.857474,-2.0968373,11.034985,-2.5134501,9.128918,0.7893529,7.5523987
G09_D05_C_15_Notr_C1.wav,GRUP_09,0.052261594742063495,0.05526059211088935,0.019739354,0.010345215,2994.9687144822446,3963.93242544281,-0.3213286883311627,0.3046859183520407,1381.803,1070.7695,-383.40878,55.835876,121.70503,27.42839,-7.3370123,22.277666,28.8954,22.46146,5.617108,16.69526,12.84491,13.191676,-14.181002,16.913,6.726947,9.570078,-17.49596,14.912498,-6.323958,12.05437,0.4612059,10.918482,2.1388426,10.568587,0.036798194,9.30521
G09_D05_C_15_Ofkeli_C3.wav,GRUP_09,0.058733746722027975,0.08127389184896823,0.06576378,0.037178986,2654.411298846762,3249.9537662079606,0.7060392264185662,0.4163350284520132,1322.9847,1168.4373,-321.79163,56.882317,119.189575,47.80824,-3.7932668,26.88898,35.319767,27.823757,-1.1875132,20.953209,-9.15662,17.420404,-18.562902,16.183393,7.964309,11.894772,-18.46504,12.263803,-20.356955,10.308716,-6.0182996,10.22809,-9.177551,10.760154,-5.707611,8.583252
G09_D06_C_12_Mutlu_C2.wav,GRUP_09,0.043016503667481665,0.03852202531231937,0.020550122,0.014226949,1695.879884756967,1756.2209098561561,0.07171888310941554,0.25538734627171955,1883.263,1128.8022,-513.66003,70.0537,128.42535,49.609303,-21.7723,42.676617,-8.755525,29.848686,12.261041,28.000454,-18.625046,19.607313,-16.65924,19.558725,-5.4141526,13.586331,-14.051951,15.641579,-15.386978,12.783757,-12.69223,11.229162,-10.51226,10.1389065,-8.085906,10.933296
G09_D06_C_12_Notr_C1.wav,GRUP_09,0.046676996186023625,0.03063577829624249,0.00896608,0.009345141,1979.6932724767428,2444.259666941839,0.26273836564836167,0.6715229754912537,1742.8774,1074.8542,-568.5956,83.3878,136.40068,60.267075,-8.178446,37.613907,-12.099949,29.809422,15.262101,22.35688,0.25391117,16.53003,-2.9454324,17.16944,2.6221344,10.900051,-6.0359254,12.617401,-9.936394,12.572349,-4.3937654,9.754751,-1.0422652,9.459956,-3.609167,9.809925
G09_D06_C_12_Ofkeli_C3.wav,GRUP_09,0.04407162873641304,0.041673560150669794,0.054367803,0.043039,1794.2160840527374,1758.555714258463,-0.28484117404354364,0.26968436495226744,1719.4121,1145.2952,-410.4219,91.11721,125.22314,59.730312,-30.17225,45.566143,0.94032675,32.416283,16.905956,29.992353,-24.737751,27.546347,-16.793985,21.666742,-6.005053,14.373197,-18.584023,12.688436,-14.392112,13.480128,-10.250369,12.834352,-12.243979,12.002954,-7.3212743,9.518199
G10_D01_C_7_Mutlu_C2.wav,GRUP_10,0.11106244255514706,0.0933910413237233,0.09592074,0.08379991,3755.0089291576314,3164.2029189471373,0.2266553106143722,0.2495145038653956,2047.19,1106.881,-304.41827,89.650345,56.006382,40.393436,-67.22406,39.67859,4.014726,26.003263,-23.127354,27.841192,-15.953934,19.887249,-11.833187,24.112488,-2.9850547,16.653984,-25.12005,17.99787,3.2526248,17.007568,-10.605411,15.806936,6.505687,15.582162,-5.1279497,16.893597
G10_D01_C_7_Notr_C1.wav,GRUP_10,0.08867205995501894,0.08317713660612053,0.07031669,0.07172245,3257.031777529455,3212.678045966469,0.3166698666438518,0.3640499813799206,1795.195,1075.0508,-309.44412,88.113075,79.82373,40.338654,-36.725548,39.914387,-3.3732705,29.184435,-20.2734,24.78357,-14.745221,19.42683,-12.571567,18.148558,-3.8676198,15.980986,-18.888117,18.168663,0.62892616,17.314035,-3.9730854,13.941948,-4.6211495,12.571273,-7.9197416,11.988206
G10_D01_C_7_Ofkeli_C3.wav,GRUP_10,0.10037244656385282,0.07611339077216787,0.080867976,0.07543944,3501.8861985298063,3162.5624348262377,0.4728561201864175,0.29022498668268976,1862.6973,1072.7858,-313.1494,93.35732,59.460857,31.297192,-61.01388,39.55059,1.9557334,20.555298,-21.621765,27.907326,-20.150053,19.21543,-14.344874,27.45516,-7.6181936,13.7362995,-23.764158,17.309544,7.0189033,16.13122,-6.2448235,14.300568,4.6113043,15.2896185,-0.7514281,16.0912
G10_D02_C_16_Mutlu_C2.wav,GRUP_10,0.059816944355867346,0.0802125992792547,0.08300168,0.060906317,2477.8160265736565,2747.940337545483,-0.2534832452925108,0.11313787716524312,1246.7522,993.6559,-339.7068,91.76674,107.4935,53.84805,-13.0792465,35.73955,20.71875,30.84124,-1.124963,21.182222,-2.4749138,18.317877,-27.725042,26.993158,-6.901099,14.152882,-17.49472,14.373593,-1.6348028,14.154504,7.8688316,15.485691,-13.403821,12.587221,-17.810247,12.060938
G10_D02_C_16_Ofkeli_C3.wav,GRUP_10,0.057592712249373436,0.09098063191822753,0.09700779,0.07424412,2377.291802725855,2801.0279882714744,-0.1362834810102853,0.193101637879038,995.9232,775.46136,-336.38507,84.13974,97.497765,55.9394,2.1470616,32.980442,12.65686,28.104975,-1.7790991,22.42245,0.046312377,20.29239,-16.301405,21.476696,-10.319374,18.55921,-20.93674,15.670081,-8.729794,14.930843,2.9273722,13.528863,-12.979306,14.184114,-16.385983,10.657581
G10_D02_C_16_Saskin_C5.wav,GRUP_10,0.09893628192204301,0.12384434073754323,0.05825937,0.060073763,3215.9665535007953,2972.229412033066,-0.17643402768365624,0.40343699941107575,1262.0061,906.0456,-392.5222,100.80195,89.94152,65.24368,-9.692135,38.10874,15.679427,40.613144,-9.488942,23.90387,9.369031,19.387712,-13.475964,18.728146,-14.311803,18.080496,-23.01769,16.489313,1.3149251,13.171585,6.613096,14.335418,-8.2899065,14.297156,-11.115306,9.788884
G10_D03_E_23_Mutlu_C2.wav,GRUP_10,0.05049103213028169,0.05525713144347418,0.075434186,0.06697222,2098.4528276192896,2601.6803433052914,-0.6147436942665355,0.025993518293299434,1281.1523,1103.1458,-362.01282,112.2626,121.76327,67.48651,-3.682541,30.217245,25.465641,24.907337,6.16782,20.288906,5.135056,20.300922,-13.313249,15.370751,-11.809804,16.468283,0.913762,13.707839,-12.1531,13.918844,-19.253725,17.721622,-4.418729,12.397581,-8.508988,10.793259
G10_D03_E_23_Notr_C1.wav,GRUP_10,0.04205364947552447,0.053987040590408125,0.04995378,0.054072846,2020.8215279242545,2773.4529194411557,0.47779646168200685,0.5400268816675854,963.1415,906.8503,-408.4345,114.04506,135.28424,73.75191,29.18602,27.548555,36.921165,26.078056,20.13854,20.536013,22.50281,19.5208,-10.970746,22.660295,-7.6851153,13.500832,3.2171943,12.770273,1.2013625,11.47642,2.222072,9.386264,-0.294696,7.52489,-7.317192,10.127861
G10_D03_E_23_Ofkeli_C3.wav,GRUP_10,0.053416889675414365,0.0591962866179068,0.07832281,0.06889537,2466.7533362974177,3083.651070954596,-0.5516565643534147,0.19174507129267224,1105.7585,1042.5975,-337.2998,131.92877,112.52621,73.457,4.9512873,28.273544,30.65352,27.779121,2.77612,21.720299,9.37935,21.627115,-16.56714,19.497253,-4.7181797,14.322942,10.89247,14.815505,-12.091287,17.024115,-15.094182,17.819094,2.2328398,8.238664,-4.9310174,9.678911
G10_D04_E_24_Mutlu_C2.wav,GRUP_10,0.06753455905388471,0.07186467086689262,0.066692404,0.061880976,2820.9334525173545,2985.1711527005614,-0.6728138465251495,0.20574461067421115,1488.5249,1154.8678,-387.9253,105.84503,94.180435,64.86857,-8.502533,28.002493,15.949033,24.520462,11.591892,19.799408,3.2023375,22.79456,-31.593872,28.341434,-17.144335,19.56679,1.3744777,11.82943,-6.2616467,15.404897,-6.437729,11.574945,-2.8998206,9.568224,-15.463553,13.813432
G10_D04_E_24_Notr_C1.wav,GRUP_10,0.07588007929804805,0.07874048809768829,0.07611438,0.077776,2739.1181354706,2927.670737593404,-0.4513030022049663,0.2966356571608115,1298.4445,1054.1201,-371.0091,112.650055,116.77381,69.11592,13.856093,25.825487,31.413729,25.47803,11.631568,26.083857,5.385592,24.094103,-26.453356,28.972626,-8.392209,15.698881,8.906309,13.499425,-4.4173417,13.467038,0.56906056,11.454037,2.6147418,8.610042,-11.988796,13.111813
G10_D04_E_24_Ofkeli_C3.wav,GRUP_10,0.06675465901692708,0.0821125690480771,0.082191825,0.06758599,2653.1587070717674,2832.9642512863993,-0.4516014975554446,0.28539252102951945,1355.5289,1083.6343,-347.927,103.30972,96.10575,67.220085,-4.8504643,30.180069,20.671103,28.484598,10.713932,28.737738,5.201088,26.48419,-31.814688,28.66839,-14.070912,18.523638,4.6668973,11.250256,-7.9061713,17.23126,-9.041276,12.008169,-0.26089072,9.172177,-12.078765,13.219518
G10_D05_K_26_Notr_C1.wav,GRUP_10,0.061599948806980054,0.07429942915529959,0.058281112,0.0630183,2891.873320315302,3451.7242878890215,-0.4061305557039016,0.41201630513244814,1255.3566,1079.9918,-351.61566,128.0773,105.7984,58.043198,6.377447,36.91484,21.341421,28.530582,1.9283243,25.255943,11.575495,16.880938,-8.568195,22.541235,18.488903,13.35195,-2.572843,14.136946,-1.5803857,12.398744,-0.08722789,11.7857,-0.6999812,14.464028,-4.7059717,11.098925
G10_D05_K_26_Ofkeli_C3.wav,GRUP_10,0.10757847024936869,0.10171888080789113,0.08985061,0.08830347,3922.852481398392,3898.231581965799,0.023287005314473013,0.6707746528956914,1671.9613,1151.1127,-320.92386,163.21983,67.00365,54.72896,-20.997337,29.425081,21.560932,24.14659,-11.621251,25.844763,4.5502906,20.86825,-15.6856985,24.631384,9.519635,15.63071,-14.8807125,17.812243,-7.5347466,15.912887,-4.4162464,13.526062,-0.48448104,14.395689,-11.103536,13.549506
G10_D05_K_26_Uzgun_C4.wav,GRUP_10,0.0882395674542683,0.08387063900459261,0.065026894,0.066109665,3496.0935319917685,3603.2756786133605,-0.06916905872082735,0.6185701927688259,1615.3859,1211.1489,-342.28534,134.82648,93.88081,57.50362,-9.525363,35.33054,31.844267,36.80569,1.3602121,22.575747,15.103324,14.258688,-13.892122,26.116598,14.191855,16.029816,-12.648049,17.856874,-0.64496666,13.245836,-1.136595,11.9178295,-3.6700354,14.702355,-6.491847,11.204967
G10_D06_K_27_Mutlu_C2.wav,GRUP_10,0.09607094920154186,0.09795830850023085,0.07434929,0.07816893,3554.7443128011605,3732.465010571747,-0.5520623405627936,0.259878781721749,1735.9586,1113.2941,-336.0296,118.16138,82.567276,45.960316,-18.37005,28.87037,0.6073849,24.262972,-9.477641,22.387407,7.5547285,22.245361,-22.101583,27.751091,6.750365,15.06153,-7.903555,13.379309,-12.051448,18.593401,-8.720986,14.023955,-0.19159016,10.383084,-18.745733,15.636096
G10_D06_K_27_Notr_C1.wav,GRUP_10,0.07895058974582173,0.09265112792941706,0.06976555,0.06644764,3328.93926837363,3732.4548934719655,-0.3557907700285353,0.3152713590463975,1274.4468,1074.7618,-325.8519,127.78875,110.5394,56.375164,3.813656,29.043364,17.058867,31.226978,-10.896801,28.449266,21.12904,18.193525,-17.404253,25.094505,18.416483,12.696579,-6.401388,14.368385,-8.403717,15.916129,-0.8317414,13.198522,2.050189,10.641191,-11.330889,12.735488
G10_D06_K_27_Ofkeli_C3.wav,GRUP_10,0.11514660543646695,0.1105995922599576,0.082720436,0.08460648,3917.0958636032997,3661.9963672690774,0.10784460244272862,0.47043806111696457,1779.1472,1145.7672,-320.46896,138.62709,76.44617,60.42694,-21.77896,32.338024,10.466053,27.344482,-7.998271,26.685974,8.800714,26.057243,-24.013613,28.392044,12.931032,17.897684,-11.215128,14.397926,-16.24375,21.577164,-2.9917064,12.673159,0.3333001,12.334152,-17.695656,16.261536
G11_D01_K_48_Ofkeli_C3.wav,GRUP_11,0.05243716032608696,0.07007658125241624,0.11840403,0.07364776,3252.2467130978557,4111.758248884769,1.3428766780472123,-0.1322853992849641,884.2647,859.1909,-284.97284,80.975044,94.08566,44.050102,21.883953,32.03062,29.256405,27.18375,-1.8804723,23.699495,-5.9142704,17.535305,-30.409538,20.930126,11.528027,15.652554,-32.740257,15.131108,-14.573697,12.984012,-25.640303,11.271078,-0.22759058,11.326572,-7.7401342,9.825148
G11_D01_K_48_Saskin_C5.wav,GRUP_11,0.05224725356294537,0.08228637455119932,0.24348645,0.15688269,2277.4472301681235,2974.837823167338,0.7325793520934613,-0.08033681887036824,1079.2131,1328.1139,-306.8015,61.034164,103.2495,55.327606,52.209324,25.962765,55.97354,31.024351,17.290457,22.218588,-7.4560943,17.84849,-14.326141,14.00505,15.567371,14.94446,-15.261606,12.879949,-13.410216,13.940924,-7.256785,8.012992,-2.8302798,11.689408,-12.8639145,7.5019236
G11_D01_K_48_Uzgun_C4.wav,GRUP_11,0.04905607262436224,0.07200596769293975,0.11083479,0.09254636,2642.3678481390452,3570.7295130352804,0.7497913278843055,-0.08471869594716226,990.6103,1237.763,-364.3208,57.259,78.762924,45.195343,57.491493,32.086086,55.2882,25.06961,29.081657,15.752584,18.332062,11.693259,-6.550478,16.107103,5.680642,12.827525,-15.536297,15.355108,-0.41714633,11.157631,-5.601282,10.693448,-9.976593,9.049932,-8.14756,8.519616
G11_D02_K_22_Mutlu_C2.wav,GRUP_11,0.05504089692679558,0.10134837360022618,0.15215896,0.08608336,2131.0623943484293,2569.154491924283,0.10593769719841761,-0.20520168853452564,1019.17944,1066.922,-302.12573,67.41978,126.67641,64.054306,13.419547,31.446959,32.141483,30.782955,-3.2217498,18.030685,-2.4749382,19.72147,-11.05308,17.119272,5.1901584,14.600183,-5.057401,11.069044,-20.832693,15.587197,-15.44624,11.033745,-8.457919,10.245408,-18.944368,10.126172
G11_D02_K_22_Notr_C1.wav,GRUP_11,0.06140411475080386,0.09540970093702808,0.16093028,0.104918234,2422.4540435337135,2784.595946174205,0.5690635353228163,-0.21776386135877246,1403.5916,1202.905,-292.35144,77.49872,128.77496,65.77034,28.642176,35.56094,36.00159,29.577892,-6.0216646,24.690523,3.7761395,17.32126,-5.419709,16.964973,14.56786,14.254698,-7.8311315,11.578838,-20.852304,14.258283,-10.256651,13.552834,-9.758401,10.465628,-11.937797,12.284013
G11_D02_K_22_Saskin_C5.wav,GRUP_11,0.08568392398852658,0.10567958327231167,0.16493693,0.10968411,3236.918735825668,3288.1709686449235,0.28438187903678663,0.0018643114931570068,1244.6147,1158.595,-275.33478,84.017166,98.42675,62.259495,14.930815,25.56887,42.399773,34.360413,-14.628927,23.910536,5.385806,18.685022,-5.0563507,16.42973,15.645484,18.448046,-11.929364,11.129013,-21.262882,15.352949,-7.8264704,10.518314,-5.9030547,9.01287,-19.252586,12.168916
G11_D03_E_20_Notr_C1.wav,GRUP_11,0.056738895440251576,0.09075683686809081,0.14584704,0.092194326,2546.6528924791205,3636.516396784234,1.0325992300042126,-0.23879599646708025,652.71045,674.06946,-305.72675,99.41678,144.47931,70.111725,82.7138,29.482567,32.535698,27.648533,-1.3051704,24.241858,4.554632,22.111805,-16.615274,17.622965,8.041743,12.928109,-22.42035,16.006395,9.435083,10.26686,-6.25831,9.564397,3.9878616,10.86162,-6.5579014,8.097926
G11_D03_E_20_Ofkeli_C3.wav,GRUP_11,0.03726480858118971,0.04787388613523731,0.13431977,0.0837392,2133.383090736078,3023.87110671294,0.3583131251047563,-0.17307259551639684,911.9056,1061.5667,-300.51428,90.79573,121.306046,55.42609,22.134361,28.065773,40.609188,25.156418,7.2407217,23.072071,-4.929929,24.366241,-26.049484,18.396938,4.214838,10.164027,-18.082275,15.119046,-17.151522,11.397363,-18.010223,10.809645,-7.902041,7.8254466,-2.5442402,9.044657
G11_D03_E_20_Saskin_C5.wav,GRUP_11,0.0659841152247537,0.08173194794580721,0.12430143,0.10065576,2574.752853377279,2893.959185625505,-0.40218745077656654,-0.0157836905889362,1357.614,1172.8014,-283.9502,100.790596,119.905876,70.084206,0.26443136,28.950918,29.425032,33.67646,-11.532452,28.565413,14.18135,21.03413,-6.8613353,14.245604,-7.9702916,16.090502,0.46573555,12.363533,-7.1345277,14.199569,-19.92631,16.053806,-0.2407069,9.792356,-1.3840036,12.461875
G11_D04_E_52_Notr_C1.wav,GRUP_11,0.04289817247418879,0.049532577364698335,0.09994751,0.08422161,2640.899810023207,3889.0498260700824,-0.06669865687501662,0.28383650147073325,732.6162,633.642,-329.5235,121.35588,121.67252,70.620476,28.15966,24.698322,21.067118,26.784103,16.039675,27.881073,13.499596,20.604715,-10.583642,23.567307,-0.41860053,12.353935,-6.352514,17.96664,-5.0886736,14.005716,-4.6913877,12.0589485,-9.37518,11.483087,-2.7753541,10.890791
G11_D04_E_52_Ofkeli_C3.wav,GRUP_11,0.04462290065173797,0.060921941201368575,0.09501985,0.08008938,2570.4678225150856,3561.4492317945505,-0.39816461133350645,0.24682685316220043,1061.0663,934.83954,-333.98288,125.5452,120.42887,82.309044,11.2399235,24.395456,6.4313345,29.676949,17.959255,25.495232,21.770182,17.522348,-10.0772915,23.111893,4.420553,11.084804,0.84267145,17.473013,-15.696302,18.070473,-7.8308287,12.60652,-2.0401664,10.574764,-3.1166208,11.987399
G11_D04_E_52_Uzgun_C4.wav,GRUP_11,0.04470013786764706,0.049574835879403485,0.08287269,0.07075563,2662.9430107176895,3892.1006653307413,-0.13948994368356596,0.3279047003369784,986.3235,980.48145,-349.47614,111.23508,117.91028,64.26946,37.218876,30.581182,31.85676,29.228354,27.610138,22.068901,16.758146,17.425838,-18.77808,26.20673,-0.5800787,13.288701,-2.744731,17.642084,-7.226858,13.823597,-11.291572,15.32761,-2.555508,11.863927,2.7905054,13.693831
G11_D05_C_10_Mutlu_C2.wav,GRUP_11,0.06332341974431818,0.07554859717858789,0.11254863,0.09749731,2768.090840408577,3335.81799644586,-0.6496614836342701,0.03397315918490095,1088.5437,738.47815,-347.9581,104.86227,110.649635,71.9375,2.3014073,28.80499,-1.7209114,34.32939,-19.511232,23.479603,-14.551161,18.668869,-3.4767673,17.133118,1.5501492,13.142344,-18.483011,16.380613,-9.56199,12.760865,-0.5539212,12.607683,-10.912142,11.89583,2.145942,9.122408
G11_D05_C_10_Ofkeli_C3.wav,GRUP_11,0.06284203275966184,0.07744031836157136,0.11365798,0.09502658,3240.890834249734,4188.396198944738,-0.03731078465338441,0.15563692686435818,1173.6812,821.8405,-322.68353,122.24045,99.59949,60.798367,4.5147247,27.877056,-16.828247,32.2813,-12.635327,23.360285,-4.6291757,15.011208,-13.919472,21.522745,1.018897,13.324007,-12.85047,13.737034,-11.617739,13.452208,2.3575728,10.606884,-15.409423,13.996606,-3.5774133,8.974034
G11_D05_C_10_Saskin_C5.wav,GRUP_11,0.08829156283674569,0.09829444489945378,0.075429626,0.08197117,3561.1652734655686,3841.102706114002,-0.2672435659548184,0.33987738930218614,1060.389,827.6662,-374.47617,100.40424,85.150444,72.204865,11.348055,25.40183,9.666776,40.58348,-19.928991,26.492933,-11.965532,18.860014,-1.2397106,14.879311,1.8078113,17.187923,-22.279116,17.0827,-10.311582,12.617425,0.41254818,9.558115,-14.157694,12.699629,-5.7324967,9.463206
G11_D06_C_15_Ofkeli_C3.wav,GRUP_11,0.06358996115095629,0.08546305134932065,0.11947227,0.09535489,3074.485833309349,3886.2233150402567,0.25029137848242083,0.13932850830446739,1000.80255,788.7635,-329.20935,113.326385,105.09328,69.209885,8.37928,29.17979,-8.481158,23.47065,-2.9737153,21.474897,-5.0565014,17.233467,-20.568033,23.19154,-8.174616,16.243101,-22.947464,16.390863,-3.343542,10.260326,-1.3462939,7.6623063,-1.2096298,8.056521,-3.4263256,7.342679
G11_D06_C_15_Saskin_C5.wav,GRUP_11,0.106828880754662,0.11492751082993816,0.07316478,0.08117925,4372.33067200916,4734.0119919434555,-0.5905412381939872,0.1684889766253222,1333.0131,988.2677,-356.99454,125.35339,74.67252,66.08499,11.135978,24.350441,2.2083015,37.983685,-3.94746,19.76768,-1.1068966,17.24913,-8.396746,20.114006,2.6137514,19.133596,-24.649446,19.464907,-5.646597,11.597876,0.4400408,8.261507,-2.6485517,9.746817,-4.0921288,8.492814
G11_D06_C_15_Uzgun_C4.wav,GRUP_11,0.06339738175675676,0.08508774544302827,0.13690127,0.1263517,3218.5945858993623,4202.669413996796,-0.3290775737934871,0.2231497147801529,1081.2676,972.3528,-299.16437,91.9449,103.593475,59.85713,31.518127,29.204985,23.574934,30.44458,11.69872,22.326939,7.0413933,14.701958,-14.860296,22.704426,-6.206729,14.824865,-18.101639,17.404465,0.6972135,14.231536,-3.7464159,13.136195,-5.4138064,11.106819,11.98006,10.6868305
G12_D01_K_21_Mutlu_C2.wav,Grup_12,0.07226440123746868,0.08415127763546726,0.14005339,0.07603525,3399.1224520282394,4134.604372674939,0.04872027341976023,-0.04382694544683891,1086.1648,948.1538,-250.85655,86.03277,119.889946,41.158386,6.4537272,26.168224,23.91623,26.865707,-4.5235906,23.225365,26.969854,15.619576,-31.460913,20.693756,18.209328,14.858464,-33.867355,17.89595,-16.39882,14.1696005,0.33178037,10.61079,-21.188763,13.0313225,7.963156,9.266362
G12_D01_K_21_Notr_C1.wav,Grup_12,0.08149903598971722,0.09401048186823299,0.110205576,0.060024504,3506.878693285395,4010.7460071091086,0.9140699438265594,0.1814822648427192,1244.2823,981.40015,-244.23158,83.44721,119.59774,48.41617,6.507268,31.16933,17.649937,29.086882,-20.496822,23.711061,15.57928,15.452742,-20.183744,17.056698,23.7608,14.903569,-29.413069,15.1566515,-13.39198,12.517242,0.5051324,11.164301,-14.068035,13.284037,6.5775557,10.098683
G12_D01_K_21_Ofkeli_C3.wav,Grup_12,0.09161445531952248,0.11685708806507215,0.1578791,0.07661639,3663.0653739160416,3948.2303202694475,0.2962449952428714,0.2752060099698067,1225.8229,1100.6901,-232.39102,84.715935,103.74197,55.529568,15.230848,31.581333,32.03647,26.518589,-14.984644,26.529205,23.668074,14.346753,-26.572947,18.24067,17.635563,14.099844,-19.96672,15.12433,-12.84474,15.1643505,-3.6198564,11.239711,-18.097788,13.0343275,-1.2383517,10.238903
G12_D02_K_21_Mutlu_C2.wav,Grup_12,0.07206441019917582,0.09546178105444605,0.10721805,0.07579281,2993.74712676716,3147.169587544905,0.06702518023825865,-0.1496146984595182,1414.1859,1096.1909,-277.43198,71.85946,108.60586,49.94819,-23.34164,30.97629,19.070887,28.445835,-13.603371,19.152517,-12.066948,23.54193,-35.28347,23.379936,10.58519,14.241191,-10.199635,13.841475,-19.456081,14.726761,3.248636,12.981735,-25.008005,14.034172,0.26535496,6.970795
G12_D02_K_21_Notr_C1.wav,Grup_12,0.07398906006619937,0.08110457591319828,0.08554969,0.07741822,3323.9933560430477,3807.8639083763337,-0.2936099000596472,0.20339991959007062,1177.6038,984.9139,-289.6221,94.98928,113.008675,49.96182,-0.51366943,35.08739,16.857517,26.924772,-14.598776,22.335272,-3.979995,18.572117,-24.190186,20.73933,14.035691,11.815313,-11.466253,13.325578,-13.500329,13.685298,0.2906399,12.509135,-17.859934,13.8991,5.0896244,10.6810255
G12_D02_K_21_Sask─▒n_C5.wav,Grup_12,0.1266731020353026,0.13594175210619622,0.041014813,0.044804547,4091.6102377754196,3595.055388122279,-0.3615270291917424,0.32557493861750686,1610.98,1159.7711,-353.13437,79.43009,93.94604,59.01218,-19.403372,31.254028,22.643192,32.30363,-23.09458,22.285316,-2.1167524,24.57041,-25.861708,16.778368,11.88745,17.31027,-6.140831,12.971846,-7.726256,11.135092,0.5624985,11.172353,-20.077044,11.841674,3.831976,10.04533
G12_D03_E_20_Mutlu_C2.wav,Grup_12,0.06978779998273481,0.09567399995878535,0.11512896,0.08880903,2648.9371948302296,3341.8755042038424,-0.45999278257331083,0.11679073159868704,1122.8556,899.84265,-372.26788,99.063484,136.36314,75.38266,28.135786,38.351456,12.386273,19.592539,-3.288186,20.473627,-3.8629994,20.825005,-14.791922,17.24529,-17.631989,18.41363,0.4406113,12.882814,-8.534296,13.051323,-10.487407,13.0394125,-5.124811,10.188028,-17.771711,12.29461
G12_D03_E_20_Ofkeli_C3.wav,Grup_12,0.06881277901785714,0.10274455160031555,0.08260834,0.058919463,2612.7213152767567,3411.6253470795236,-0.15967061141459757,0.25693550888566347,1088.2365,935.999,-347.50705,89.616844,152.4945,70.61471,45.78519,36.856194,1.8175793,19.692944,-26.736578,20.908028,-18.59699,16.05801,-0.2467088,16.168211,-1.2812088,15.620017,0.036990356,16.268549,-8.161289,15.035324,-17.458462,13.388735,1.2798125,12.68086,-15.642431,10.776194
G12_D03_E_20_Uzgun_C4.wav,Grup_12,0.053119206832627115,0.07442295911662908,0.10100642,0.080632,2197.585149068435,3131.2423512129126,-0.16402239258201787,0.24189921413377571,1179.7173,1040.6013,-386.5535,82.03393,143.45425,60.927094,45.0104,41.034008,18.264446,22.191206,8.572247,20.15683,-0.26693302,13.619152,-18.181587,17.008516,-18.71427,17.009653,-8.468184,15.662051,-5.358537,10.451751,-7.8012877,12.493477,-0.7945922,10.467087,-16.083128,11.133186
G12_D04_E_8_Mutlu_C2.wav,Grup_12,0.07081067049050632,0.05470179028169207,0.10535587,0.0775543,2347.9383934057187,2207.115674871499,0.09972957719863265,0.33347699615963966,1940.3098,1153.6671,-336.36856,84.8545,109.09992,53.234196,-58.45459,50.6041,5.9648066,36.865887,12.023728,24.531126,-33.63122,22.182558,-6.4366546,17.119492,-4.375739,10.92678,-22.7965,15.867639,-11.851521,11.837305,-10.486953,10.6467,-15.594272,12.692012,-12.812504,7.783396
G12_D04_E_8_Notr_C1.wav,Grup_12,0.0520625,0.04699335362400442,0.09884487,0.069075465,1982.910823062739,2207.9764404935772,0.07384521744521891,0.12295705255971348,1499.2657,1092.0316,-323.5383,80.64014,132.51762,41.884853,-38.24293,49.41628,12.761597,28.725552,-16.020876,29.590067,-34.65829,21.235943,10.00854,18.179836,-14.938533,15.3664875,-24.964739,14.006363,-9.712692,10.487791,-16.376541,10.645878,-8.051152,12.823268,-10.983669,8.869222
G12_D04_E_8_Sask─▒n_C5 .wav,Grup_12,0.07567573635057472,0.07805894497041815,0.0960144,0.07673287,2313.5182219690514,2147.236739590994,0.02388091662811011,0.3975772575442086,1495.1158,1178.0815,-339.5424,78.80422,112.71318,51.79569,-32.231365,46.09775,24.850725,44.61972,-3.958289,28.644983,-19.301573,17.726833,10.759981,20.909079,-21.357317,16.26067,-20.772173,14.815604,-9.519639,10.669052,-20.363716,12.376733,-5.071234,12.81536,-7.9858427,9.4088545
G12_D05_E_8_Sask─▒n_C5.wav,Grup_12,0.058258364898989896,0.052581984622456154,0.10678197,0.088226095,1948.9341668009433,1939.097906678146,-0.35105469726168603,0.3717233602139149,1769.1051,1211.5491,-339.94907,70.47186,122.98785,55.84447,-37.439144,40.826958,-9.75914,43.952972,2.401443,26.193901,-24.176758,19.39915,-10.00742,20.325863,-8.159938,17.029245,-18.413748,13.004391,-17.029348,13.931597,-14.004284,12.516086,-8.891918,11.030096,-15.405661,9.208479
G12_D06_K_8_Notr_C1.wav,Grup_12,0.047688288643533125,0.03713701501254517,0.107914895,0.085794136,1560.4435227540896,1745.0129044082785,0.34388069830939133,0.3194911854554857,1289.2488,852.21533,-337.5903,72.837296,146.15794,40.606754,-33.51002,49.504375,-24.147076,37.801792,-1.7075671,26.832314,-13.475889,17.950161,-8.654885,18.02533,-22.616901,13.546769,-22.438707,12.8219385,-0.59399384,12.89045,-7.3542705,9.360219,-18.44665,11.279147,-17.23008,8.892823
G12_D07_E_20_Mutlu_C2.wav,Grup_12,0.08975067138671874,0.075531953424232,0.0616763,0.061351568,3221.6996171806063,3031.8430924530003,-0.44702359874383824,0.13384414597907857,1831.9312,1286.1317,-348.9371,126.50998,122.71334,81.057274,-37.550884,45.243717,25.736584,34.321224,23.836262,24.444075,-10.2118025,22.471014,-12.831818,20.821035,-11.172226,19.212376,2.5511374,11.364144,-16.629528,17.03068,-11.629326,11.969634,7.231041,12.575013,-14.032824,13.741746
G12_D07_E_20_Notr_C1.wav,Grup_12,0.09053429662216829,0.0741618045140267,0.030333435,0.034824,2651.5141031511534,2721.9683190931696,-0.3093270429904588,0.314958276892676,1746.3888,1212.3937,-399.38516,101.776436,140.69092,68.90996,-23.674976,49.297874,26.375385,33.80867,14.594728,32.2347,-19.079401,23.599289,-8.616618,22.025648,-3.2542546,18.440311,1.5434731,13.926121,-17.135212,14.44448,-11.1319475,11.254377,7.4834166,14.497569,-8.462208,10.474861
G12_D07_E_20_Sask─▒n_C5.wav,Grup_12,0.10029896518640351,0.08766162475890123,0.06105928,0.045956787,3064.3818396882048,2442.657848150347,-0.3365912526761111,0.22996809649852334,1934.3838,1300.229,-347.90674,93.42482,116.610634,80.31545,-47.17153,53.074543,43.327465,44.402164,8.484819,26.15732,-15.92731,25.166582,1.6135879,23.49213,-18.457354,22.146194,2.0630703,12.39439,-11.092364,16.445618,-14.839362,12.814577,9.577788,13.779408,-11.849785,8.668936
G12_D08_E_13_Notr_C1.wav,Grup_12,0.07076239058660934,0.08403005431648614,0.07978834,0.0678845,2905.4126126034134,3207.763662970496,0.04266730830953579,0.2373974508798828,1453.1868,1120.0765,-284.84015,89.7962,127.485146,57.171215,-9.572957,40.017292,25.3176,31.226473,-7.8143306,25.276659,-3.353406,24.481754,-22.609917,17.619053,11.452032,12.603812,-10.338603,13.43502,-24.284557,16.779568,-16.242893,13.419578,-1.8179878,11.415557,-5.565767,11.5203085
G13_D01_C_10_Mutlu_C2.wav,GRUP_13,0.06267675339366516,0.055185547190949244,0.05531961,0.043161076,2646.478247362022,2769.8807527123226,-0.1304876806741186,0.3377131821202179,1702.1473,1089.125,-376.47928,80.64413,103.7664,42.91728,-33.145905,32.478443,-0.781801,29.298412,-4.4783773,20.038345,-12.217427,17.707638,-23.792496,20.233131,-9.623921,15.00004,-5.896722,10.353976,-8.456854,13.021465,-11.03515,10.704497,-7.3673606,9.644747,-5.5868793,9.292557
G13_D01_C_10_Notr_C1.wav,GRUP_13,0.059104532690092165,0.05573828296101091,0.031168215,0.031367738,2841.102006120853,3252.8454262837945,-0.08231440929031633,0.2644617210762288,1397.3085,1038.0087,-400.20013,94.6276,116.98776,41.888084,-20.075523,33.38152,14.126475,28.51767,-3.3036218,22.043373,-1.9513572,16.891367,-18.610756,19.66396,6.132478,14.380092,-9.360338,14.036708,-5.4692793,12.635225,-1.1554623,10.7365885,-2.1804621,9.310837,3.8083518,9.299828
G13_D01_C_10_Ofkeli_C3.wav,GRUP_13,0.05861023206751055,0.06265508130908908,0.0586391,0.055796944,2724.9999218816724,3084.098077668106,-0.35833501380006094,0.3426660669578047,1427.3783,979.29047,-367.64514,92.86306,96.85312,45.58336,-18.7075,35.172558,7.04013,26.531885,-4.413327,25.620493,-8.254922,20.047817,-19.610033,20.002722,-2.6680756,14.708649,-12.108524,15.502492,-6.483508,15.134069,-7.5749335,12.689433,-10.120704,12.5893545,-4.003688,7.9114304
G13_D02_E_42_Mutlu_C2.wav,GRUP_13,0.03270616319444444,0.03573382509651274,0.0646468,0.054314457,1550.943185084113,2122.6958213691096,-0.010859595397618271,0.32889238459560255,1066.5819,954.2452,-403.9695,77.86884,142.90346,68.04743,35.82007,31.884863,20.695938,18.47644,24.045944,20.34101,9.667041,19.065756,-13.306937,18.073872,-16.98063,17.781393,-2.708718,12.748437,-1.6463121,8.942481,-15.36682,15.976521,-10.244362,12.886802,3.4973872,7.892758
G13_D02_E_42_Notr_C1.wav,GRUP_13,0.03640457084276018,0.04057652725446611,0.04882915,0.050700326,1957.5127643291537,2624.2068553688846,0.8523073193632251,0.4441796657039041,1060.7794,1005.6042,-401.76715,89.50005,135.01402,68.90444,28.925846,28.419111,23.43792,20.942009,20.355368,23.144337,10.985237,20.990585,-10.197383,16.667156,-13.774342,15.9610405,-4.7819386,13.706619,-0.15976211,9.809564,-8.238785,13.450924,-6.146452,11.025427,1.8626965,8.349637
G13_D02_E_42_Ofkeli_C3.wav,GRUP_13,0.03275933159722222,0.03766015267411896,0.06661093,0.06745526,1896.4469286315853,2572.139194177293,-0.3223317259765404,0.44401367188874236,880.27576,925.06635,-394.53445,91.27025,124.24744,70.88802,26.624344,25.820438,18.749174,19.822948,15.871433,16.584406,4.4249463,17.742228,-9.792126,18.595234,-10.6929035,17.378134,-3.5606415,14.033951,-3.8020334,9.992205,-12.300099,14.814379,-5.812288,11.046844,3.569332,8.371203
G13_D03_C_11_Mutlu_C2.wav,GRUP_13,0.06278963664698163,0.08044375107586668,0.1306785,0.09278295,2699.792444060777,3223.8950638249394,0.11317276045103838,0.08719005247359239,1686.5996,1164.8711,-284.18304,94.623344,106.32576,51.815678,-19.09319,33.373543,1.765188,26.155884,2.343321,20.425306,-9.504283,17.005672,-23.031914,19.39456,0.71631706,15.239178,-28.326141,15.106459,-13.341579,14.182055,-20.048431,11.740481,-7.066704,11.244442,-14.735318,10.051086
G13_D03_C_11_Notr_C1.wav,GRUP_13,0.028917478767421602,0.03735983089166818,0.07140449,0.07353074,1692.155768326431,2879.1108667636468,0.16126216513043362,0.23684538428094806,845.2175,807.92035,-346.4015,69.7821,124.329704,38.3738,27.372911,30.206676,11.683258,23.912539,8.89878,19.266335,-6.087938,16.0229,-12.134269,13.328421,-11.30366,11.366137,-21.791796,13.6243515,-11.553702,11.20143,-11.427374,8.980092,-6.085862,11.2531185,-8.798795,9.542556
G13_D03_C_11_Ofkeli_C3.wav,GRUP_13,0.10199901167168675,0.10744092145435523,0.107488416,0.11572272,3593.8957579377648,3489.1674752349854,-0.34958523124769575,0.3364272009001307,1595.2887,1100.838,-309.5139,110.39555,84.9429,54.92134,-27.305983,30.865221,-2.3288293,22.699305,1.9427222,20.916561,-25.38029,25.451471,-22.608238,19.348068,4.7759476,15.39347,-31.662905,23.436588,-2.4785469,12.708358,-2.9915264,11.748882,-7.615472,12.234318,-8.949287,10.271415
G13_D04_K_45_Notr_C1.wav,GRUP_13,0.0654425063394988,0.08654665505376744,0.08457614,0.05936898,2809.089865620579,3464.772611785932,0.038642658591890325,0.3355629645614616,1426.1915,1113.9617,-341.21182,95.38977,130.14468,56.597534,1.9929409,28.873684,12.652492,27.377539,12.159462,22.04396,-6.7038393,18.863668,-12.9468155,16.052944,-2.9381022,16.2121,-23.002895,15.259869,-13.917212,16.10728,-11.797149,10.291685,1.2287163,10.617263,-9.110604,10.74368
G13_D04_K_45_Ofkeli_C3.wav,GRUP_13,0.06416628713565023,0.09749581221748872,0.11148119,0.079089366,2678.570683045196,2963.9875166570628,-0.22698307608399898,0.3056916192083573,1153.16,997.99194,-329.42496,100.43225,111.59432,66.10045,-14.9094305,31.064621,12.628348,28.380217,16.569092,21.69444,-4.4648695,18.848635,-17.731218,18.106422,-2.0820444,16.055511,-24.497547,17.917059,-18.850151,17.863108,-16.056,11.116134,-3.652607,9.587984,-14.508966,10.034682
G13_D04_K_45_Uzgun_C4.wav,GRUP_13,0.07874348958333334,0.08377163742849932,0.04990003,0.050416056,3234.4769642576475,3793.693708631551,0.18454337919080135,0.5175582798947136,1441.5944,1201.4893,-406.58276,99.337166,102.484,62.277664,9.956079,32.338814,34.452015,29.755531,25.876518,18.182821,-2.5753336,14.039436,-8.610088,18.997107,-6.732966,12.360011,-22.085226,15.782219,-12.947483,14.170599,-5.6545076,9.009758,-1.878464,10.0168705,-9.46385,8.385919
G13_D05_K_48_Notr_C1.wav,GRUP_13,0.07000837654903017,0.08581649547693229,0.058232512,0.052943107,3439.254538412564,4207.666036013231,-0.2569770777028456,0.3862182401662815,1218.0011,1008.9349,-391.29843,121.76439,115.155174,59.290676,11.858689,36.69031,14.350841,29.335423,0.20182057,25.412743,-3.0479357,22.493187,3.9399042,15.998682,11.258504,14.070188,-1.0773174,11.573655,-17.318104,16.354807,-13.118935,10.463039,2.7634566,8.310804,-7.6953,9.892872
G13_D05_K_48_Ofkeli_C3.wav,GRUP_13,0.10042317708333333,0.10778001764743998,0.097997345,0.08958398,4200.037970552716,4064.799609963352,-0.10162845557284204,0.4583112429092444,1665.2888,1246.4792,-319.1324,119.04894,78.939896,61.78598,-19.500757,40.650665,21.958708,25.932264,1.6125684,23.228456,-7.731653,21.908758,-9.743248,19.100115,3.5730338,13.728052,-5.0506954,12.400001,-32.098335,23.562325,-18.462395,14.265374,-0.38095656,10.134865,-13.808276,12.277418
G13_D05_K_48_Saskin_C5.wav,GRUP_13,0.11748289151956107,0.13146165643313817,0.071394764,0.07514755,4451.484891777888,4312.938158622997,0.2702378960837875,0.5107770728125031,1639.5743,1271.5066,-364.7812,109.75074,76.830185,64.75639,-8.337571,33.62994,15.409898,26.25288,-0.8134132,25.312963,-6.356989,20.08905,-1.6702807,14.608647,10.338232,14.067604,-6.62619,11.150847,-22.096891,19.754862,-13.392519,11.565191,2.0304747,8.472255,-12.775956,9.608361
G13_D06_E_47_Notr_C1.wav,GRUP_13,0.09276021321614583,0.10391208529021502,0.050829515,0.048141275,4107.646624250601,4353.32940562688,-0.08587108677828535,0.440183025863668,844.5022,850.1607,-411.33386,133.82158,124.491295,78.413704,28.126726,26.807882,38.399548,22.925446,5.207062,24.39379,-8.707647,25.45016,7.5090504,14.18365,5.1183004,10.006251,2.9947248,11.524444,-4.5611196,11.571376,-7.508386,12.440909,7.1164227,11.049282,-10.047471,10.798182
G13_D06_E_47_Ofkeli_C3.wav,GRUP_13,0.08301518834969789,0.11638446558147195,0.115418024,0.08478364,3302.5551257256975,3564.834565168637,-0.38801843664491326,0.10164856565624594,1040.6577,1126.1604,-312.3501,126.05157,132.0828,72.239075,-1.3443364,36.32698,32.820515,22.068134,11.486356,19.646845,-16.403416,25.075151,-9.151278,16.03622,-2.756025,12.932098,-4.9361973,11.161065,-17.883802,16.75638,-11.446451,11.380036,2.660666,7.993972,-19.13168,13.144637
G13_D06_E_47_Saskin_C5.wav,GRUP_13,0.09749275311085973,0.10489542425313342,0.0784468,0.06955823,3882.524514713799,3918.4157914885373,-0.5119066323267302,0.17458840435975223,1169.3304,1204.4915,-351.37103,115.07255,115.83772,83.84751,9.284081,28.588015,36.219116,29.336256,4.1738987,20.124804,-16.021229,26.448835,1.3438399,15.761333,-0.7180684,11.7105,-1.444177,8.424977,-11.593753,14.176033,-15.683623,12.4997015,4.5629387,10.7442,-10.188799,9.706542
G14_D01_C_10_Mutlu_C2.wav,GRUP_14,0.05164284323060942,0.07387375664174181,0.16243054,0.08361164,2020.7278165579064,2441.8376552305394,0.28971207411797634,-0.10379573895298644,952.62537,669.1706,-302.20578,51.96487,135.152,54.481884,21.591724,30.77932,8.176385,42.54019,-14.298934,26.70108,18.32383,21.706089,-25.633808,22.483442,-11.367019,18.211344,20.752924,12.17883,-4.261292,11.891099,-18.639532,12.141494,5.233035,10.440987,-4.911674,9.836787
G14_D01_C_10_Ofkeli_C3.wav,GRUP_14,0.057479661256459945,0.08451818692053628,0.15127452,0.11073574,2313.940155057937,2951.2467954581225,-0.4421630438505358,-0.017869216231492974,799.13635,598.519,-312.57324,78.855705,113.125626,53.99104,25.719374,23.185177,14.814038,33.60845,-18.44322,31.779354,14.804941,20.615332,-18.77291,21.455746,-4.12893,17.002226,8.698367,12.236666,-4.5884748,18.90404,-14.53863,15.124841,2.3447745,11.810529,-0.46682972,10.764999
G14_D01_C_10_Saskin_C5.wav,GRUP_14,0.10016171294863861,0.11837659306652988,0.08165621,0.07269895,3472.1498667756255,3235.107302865478,-0.06724766742775046,0.13043810412174942,931.1846,708.5081,-360.39868,63.105583,77.451935,63.85498,21.717468,22.979424,26.721571,49.37406,-19.606842,32.17517,26.185753,22.452374,-13.578929,18.459917,-9.104302,18.195295,5.5060997,10.874022,-1.7119201,15.144704,-15.265589,11.732601,7.6821218,12.435537,1.1125807,10.660939
G14_D02_E_45_Mutlu_C2.wav,GRUP_14,0.020701120326246335,0.031538956423708187,0.21503347,0.10016361,804.847558414139,1337.6948238826699,0.4696240756689137,-0.03925828044863693,727.32996,744.7738,-320.1309,55.48205,176.71011,55.957092,47.629627,27.741276,11.00504,32.0347,20.55909,28.67162,29.437624,24.951447,5.436699,19.66563,-0.845901,13.463904,11.608007,12.881458,-11.150985,12.779061,-21.339565,11.453198,-4.5274277,10.123275,-7.1358147,10.519192
G14_D02_E_45_Notr_C1.wav,GRUP_14,0.019622802734375,0.03634913616252617,0.20641318,0.11161107,846.1783087353842,1545.7085183722247,0.3541553968665302,0.15025759678511558,612.8525,596.4141,-329.16483,72.62992,179.35284,62.395267,63.320454,29.437454,23.779816,28.141409,13.578339,26.662134,26.887415,22.973663,11.834668,16.36929,4.0318017,12.643262,12.691746,14.572141,-8.160807,13.051834,-15.488797,13.579638,2.0030105,10.658818,-2.402372,9.47275
G14_D02_E_45_Saskin_C5.wav,GRUP_14,0.040026669574873094,0.07125392815934141,0.17031296,0.12046762,1456.8986779479455,2129.3360545506557,-0.2112495945722222,0.11419725207185097,1015.3093,1063.5608,-354.90277,75.86754,133.1694,72.03161,35.78665,29.22034,24.187624,31.521858,14.010588,30.448029,29.246075,23.212597,9.461889,14.776506,-2.6103377,14.726871,14.119115,13.2131,-7.6832504,13.619341,-17.13071,16.389841,5.3469567,10.800806,-4.5541124,10.488484
G14_D03_K_46_Notr_C1.wav,GRUP_14,0.03230743408203125,0.05661903642016943,0.16034989,0.09825174,1384.767824669511,2170.4641222519704,0.1665321625898155,0.18531431969494733,693.22296,763.674,-335.02917,65.92391,147.92767,56.312466,61.815685,31.740067,44.177883,28.02669,1.641495,32.631664,5.246653,21.630222,-6.2300386,16.519508,-2.011294,15.760854,21.008663,13.946406,-13.115649,12.201764,-20.727505,12.869527,10.844541,14.8610735,-9.552925,9.979296
G14_D03_K_46_Saskin_C5.wav,GRUP_14,0.07642348931760204,0.10327583630509465,0.15617308,0.09899464,2742.647664169222,2875.3673074816766,0.01981794058459485,0.1376956506393126,1451.9634,1279.9426,-317.1031,76.06166,95.21289,63.508602,15.09303,38.64444,50.97705,35.42512,-7.2872577,37.662445,6.2789893,24.807852,-7.9194236,13.0446825,-9.39492,16.679707,23.309153,13.588904,-18.470407,17.342218,-22.914028,13.533129,5.955812,11.991945,-26.01819,12.997338
G14_D03_K_46_Uzgun_C4.wav,GRUP_14,0.027716708542713568,0.03519638725805053,0.1429139,0.11092291,1367.4149883184048,2431.5728663418195,-0.22330313512399794,0.22276136802262098,1183.6838,1125.2833,-342.4219,75.473816,131.38089,53.1142,38.950977,41.181274,35.432148,26.573343,26.00163,25.275373,20.550583,17.709314,-6.606739,22.30095,-0.60538715,16.235323,13.573267,12.463245,-8.091166,14.112881,-19.388123,15.322227,9.4289465,14.798431,-6.600791,12.355825
G14_D04_E_58_Notr_C1.wav,GRUP_14,0.024797218041784704,0.041478614976418374,0.1427393,0.097548805,1188.1834753334012,2201.668284851632,-0.21354808292474672,0.20067352192140206,678.0487,797.6528,-362.3737,62.882145,153.6507,54.351597,58.90261,30.04029,38.38462,29.322138,32.48197,21.350504,6.719639,22.723656,-21.148727,20.64343,-2.4642591,13.677204,2.196152,15.427198,-10.063122,13.529893,-6.29324,10.253481,11.080706,12.416208,-1.2294656,10.465268
G14_D04_E_58_Saskin_C5.wav,GRUP_14,0.049776099604800936,0.0821459214449578,0.17253834,0.12701344,1868.9556783812616,2457.351203261882,-0.43512278427437323,0.1633917888899447,1285.8638,1313.5331,-331.43774,61.9634,116.925865,65.458916,40.495888,31.612284,43.721092,24.110886,35.81076,24.124556,8.282604,27.763145,-21.542599,22.097612,-3.068511,16.271252,8.873204,16.005087,-12.13005,14.465968,-11.035942,11.718242,10.957481,13.985644,-9.071325,11.215608
G14_D04_E_58_Uzgun_C4.wav,GRUP_14,0.050792605377906974,0.06978222206195926,0.11993302,0.09788212,2699.959127615685,3684.94617213999,0.04249259655139394,0.3057775099016707,1569.76,1299.4728,-311.31287,95.825386,100.17235,64.28558,18.644173,37.40354,40.738117,36.440487,22.014662,23.124556,16.878813,18.859407,-7.1610656,21.204575,-2.3541791,17.279358,7.575343,18.736668,1.1827588,15.791187,-10.096807,15.335728,18.961065,13.222048,-20.729383,20.633526
G14_D05_K_25_Notr_C1.wav,GRUP_14,0.04889008962563452,0.059735344849739476,0.15512972,0.09257222,2078.127969154602,2519.065809130951,-0.13218777512340787,0.047892557347591305,1382.4962,1156.9929,-293.44107,82.41916,140.81696,49.81785,-6.438986,40.271366,34.77988,29.120935,0.09691391,31.06065,-16.746334,20.517988,-19.512749,19.402498,23.637718,15.912148,6.962406,13.435438,-38.66302,16.622328,-17.319578,13.660377,6.865992,11.563,-15.637698,12.61042
G14_D05_K_25_Ofkeli_C3.wav,GRUP_14,0.07237287023578812,0.08474793601489304,0.1766178,0.09948008,2651.5681702971315,2662.3928264228175,0.019527290428648123,0.08785309404837519,1834.1302,1262.8364,-258.7236,96.49105,117.94994,60.98989,-38.563507,42.10595,26.011078,30.418951,11.046608,27.644232,-17.694382,24.078127,-37.848186,21.524803,4.629769,14.222045,1.6257569,13.23054,-28.214338,19.114214,-20.792236,15.145995,-0.9484854,11.340233,-22.11631,13.477749
G14_D05_K_25_Uzgun_C4.wav,GRUP_14,0.06628017300328228,0.07412570684222473,0.11226936,0.09781263,2889.9019458040416,3291.4392135559992,-0.4192133275079165,0.35218518979612423,1724.5103,1371.4396,-331.2437,106.99096,101.521805,66.85449,-1.9260697,34.360912,40.52126,31.778368,21.175598,21.796227,-1.6161746,14.137347,-16.925718,21.176622,6.408439,16.296589,1.993166,13.303429,-16.976477,19.669933,-10.04487,13.982292,0.15299937,13.988038,-17.579916,17.645937
G14_D06_C_6_Mutlu_C2.wav,GRUP_14,0.096649169921875,0.09006957966452361,0.16245937,0.10372472,3959.204991474494,3828.2425887889713,-0.11170944581229289,-0.03720762334553814,1628.0725,1108.5754,-252.60773,75.95149,63.280487,47.4989,-28.575743,29.99806,26.154194,36.93146,-18.148542,23.422901,-20.355175,18.624504,-6.51011,17.89648,-25.218285,16.31613,-16.159567,23.484674,0.9596089,19.076166,-38.64945,18.34365,16.517765,16.140701,-22.862673,16.99417
G14_D06_C_6_Ofkeli_C3.wav,GRUP_14,0.09091411389802631,0.09020563904002417,0.1294705,0.0793563,4031.0651673259567,3930.8679899004815,0.2705355087423726,0.07845846285655862,1526.9127,1171.4432,-270.3529,84.88307,76.003586,57.219913,-33.770363,37.61551,13.568002,33.57675,-24.042574,21.09803,-31.505762,22.027794,-15.560881,22.215315,-3.1660554,18.403255,-34.40233,23.411695,7.1744075,20.330385,-28.42533,17.827957,10.05333,14.677758,-9.150774,14.649857
G14_D06_C_6_Uzgun_C4.wav,GRUP_14,0.07163838120104439,0.09073865561321408,0.124095805,0.08434901,3392.5157779314786,4184.89977072486,0.8509926865794005,0.4267260352639533,1486.5831,1204.3341,-292.5079,112.887665,96.279,62.331913,15.120461,35.25871,45.19533,37.415836,12.2406435,23.493774,-3.3225095,20.021673,-15.4573555,20.7715,-12.449226,16.992136,3.6417897,19.68302,3.1920202,17.486368,-31.164711,24.784801,15.388211,10.935173,-10.966536,14.270672
G15_D01_C_05_Mutlu_C2.wav,GRUP_15,0.08260989972014926,0.09532018368855767,0.13342862,0.08348757,3338.290656716285,3336.853079438333,0.3171733726998075,-0.21621763918659934,1617.5089,1057.9567,-245.16765,66.97768,82.77832,38.774586,-45.42114,39.031303,13.959541,30.715668,-25.245665,19.867878,-3.856015,18.455341,-36.078983,24.372608,-6.2842455,15.5421295,-28.163168,16.053562,-2.3601303,17.568417,-5.009942,12.827461,-18.397026,9.054606,-8.085375,11.728678
G15_D01_C_05_Notr_C1.wav,GRUP_15,0.0788493868670886,0.08091791233917178,0.09755956,0.08341783,3278.961471309786,3493.2643353127946,-0.1562090907577763,-0.05398560508091682,1496.7557,1003.13495,-275.53287,83.3218,101.49219,34.442932,-29.1522,37.069668,0.9207566,25.170273,-19.23903,27.72032,-1.2142776,18.945068,-29.066174,20.286625,-1.2858166,15.145854,-21.607965,15.074165,-1.9446813,14.088353,-14.787657,12.576885,-8.702456,11.690332,13.771922,12.211508
G15_D01_C_05_Uzgun_C4.wav,GRUP_15,0.11880953690895373,0.139572486798265,0.047395874,0.05151817,4876.377456906915,4721.168255422718,0.20740461847728367,0.4644387994651066,1311.8545,1098.723,-390.0654,79.45022,78.23876,47.968906,17.64022,32.11395,18.754536,27.80667,-9.1376915,22.331842,7.0541744,22.150927,-23.605238,25.526896,7.54922,21.650637,-27.257362,19.960726,-12.441445,19.18436,-1.2766993,14.101439,-6.487271,12.983443,-1.8716251,16.708624
G15_D02_C_08_Mutlu_C2.wav,GRUP_15,0.10682785888077859,0.10689878993701724,0.06570506,0.058647912,3888.174433684905,3782.4746692470044,0.09311453986965137,0.4867038264320957,1753.792,1099.3126,-334.4253,71.24953,69.40127,47.294487,-33.96885,31.387371,1.2214181,39.887714,-30.668383,25.203241,-25.262938,24.00504,-22.52505,22.211529,6.47388,16.810093,-18.179947,15.457706,2.2791898,15.286282,-9.05478,12.201764,-9.1017065,12.594505,-0.21995407,14.837351
G15_D02_C_08_Notr_C1.wav,GRUP_15,0.11646340110085228,0.09497021778702922,0.09327984,0.07282786,4455.629245549776,3957.353570770463,0.20867897459729243,0.13174208749079772,1807.753,1210.2961,-258.15384,90.92694,73.13718,44.87244,-31.608671,40.204144,20.73946,38.964756,-39.519844,25.521906,-8.933971,22.518774,-32.27806,20.14207,12.476718,15.286061,-21.225603,15.693304,-6.3508525,14.682979,-8.870003,10.362652,8.014904,11.720753,-16.97819,12.174087
G15_D02_C_08_Uzgun_C4.wav,GRUP_15,0.10585803724315068,0.1013304653424174,0.10348618,0.06956532,4294.527715859151,4071.198585312942,0.0947732286657452,0.3363592079527014,1787.3468,1207.3417,-237.38509,59.44472,75.63754,42.538647,-18.668154,26.190676,34.936893,38.239082,-26.387415,20.591255,-3.1989148,18.877449,-38.52498,18.488379,7.370615,12.2867155,-22.190311,12.58033,5.9911366,12.547834,-14.269275,10.065535,-7.6096907,8.624291,-10.492186,9.59286
G15_D03_K_19_Mutlu_C2.wav,GRUP_15,0.046484375,0.0489113440144149,0.072232135,0.065158464,2047.5099757140235,2187.024587158697,-0.5828722991220097,0.3435254201975343,1714.3092,1137.1897,-407.72952,107.66746,111.113686,81.94258,0.026878979,37.563847,16.820992,32.641182,12.787658,21.452423,-7.550085,18.394688,3.0840676,13.850652,-4.300645,13.426727,-20.084036,18.85233,-13.695161,14.044317,-2.7129555,9.704063,-5.8521233,8.798213,-8.078677,9.727373
G15_D03_K_19_Ofkeli_C3.wav,GRUP_15,0.046109523456057004,0.05234947669951509,0.07462989,0.07246529,2224.5652920933408,2364.911117659701,-0.3042278960007416,0.55750379196218,1663.1703,1104.7916,-408.27814,112.270386,108.40176,85.99499,4.6948833,35.84208,16.919287,31.160551,6.746093,25.666674,-10.094254,20.640596,4.754336,15.695887,-1.1259594,16.38541,-17.648918,18.633102,-14.356466,14.505813,-3.3114095,8.290833,-4.52723,8.579271,-7.0756245,9.254684
G15_D03_K_19_Saskin_C5.wav,GRUP_15,0.06572457945842451,0.06429385602527128,0.06184735,0.059763443,2409.096007856046,2213.370918177832,0.012072946461623602,0.643005852866698,1853.5969,1155.1483,-415.35312,110.32981,99.15793,80.99775,-11.4075165,42.500668,21.38352,41.718964,8.082012,25.88374,-9.066877,20.659975,7.060767,14.53187,-1.8801857,15.108511,-17.140446,18.599142,-18.248854,16.27881,-3.3941321,8.8363,-1.1500835,8.417605,-10.910406,11.47983
G15_D04_K_28_Notr_C1.wav,GRUP_15,0.042236328125,0.04420140990855813,0.06534789,0.061872154,1768.2519783551118,2000.3202833486305,-0.33441879773766,0.3604313429710201,1484.2882,1037.4713,-407.46277,112.09317,145.31427,83.14068,11.170019,37.774902,1.9902115,23.85793,1.1534913,23.58505,5.5212307,15.384058,8.513815,15.046273,-6.1993947,13.141405,-3.201658,10.955756,-3.1400113,10.7943735,-4.2418356,10.05409,-1.4071605,11.087965,-11.0456,10.977948
G15_D04_K_28_Saskin_C5.wav,GRUP_15,0.05117042977008457,0.05981683061097381,0.080614135,0.07582273,1829.9933043478532,1893.7961083739162,-0.467108141953758,0.3231642896695441,1627.7296,1133.5702,-394.07864,101.54195,127.20002,76.71761,2.5602388,38.841766,10.462024,33.99227,9.578824,23.18971,1.2323827,14.689653,0.76956046,15.945443,-8.499405,15.561645,-2.8954842,10.949489,-7.275211,11.26794,-10.193212,11.232165,1.5065634,10.666796,-6.2901,8.45081
G15_D04_K_28_Uzgun_C4.wav,GRUP_15,0.051551011029411765,0.049491900452703935,0.050713964,0.059371926,2127.747996229884,2267.4395078201487,0.055656968967856546,0.7092465994445464,1746.9141,1129.5677,-434.8887,101.90556,106.68672,73.665245,2.9854167,50.72337,15.530831,29.474916,16.160486,23.268213,4.551431,13.02532,4.738899,12.510011,0.13793173,12.256976,-0.056968898,10.067192,-5.3405128,11.102747,-2.999515,10.148892,2.8501682,10.342631,-5.8195233,8.256815
G15_D05_E_26_mutlu_C2.wav,GRUP_15,0.0499267578125,0.044874053782307084,0.11848246,0.107626095,2346.979525779745,2744.7988189880743,-0.6624229855899904,-0.011893017844449436,1546.7289,1126.6154,-328.94757,123.86556,99.55712,55.508575,-22.21369,35.214745,20.983578,20.652927,8.009359,21.78762,9.558164,17.354317,-1.7615908,15.1830845,-8.923325,14.108897,-5.031916,12.712465,-16.95884,17.277523,-17.808594,18.952902,-2.9925623,10.105876,-13.468281,11.4774
G15_D05_E_26_notr_C1.wav,GRUP_15,0.046669553360849055,0.04407952907330654,0.06653385,0.07248368,2364.7711540402297,2888.341142702662,0.007988819349105685,0.6321758622172268,1249.474,1009.3176,-389.62872,113.38526,125.42338,62.02122,7.3017406,29.942675,20.093727,18.890371,9.728047,19.272001,11.65414,16.840502,-6.3797617,17.019138,-2.7479692,13.068392,14.099156,10.6544285,-1.2639575,13.103275,-9.0330305,17.08172,-3.0355196,10.075664,-3.9795635,9.501378
G15_D05_E_26_ofkeli_C3.wav,GRUP_15,0.049733257710152835,0.05146239546140969,0.11771427,0.104831874,2376.0063116965866,2739.3952544494928,-0.27011343539911886,0.2714567615820949,1535.9381,1131.4911,-322.46432,130.6835,95.01992,54.262295,-28.865646,42.559444,24.694904,25.813826,4.76469,16.815283,6.1138253,19.061893,0.1583815,12.163535,-7.5163403,14.273114,-8.262775,13.262971,-17.955837,16.845102,-18.57876,18.571829,-3.5424492,13.283727,-13.22195,12.374235
G15_D06_E_55_mutlu_C2.wav,GRUP_15,0.04719452965235174,0.044428587611594475,0.11188052,0.09305838,2176.686746070223,2656.646733051443,0.07282453559795021,0.20034414990003174,1497.2549,1184.219,-312.26285,110.12506,118.45138,56.868896,-6.1892705,33.720104,31.08129,23.800978,5.8460326,19.939875,-1.5025979,20.243515,-14.623352,15.45091,-17.058073,19.434103,-4.338125,13.694065,-15.678561,14.682426,-11.541829,13.038072,-2.8062816,11.170684,-18.947079,14.117353
G15_D06_E_55_notr_C1.wav,GRUP_15,0.04257347470238095,0.0415427518648311,0.09193997,0.07089651,2026.069132072778,2685.422291432943,0.007136128738157816,0.18306923222529697,1245.6256,1093.2131,-309.48044,106.93653,136.94127,51.566456,1.5343262,35.993397,41.032635,25.713995,13.758651,20.2332,9.643859,20.789017,-8.4916,17.110474,-5.0089474,14.389823,-10.092836,14.071765,-11.483007,13.958193,-6.3483734,10.972025,-7.107096,10.799612,-13.902944,10.558992
G15_D06_E_55_ofkeli_C3.wav,GRUP_15,0.04748780935402685,0.05907738146791094,0.10754652,0.086097315,2135.2043554541992,2509.134181190007,0.03437364775249309,0.21184134580632819,1304.085,1095.9072,-310.169,90.51836,110.679504,45.197254,-7.993709,36.541504,34.23685,27.771273,-1.0849091,23.999292,-3.710983,24.223778,-13.318147,15.375782,-21.320255,19.028631,-7.167773,13.074311,-13.388424,12.8948965,-15.313798,12.083937,-10.850682,10.440803,-18.602808,13.022988
G16_D01_K_21_Mutlu_C2.wav,GRUP_16,0.032321480724299065,0.03468649228589821,0.11753763,0.08786046,1699.4685547404551,2402.7037816556085,0.08628014619687299,0.3553629660476735,1007.58307,697.29944,-276.37308,58.155533,169.4275,31.038116,-0.6422025,17.665562,16.54898,21.588488,-2.2962918,15.405364,6.2544985,14.452077,-9.966362,12.626858,-5.2908697,12.341815,-7.718489,8.593807,-11.608386,11.126319,-5.8571286,8.323223,-1.4405553,7.3212748,-5.3437657,9.104403
G16_D01_K_21_Ofkeli_C3.wav,GRUP_16,0.05917539491758242,0.07759286723667377,0.10656749,0.07744259,2484.733366383388,2827.4960218788246,0.37215569389252295,0.48703829539132454,1064.475,733.6671,-241.40984,69.994644,151.56964,35.97556,-11.251713,21.053205,24.468163,25.91322,-13.489277,21.555298,12.91945,18.253267,-8.538157,12.892782,-5.7278805,13.875684,-12.801674,10.91357,-9.935682,12.385847,-4.226967,11.176395,-5.204486,7.962449,-7.336942,10.442972
G16_D01_K_21_Saskin_C5.wav,GRUP_16,0.06230050453047776,0.07094204487439233,0.09266299,0.061192553,2443.570461603949,2768.8492209335163,1.4231118482977927,0.6997806644608671,1226.3961,901.59235,-228.42618,56.040276,165.9665,37.47365,-21.784674,19.068224,26.774014,22.83527,-7.021571,20.486563,16.287174,14.267107,-8.957901,12.225067,0.04474973,14.231643,-7.100792,10.975206,-5.7201767,10.908712,-6.5966415,8.835259,3.2516704,7.8589854,-1.816397,10.574697
G16_D02_E_20_Mutlu_C2.wav,GRUP_16,0.030157831970404985,0.030165872201475395,0.109873526,0.10531519,1545.697019103249,2202.084421140576,0.5971572583760724,0.7013966232724391,908.20734,833.49365,-271.5025,62.12977,168.03273,34.265034,6.6319256,21.768343,26.721022,23.101173,11.979804,15.922471,8.670919,13.438809,-3.1633427,10.216899,-10.300465,12.145254,-4.35641,8.077634,-12.486923,7.563385,-10.072226,8.306907,-2.421491,8.135433,-9.8536415,9.219175
G16_D02_E_20_Notr_C1.wav,GRUP_16,0.03223274327531646,0.034830622716974464,0.105348,0.07807649,1497.4654949106332,2112.5569038451445,1.1624991084431227,0.758886985420921,878.6083,777.3335,-263.05115,55.97936,187.30745,36.909805,6.6824884,20.867826,24.70591,20.337376,7.414148,19.422619,6.119282,15.092603,-7.3581367,9.857072,-7.1795406,8.461247,-3.5862296,8.757553,-17.867546,9.954141,-6.7545066,7.9778457,2.1326807,8.3714905,-12.998319,11.958298
G16_D02_E_20_Ofkeli_C3.wav,GRUP_16,0.04115093185240964,0.040525641209543335,0.115225814,0.094605155,1811.0573534235848,2218.3572125909827,0.5093837450943643,0.6794695869769056,1180.2881,1018.82513,-244.607,65.24463,183.41997,37.846394,-13.024993,20.05327,27.57858,23.81638,2.0854495,20.566805,4.4861517,15.924963,-7.015315,12.114592,-0.835467,10.474505,5.6950564,10.645733,-16.381176,12.618648,-6.7958446,9.883787,7.465032,10.26748,-16.979998,12.835278
G16_D03_E_42_No╠êtr_C1.wav,GRUP_16,0.026998112710674156,0.036078113674227356,0.04157845,0.046039425,1442.6872431251513,2154.757724391127,0.8357848017264088,0.5817862208003255,1000.07587,921.7146,-397.9485,95.04239,163.37982,53.858063,9.051699,24.864681,16.44817,19.999477,24.173182,18.39927,8.608148,20.684124,11.283687,10.887736,10.517625,12.054898,1.4653499,13.74312,13.440647,11.592035,-7.5708876,16.98397,2.0502343,9.461307,-0.403327,8.2196
G16_D03_E_42_O╠êfkeli_C3.wav,GRUP_16,0.02429099974593496,0.042094206283032655,0.06044576,0.0697312,1292.8485027213687,2062.680982320416,1.027804884991074,0.7470199682997368,1004.06116,1010.3997,-379.0843,101.88959,135.66292,60.72969,25.934439,30.750713,25.005669,17.842422,22.151457,18.828415,9.297281,20.266045,15.126875,11.250185,9.876184,10.087135,-4.1988454,16.285748,5.2721515,12.019841,-1.6424816,13.709357,3.2631092,9.560176,-3.0702486,8.599861
G16_D03_E_42_U╠êzgu╠ên_C4.wav,GRUP_16,0.038435428939617086,0.039350756287049926,0.03777878,0.047969636,1635.393075034321,2301.6654864721854,0.25085034619096547,0.5237955322162587,1281.0413,1001.51434,-416.9451,103.73831,140.61496,56.346283,5.758202,38.47223,17.051697,21.67622,27.236332,18.179466,12.571875,16.228188,15.671888,11.437872,8.008844,12.825382,-10.530319,15.922494,3.7402294,11.850155,-2.797148,12.606884,4.362906,9.128148,-6.620941,8.141015
G16_D04_C_09_Mutlu_C2.wav,GRUP_16,0.050599254261363635,0.061087305307069885,0.025056915,0.025196988,3149.500656592537,3812.296710534998,0.07306329953815467,0.48483391493327527,1589.7683,1310.7823,-477.28714,137.99692,69.03667,39.864105,-5.019242,41.90394,37.185753,26.366219,4.3807445,26.20182,4.5676284,21.151186,-6.5727553,28.53546,10.451794,13.330462,-9.008139,19.426113,1.315085,12.65319,-1.4152819,12.159189,6.308155,13.765408,-9.736498,14.013252
G16_D04_C_09_O╠êfkeli_C3.wav,GRUP_16,0.03805801525843108,0.0731326665845634,0.042054642,0.045227963,2140.958006954668,3235.9427654012634,-0.21389689944645587,0.5963567199082302,1053.9546,985.5673,-452.50302,119.896286,94.24769,67.01958,11.035925,28.805456,12.952522,24.06935,10.985628,21.83519,0.2819213,24.128353,-4.974443,28.275858,12.135419,14.106595,-16.846388,27.22587,4.67765,13.670615,6.02478,9.297755,-2.0250282,13.417667,-3.0997477,14.564438
G16_D04_C_09_S╠ğas╠ğk─▒n_C5.wav,GRUP_16,0.07897236746108949,0.0990605584133415,0.032726705,0.03395226,3173.7605118373726,3178.1209376741053,0.39557437833171566,0.41861544455965205,1076.2546,969.5531,-466.5051,90.2941,74.06921,52.787598,3.7331152,33.048004,23.136213,33.91874,-20.460146,28.836779,-10.747199,22.048391,-11.002063,19.812738,-6.649183,15.565304,-17.321737,17.015604,-11.146095,14.2641535,-4.8858056,10.731431,-4.325448,12.728459,-1.0635219,12.391141
G16_D05_C_11_Mutlu_C2.wav,GRUP_16,0.05140125363372093,0.046189977244673684,0.06335089,0.06435948,2020.185727812801,2207.756993167885,-0.15598194619226832,0.4841781927948364,1739.8295,1111.8491,-406.71225,67.51424,95.44738,36.860996,-10.441482,31.264584,0.72519636,25.731161,-13.556595,19.177187,-31.305475,22.710226,-16.784735,18.472486,-5.0039697,12.523212,-10.154987,10.07708,-18.571703,13.957483,-10.484277,11.173437,-3.4179642,9.878978,-7.868444,14.83627
G16_D05_C_11_O╠êfkeli_C3.wav,GRUP_16,0.052439433396464646,0.04335355153576779,0.09216088,0.08217732,2147.7326412254038,2115.6600203380926,-0.5673191050960914,0.2295414676873619,1776.6805,1163.2379,-343.84344,86.09665,106.75754,38.777966,-34.802658,38.84447,8.949244,27.11788,-7.801675,24.068867,-36.27447,26.033657,-17.2635,17.787167,-3.4613671,15.1927185,-6.8327885,12.75756,-23.53198,13.909471,-22.845032,13.375221,-3.523106,12.827222,-6.3874536,9.472332
G16_D05_C_11_U╠êzgu╠ên_C4.wav,GRUP_16,0.04904513888888889,0.043102590756543976,0.059107713,0.06398034,2217.919469222838,2723.5852012187975,0.1626413136345328,0.5871972294812583,1551.8113,1103.2681,-401.34674,69.58399,103.45339,36.399403,5.4159355,29.068832,29.815582,26.75358,17.647697,18.15,-5.28082,15.351648,-9.953381,18.986652,-8.085143,11.257842,-13.1060095,13.043822,-5.1402116,10.288422,-3.2862298,10.318267,-12.21274,11.389255,-17.761454,10.488884
G16_D06_K_24_Mutlu_C2.wav,GRUP_16,0.0581042199488491,0.07694868290132033,0.15109223,0.09856723,3021.91040942028,3800.99972968795,0.978329762383333,0.330024212076038,1197.4524,1012.6274,-222.68716,64.307785,137.55305,40.100475,6.9708443,22.884012,29.665905,24.219414,-10.425726,18.122208,32.017372,17.95665,-26.40695,20.008009,5.805077,13.790096,-6.024515,11.185031,4.4406867,11.813372,-1.3287407,9.9806595,8.350575,11.616444,0.4421759,11.254122
G16_D06_K_24_No╠êtr_C1.wav,GRUP_16,0.06852872824367089,0.06754527621492006,0.10919908,0.084255435,3399.4056118172357,4127.849527387723,2.396128615697632,0.46048960897962515,1022.09534,912.04645,-233.9791,59.08913,127.0201,35.540417,13.556654,19.921598,34.689907,23.002108,-12.166379,18.68508,28.945406,15.910516,-18.94356,15.8811245,11.549559,13.646656,-9.922597,10.652704,5.164667,10.864766,-2.2413635,8.841313,3.2872107,11.206185,4.79877,8.703176
G16_D06_K_24_Ofkeli_C3.wav,GRUP_16,0.07969610881542699,0.07908283564124685,0.13877721,0.0943155,3814.7128083509747,4291.42380908543,2.104686707281337,0.3638607345751015,1303.2549,1137.2155,-221.0355,60.43778,111.99935,38.852818,10.412172,20.337149,50.57135,24.201956,-5.6777277,18.627052,31.405804,15.708903,-30.833311,17.839691,9.407275,12.09579,-10.932895,9.266815,4.7519894,9.312651,0.14901204,8.148357,5.6104703,8.430997,-0.4099159,8.4351
G17_D01_E_21_Mutlu_C2.wav,GRUP_17,0.0937890625,0.13046591165162025,0.039725356,0.02073744,1248.697551236901,1365.102000812368,-0.052884873050987595,0.06174906855849453,1377.6216,1294.6058,-406.1571,91.19151,126.61955,75.7569,57.61945,27.009645,16.062963,30.122547,-22.848688,18.81385,-10.683873,14.4503,1.8592986,13.399916,-28.083776,15.816461,-8.8203945,12.462144,-11.431577,13.141011,-4.408424,10.006678,-5.4695964,9.367468,-4.4994226,9.411175
G17_D01_E_21_Notr_C1.wav,GRUP_17,0.12285786290322581,0.12056188589764945,0.03505412,0.025083331,1440.815565991129,1535.9982616594932,0.08728695996601446,0.4072624250106373,1454.4075,1172.06,-430.71097,99.75027,122.820854,66.852776,57.082645,32.514336,8.634797,34.993256,-13.372931,19.738998,-4.917342,14.942781,3.6366763,15.537376,-21.843805,13.283827,-11.780651,14.953532,-7.9783473,12.35204,0.2424103,10.544098,-1.4035742,9.653584,-9.941002,8.73669
G17_D01_E_21_Saskin_C5.wav,GRUP_17,0.16627734375,0.1670601965862822,0.04742895,0.027653223,1640.0870761104782,1621.7653875845695,-0.12427071115324617,0.20430807002798232,1174.5748,1150.2173,-373.837,102.60195,104.65795,70.44856,62.878605,34.559357,-1.7138264,24.600544,-17.572756,20.48686,-0.040080756,11.88354,-18.116592,15.623654,-22.42039,13.376894,-10.961754,14.308398,-8.000351,13.435814,-3.5311048,9.247263,-10.047938,10.4595995,2.1585515,8.229398
G17_D03_C_09_Mutlu_C2.wav,GRUP_17,0.051008534590757236,0.06427229804497375,0.047563847,0.036882326,2658.719804482936,3510.983139890474,-0.31176937124852583,0.10315017386890889,1581.8229,1220.0417,-419.53494,95.1222,104.97633,51.192528,-0.92233104,25.758057,18.076075,27.623571,6.7556643,18.701357,-10.752338,16.918325,-6.151975,15.207903,10.497102,11.234187,-9.265778,12.264894,-17.779047,13.217693,-9.453033,13.7488575,-3.534158,10.754982,-5.833559,10.157173
G17_D03_C_09_Ofkeli_C3.wav,GRUP_17,0.05414057989318707,0.0738540458111247,0.062917285,0.045166053,2733.3745198201846,3393.0195578606013,0.2723374032586196,0.168243569265347,1314.2035,1105.8943,-387.2445,98.76307,100.18948,52.57253,-0.39578918,26.337492,17.753841,22.267935,-2.594979,20.033888,-10.812131,17.62628,-10.857896,16.448057,5.8742256,10.166185,-15.199081,15.763195,-16.681887,14.067247,-1.4156862,10.006879,-3.5095859,11.685712,-11.764563,10.476255
G17_D03_C_09_Uzgun_C4.wav,GRUP_17,0.06867000714656965,0.0751916649378111,0.028364955,0.023922572,2918.495546167805,3335.099550631149,-0.2397044865475542,0.32063346756192346,1688.24,1305.2819,-438.242,91.644806,110.54396,58.972893,4.037576,31.190893,36.584347,25.812601,6.0030746,17.71732,-6.828592,16.809086,-11.907148,15.017873,2.5365374,12.477337,-8.960403,12.478986,-19.05234,15.159184,-5.8687196,10.956144,0.300128,14.591375,-8.078335,8.844701
G17_D05_K_66_Mutlu_C2.wav,GRUP_17,0.0642071394836272,0.09689113812115484,0.056748748,0.03597302,2932.8933246477322,3120.586717290121,-0.09796532897733101,-0.37697204968118697,1472.3289,1196.5614,-370.9547,120.38843,119.87817,81.82562,-9.150291,41.86506,15.660806,32.590233,4.955457,25.082113,17.850273,28.55663,-29.012653,22.142136,16.205029,16.325296,-13.081398,16.380548,-17.40775,17.655172,-11.581922,11.772504,-3.1775477,13.202635,-5.3195624,11.466474
G17_D05_K_66_Ofkeli_C3.wav,GRUP_17,0.07011549891930836,0.10517161000404075,0.06780083,0.046451326,2803.5952313521966,2817.32071087586,-0.3132039750847792,-0.1577536189230508,1575.6875,1149.7036,-347.32312,104.14025,110.5473,68.82633,-18.296831,38.54355,13.12582,28.40725,6.6884613,30.474697,15.041417,25.582605,-21.134642,23.602781,7.497501,16.079378,-14.953277,13.784629,-21.301819,16.315054,-9.154197,11.805262,-4.219161,13.7606125,-9.460021,12.484068
G17_D05_K_66_Uzgun_C4.wav,GRUP_17,0.07943718302505967,0.1077551247620229,0.042631418,0.035554133,3108.7361609814548,3120.6121612997144,-0.5486189906510923,-0.014742758229143853,1684.6395,1195.2943,-381.2571,106.32866,100.6319,69.459785,-15.4718685,40.45965,18.607807,31.098366,9.371385,27.35764,15.387311,20.110767,-20.089573,21.96132,7.773477,13.177229,-17.28113,13.765538,-15.726752,14.924442,-4.6898513,10.107394,-6.811386,14.476002,-5.3238297,11.812929
G17_D06_E_68_Mutlu_C2.wav,GRUP_17,0.04499404590069284,0.057519257566325505,0.10213259,0.08038957,2202.522414794001,2833.7189398865576,-0.19642158064865806,0.027810370755792846,1264.7319,994.04987,-328.79727,106.91787,130.24007,68.39044,23.068052,35.872234,17.499067,22.672129,0.803357,25.119123,26.221058,23.220003,-2.8162766,18.38381,-5.329649,14.578454,0.7033197,16.8116,4.254828,12.081209,-5.199019,11.142637,-9.427312,16.149382,-0.12376746,12.333969
G17_D06_E_68_Notr_C1.wav,GRUP_17,0.039565022786458334,0.04603623930521535,0.06229825,0.04919969,2146.0522625109634,2950.9602119527644,0.34607456930365205,0.3799952674277543,1078.8164,910.40546,-362.2037,110.892166,130.23087,67.91844,25.154882,32.656025,16.853489,23.89824,-2.37544,24.028246,19.467216,23.03176,1.1959659,13.681143,0.4260582,16.096685,0.7597542,17.378767,2.5174804,11.971174,-3.9774444,13.020709,-5.0793943,15.713529,3.7697542,12.76396
G17_D06_E_68_Uzgun_C4.wav,GRUP_17,0.0405343049898167,0.04740154697351496,0.062323064,0.050022833,2321.306523352426,3073.9457542744403,-0.0007671761078205742,0.2885217830066468,1320.9476,1072.0609,-368.31104,108.845375,121.582085,61.375107,21.649035,40.40026,25.825703,22.887379,7.4851007,21.545017,28.028168,20.982897,2.7429588,17.139774,2.2229316,13.650157,-1.6957711,18.001059,0.90892404,12.565207,-3.0278835,11.466722,-3.7604678,16.281546,0.62942326,11.576156
G18_D01_C_11_Mutlu.wav,GRUP_18,0.03705929487179487,0.045214284504113675,0.1725709,0.09125151,1931.2718641768174,2507.0806636986977,0.17554704500281387,0.03442381500861701,1180.4047,939.87634,-252.1647,63.407303,128.88925,32.250813,-28.508656,37.639034,13.518907,26.72488,-2.795878,18.41315,-17.466713,18.535507,-28.882301,19.645393,0.3834539,13.821084,-14.660019,14.226638,-16.84682,11.400197,-3.599512,13.215387,-18.46483,12.038375,-10.825706,10.064573
G18_D01_C_11_Ofkeli_C3_.wav,GRUP_18,0.06364553514631044,0.0708246147905878,0.117518984,0.07956562,2770.2587689071097,3080.391262289747,-0.3231138858716393,0.022796957541564713,1591.3225,1120.5582,-277.8257,76.31477,98.928474,39.78929,-30.929234,35.436897,15.946252,26.05679,-14.098219,22.695301,-21.31659,18.210274,-32.789646,21.905226,-4.1000834,15.235654,-21.910835,17.347984,-11.268746,16.668184,3.8361201,15.972119,-14.409349,14.277229,-10.878176,10.172955
G18_D01_C_Notr_11_C1.wav,GRUP_18,0.038998637602179836,0.041738195374041186,0.107049055,0.07118981,1773.028719210612,2533.2057592464967,1.6526959693324024,0.49844978119891764,1135.5586,979.30194,-299.36255,59.228138,146.3952,34.52559,-1.919705,34.42954,10.316444,26.030476,-5.74702,23.119652,-18.029696,17.482609,-22.82648,18.633707,1.758954,10.085421,-9.316357,11.964177,-14.589497,10.718104,-5.4057217,13.102724,-8.9996605,13.510356,-9.354367,10.328467
G18_D02_E_53_Mutlu_C2.wav,GRUP_18,0.04483021811006826,0.049562151158761336,0.14767335,0.07943323,2224.273161842864,2963.4404065142076,0.3175923427457489,0.211730950982261,1324.0604,1072.7391,-218.61473,81.88981,148.34875,48.03376,-12.935983,42.43173,38.65879,20.031382,6.4099092,23.315956,20.975506,25.58811,-17.604763,18.244167,-3.25598,15.457847,5.2370844,14.238893,-2.9854646,12.803779,-21.43867,11.977162,-2.2158988,12.887168,-16.312061,12.539311
G18_D02_E_53_Notr_C1.wav,GRUP_18,0.04436612215909091,0.0491850656428589,0.092315644,0.059303578,2234.824529892251,3110.6878399514762,0.17526072830619613,0.30473108451436254,1189.415,1042.5741,-263.41464,81.56767,148.17851,47.89281,14.487664,36.53313,34.003624,24.139544,5.6209846,23.949543,21.131313,22.961687,-14.080184,17.306412,13.508507,11.945213,10.725149,17.50178,-10.930879,12.609826,-7.5747514,10.834084,1.7809906,10.40541,-11.191535,10.531068
G18_D02_E_53_Ofkeli_C3.wav,GRUP_18,0.04925007370283019,0.05978248808535983,0.1329827,0.08162133,2307.9272618419322,2980.773959655197,0.35572795130708795,0.1820413841846958,1421.1295,1083.5317,-230.1683,91.80524,143.14156,50.10395,-9.689915,40.30209,27.228848,24.22828,0.5844206,26.971033,22.039324,26.793419,-19.375504,20.200058,-2.3872614,15.531889,5.744337,14.742559,-8.108321,14.592444,-17.435663,9.653744,-5.6572537,10.695537,-20.37916,12.53956
G18_D03_K_17_Mutlu_C2.wav,GRUP_18,0.05225706636235955,0.07755832600812824,0.13154466,0.08952433,2372.0398491275687,3101.0809056424564,0.16416230060320602,0.13403708044714596,1109.4629,980.86646,-288.2679,68.16135,128.42534,40.135334,3.662518,22.252607,22.70466,24.079714,1.2709785,20.513292,6.8963637,15.611825,-24.427885,23.216173,-0.8716398,12.820094,-3.9530168,12.6440935,-20.493132,14.496649,-8.003951,10.449663,-8.448689,11.441165,-13.884222,12.389489
G18_D03_K_17_Notr_C1.wav,GRUP_18,0.0598685245385906,0.08180068770812544,0.08009138,0.07741543,2632.635119519911,3389.6858800146847,0.12760623810687807,0.49572504897605846,1227.9681,1064.571,-310.60187,62.441216,129.1557,38.085682,10.352275,28.53814,24.684875,20.597412,4.7631097,18.823647,4.714011,15.62486,-18.470594,18.358059,7.223397,12.059598,-9.310373,9.692667,-5.180421,12.712542,-6.211522,10.24801,-8.901145,11.38383,-7.6166058,8.592186
G18_D03_K_17_Ofkeli_C3.wav,GRUP_18,0.07187248164398281,0.10630490289475213,0.09629682,0.08426778,2700.6528568165472,2942.731840846336,0.5282041081217552,0.19342868161455198,1236.9791,1060.1677,-294.6741,62.941917,108.124115,50.356667,2.2607634,34.332664,19.304039,26.07972,1.7650857,23.93725,-4.6262217,21.201406,-28.581158,19.914873,-4.3415313,16.065718,-12.586875,11.294686,-25.153141,14.611472,-4.7393513,11.940233,-9.037283,11.174345,-21.045214,11.288678
G18_D04_K_44_Mutlu_C2.wav,GRUP_18,0.03688334569732938,0.0552175066943469,0.1641084,0.09383629,1826.3435589732956,2565.9553162846146,-0.011317698137004863,0.06182029817396145,1053.0084,1012.0413,-276.4961,49.074142,136.9771,45.46842,0.6259533,26.8795,22.347702,29.46567,3.2220356,23.627834,8.750836,19.275272,-23.28293,13.928734,-17.39585,14.323761,1.369115,11.964518,-13.263408,12.193367,-18.477505,12.302632,-5.2689757,10.296727,-21.925962,9.345711
G18_D04_K_44_Notr_C1.wav,GRUP_18,0.07181733948378839,0.14313241081407954,0.111510344,0.07890476,2587.974775100278,2935.5026269760815,0.46334535744872424,0.4970842612922124,928.09357,843.54956,-277.53537,71.04304,141.55612,51.38408,12.1033745,27.666645,20.468756,28.050142,-5.816722,24.408106,3.290058,19.431805,-16.20369,13.917561,-0.7933977,11.63227,5.886622,10.712863,-10.186686,9.423146,-16.773954,10.148805,-2.6320245,10.103736,-17.194738,9.443597
G18_D04_K_44_Ofkeli_C3.wav,GRUP_18,0.057504507211538464,0.0873517654300491,0.13466927,0.10082727,2252.745922352494,2774.0291094806585,-0.2235003016754222,0.2867958292102228,968.5156,1002.49896,-293.6195,72.0317,130.27927,56.312157,9.582379,33.32477,28.01821,29.468307,3.2765484,25.096924,5.8402586,22.642458,-23.763334,15.936857,-16.006054,15.491097,-4.3259115,10.515854,-13.457823,13.621108,-21.877232,10.357834,-3.919572,10.435277,-21.13939,11.228879
G18_D05_E_18_Notr_C1.wav,GRUP_18,0.04193312121975806,0.051518396689835405,0.081026874,0.065243036,1995.9023777795637,2866.6426406866144,0.5297935188694635,0.568535298571522,1106.1893,940.32574,-297.46466,81.888,166.85297,53.97818,9.764122,31.968674,16.57803,25.37831,10.562726,23.62017,16.859118,21.086601,-1.7714685,19.38484,18.27047,12.6443205,-10.572123,13.162392,-3.3977773,13.482468,9.082051,12.768248,0.41015902,11.479752,-9.539353,11.394623
G18_D05_E_18_Ofkeli_C3.wav,GRUP_18,0.056675254875886524,0.07106379373117788,0.17632446,0.102904156,2637.0081434462136,3184.845383086132,0.0724946794115704,0.20679067928058384,1397.7716,1187.2281,-213.90231,105.50721,134.08116,55.625942,-12.523132,32.145092,26.496422,26.569418,1.9147668,24.963516,19.153402,24.064531,-21.237583,21.239805,10.937649,12.052216,0.3711522,13.793498,-10.640637,14.584162,-18.449335,14.721159,15.05365,12.075244,-18.824444,14.580438
G18_D05_E_18_Saskin_C5.wav,GRUP_18,0.061995243002300617,0.07767096562703064,0.09515517,0.09299946,2545.2905610003045,3049.1746415895536,-0.20285819743314562,0.2709767640277033,1472.1069,1205.405,-299.11456,91.729866,125.54561,68.464294,-5.4639397,31.658789,15.195483,30.22363,10.891884,25.78064,11.281106,25.422234,-4.2474275,15.697346,3.2694175,12.776934,-12.725778,11.933403,-8.585051,12.74701,-5.6281066,13.568753,0.7685842,13.458794,-13.636853,13.274077
G18_D06_C_7_Mutlu_C2.wav,GRUP_18,0.03941411219783715,0.04576425023644686,0.11594558,0.09301009,1510.419073807916,1817.471296659349,0.24969680207017905,0.13594037346910542,1743.386,1249.807,-358.79428,52.94158,87.346085,36.14676,-16.920786,37.870026,5.7104635,27.59909,0.78869903,22.986425,-32.47627,19.622671,-28.882122,16.050201,-16.073296,15.5168085,-16.249125,10.629559,-27.840927,12.490178,-23.67619,11.701246,-11.078177,11.222573,-13.009872,13.178428
G18_D06_C_7_Notr_C1.wav,GRUP_18,0.04052286410550459,0.043509195119864404,0.08184345,0.07932978,1411.200424501359,1887.2691631167743,0.3092554095110421,0.4181329862420661,1265.8933,956.08246,-366.3617,63.84827,138.89798,40.98382,2.9794545,43.087063,-13.235883,36.029873,-18.096495,25.82899,-21.649685,17.393293,-10.536191,17.58714,-10.253587,15.014739,-8.076702,11.626698,-14.9356365,12.038477,-20.31873,10.7336445,-10.933514,10.449842,-11.657325,11.593849
G18_D06_C_7_Ofkeli_C3.wav,GRUP_18,0.04421461525069638,0.05093216066328066,0.13156736,0.09677264,1604.2816877824916,1850.481799994039,0.16820401518557843,0.3013703974556981,1593.3984,1168.3228,-345.19543,56.964085,101.48196,44.92382,-12.125532,34.505028,4.385747,31.894016,-0.43177664,22.212095,-26.563063,20.444696,-20.644983,17.290668,-16.81638,16.982773,-18.075771,13.885177,-24.168627,13.579154,-24.195755,11.709763,-13.460283,11.145392,-16.006084,8.690466
G19_D01_C_08_Notr_C1.wav,GRUP_19,0.08314115084134616,0.09587993302392134,0.15952995,0.1112547,3894.8871440879357,4389.603876990122,0.0772215711535361,0.10931976516906927,1499.7451,1009.7084,-281.06094,116.357216,71.72815,47.52766,-7.133129,34.843735,-6.364683,28.582317,-16.071657,23.83163,-13.463809,21.05649,-11.177681,20.29696,-0.685733,15.14476,-46.583992,24.823975,6.520253,16.423353,-15.17764,13.861808,-9.931164,10.50395,-13.007345,12.239737
G19_D01_C_08_No_Mutlu_C2.wav,GRUP_19,0.06903189432989691,0.08279503514213923,0.13260366,0.07409947,3495.556782541584,4100.321583428893,1.0007642448682184,0.018857874004120694,1546.7833,1026.3511,-287.69202,77.148445,71.139404,49.853554,-18.6024,31.750168,-5.500189,37.68787,-16.816944,22.624882,-12.460287,16.514597,-18.737177,22.410894,-3.3283474,15.545389,-47.545395,19.175661,6.515615,17.224676,-16.429234,10.680299,-19.719225,11.993908,-6.9670444,11.490052
G19_D01_C_08_No_Ofkeli_C3.wav,GRUP_19,0.10064984865837696,0.11988777709408904,0.11711142,0.11263158,4180.0741143321775,4044.118758769322,0.3459198617886003,0.4478709089088471,1732.9303,1069.6896,-309.77072,111.61485,43.845234,57.037792,-24.620712,36.21258,-10.532351,29.47883,-11.64584,21.169813,-14.350066,17.300274,-28.856226,26.682335,-5.264394,15.192441,-33.288116,19.898964,-2.8540666,15.979473,-17.608854,12.773432,-19.75899,12.327614,-0.20129845,13.3001175
G19_D02_C_09_Notr_C1.wav,GRUP_19,0.05286106418918919,0.0564836791290618,0.1343566,0.09248825,2757.128109827548,3665.844706103255,-0.27384140772705445,0.2552814488502547,1187.5657,989.6076,-260.44495,69.930954,119.23913,35.36889,7.3167195,23.498594,16.512878,21.51867,-11.359027,19.47109,-3.089381,13.491346,-27.868479,19.301064,-5.0115547,12.764325,-2.2936854,11.15392,-20.711412,13.110997,-1.8987247,11.824101,1.0377736,10.917193,-14.329482,9.230661
G19_D02_C_09_Ofkeli_C3.wav,GRUP_19,0.04554642078488372,0.06991784385004113,0.14336225,0.08257457,2256.537121764958,2917.5418086316527,-0.16851534600891002,0.18408299940203524,1218.0808,1048.6608,-269.2469,71.0197,127.138084,42.91461,-9.589173,28.52426,15.469567,28.725033,-6.952185,22.996347,4.0778427,12.384954,-32.820553,17.043573,-17.172783,12.236081,-3.4214392,8.998226,-22.341185,12.287576,-4.08463,11.769391,-12.335592,9.094133,-24.108753,10.558232
G19_D02_C_09_Saskin_C5 (1).wav,GRUP_19,0.10486433699324324,0.11383453680625531,0.06737685,0.054504834,4273.359036356617,4314.952340564626,0.13184415869714927,0.3226872905386227,1734.234,1279.3788,-288.37,74.062485,82.57597,59.810852,3.6664143,26.85266,29.942848,37.599854,-3.1458726,24.869143,8.155574,15.205073,-22.771072,17.63998,0.5814587,15.1229925,-0.64397985,8.794835,-12.671617,11.945581,-5.9529085,8.967426,-1.2373221,9.995986,-19.999262,8.711999
G19_D03_E_21_Mutlu_C2.wav,GRUP_19,0.038937472967128024,0.056338005724158036,0.22983445,0.072322026,1835.7597078728368,2464.7789212919047,0.5711815766942886,-0.0016880848544891722,1250.1334,1165.074,-190.36957,55.378403,160.71925,43.45957,-15.543614,34.423756,40.00981,21.302141,12.213803,20.555126,5.0555916,18.898697,-20.761084,14.434343,-2.1267676,11.371424,6.6533475,11.241128,-23.20052,12.706907,-19.376778,13.475187,3.8161507,8.900253,-17.18899,11.589671
G19_D03_E_21_Saskin_C5.wav,GRUP_19,0.0917135799632353,0.09701712425707641,0.13371187,0.079129025,3156.9507834015717,3196.9081641748453,-0.10085130354353611,0.22082793612492516,1878.8855,1349.1106,-212.41498,72.75976,116.179596,65.615,-15.730773,31.550823,39.05712,26.02227,9.44136,22.39764,6.9170322,22.948387,-22.749287,17.715736,6.0966015,14.370427,6.960412,11.618289,-24.071623,11.814602,-10.541911,10.155855,-2.8356822,9.0057125,-19.352882,9.474745
G19_D03_E_21_Uzgun_C4.wav,GRUP_19,0.04133197623239437,0.03986917055878133,0.17468439,0.08773459,1998.466801601389,2812.1580970986056,0.5168139657046836,0.24763722592695267,1512.2109,1288.5793,-218.71284,54.941357,145.6253,36.34196,-17.448374,31.602526,37.739662,24.927872,25.079342,13.96701,12.147191,14.20796,-12.412062,15.108578,-1.6948673,11.380887,6.3543296,10.159368,-19.996086,13.1646805,-17.723421,12.152626,-7.886707,9.757583,-21.234766,9.510256
G19_D04_K_19_Notr_C1.wav,GRUP_19,0.05942032849829351,0.08543077755999844,0.13783874,0.08872253,2728.1856740856356,3467.6179647179256,0.06649499911390924,0.23344934644736762,1181.7026,1071.9178,-280.00095,98.879555,119.27515,55.74233,20.95848,36.26795,25.566006,29.036106,-7.763994,29.905436,-7.1848555,18.25743,-29.327484,23.257462,7.355859,15.399643,-25.829802,14.705354,-9.371187,13.346201,-5.325209,10.995494,-19.015665,10.991719,-11.699841,9.312949
G19_D04_K_19_No_Mutlu_C2.wav,GRUP_19,0.057125766177652734,0.08315256362706455,0.1369366,0.08218333,2635.924299547856,3185.7023300942164,-0.10364011918920626,0.07422343477149633,1280.6218,1155.2782,-304.4029,87.43588,98.96976,57.71509,7.8914557,36.967957,29.338066,30.528988,-9.914692,23.723852,-21.41401,22.026299,-31.629154,22.223188,10.04284,13.966698,-12.977847,16.328344,-21.798975,17.095446,-12.017985,14.054074,-19.852093,11.806434,-11.081165,12.141433
G19_D04_K_19_No_Ofkeli_C3.wav,GRUP_19,0.07345865885416666,0.11161123241355518,0.14879817,0.08873564,3236.0276323954276,3538.11194453842,0.09007274979764761,0.37616060985468364,1348.9877,1095.1509,-258.29306,91.80031,98.93264,59.89226,5.6483397,30.293314,15.495898,24.299507,-6.2008967,26.310331,-6.8513575,21.53337,-30.474466,22.951477,11.921714,14.165556,-19.858513,15.6711,-17.892103,17.58291,-7.3967686,11.940067,-13.394845,12.1703,-14.136211,10.561619
G19_D05_K_87_Mutlu_C2.wav,GRUP_19,0.04889390382124352,0.05755046416423711,0.1981321,0.09028468,2454.3323551337,3075.4487121391558,0.1860133389904439,0.018958935251818656,1553.4808,1186.0148,-224.03024,63.154728,111.75176,41.50262,-23.720146,33.825283,30.397038,28.625904,-6.9474573,24.260145,-1.2007142,14.499239,-20.286592,15.750937,-0.6939821,13.40746,-10.806544,15.090752,-19.58183,11.609435,1.4922721,11.75357,-5.8561935,12.123487,-9.602783,11.806284
G19_D05_K_87_Notr_C1.wav,GRUP_19,0.04954635265261628,0.06063163593252666,0.15428701,0.09615282,2341.3330132413093,3082.5098990431798,-0.2245602948692754,0.21808961055837428,1301.6432,1139.221,-257.83154,77.51959,122.243576,44.97898,-7.9813333,34.937046,29.404205,29.483948,-3.8893838,30.00334,-9.920209,20.980192,-17.591545,18.246399,-12.209104,14.740993,-14.238798,15.493089,-15.848843,11.947307,6.259235,13.044756,-8.011404,12.665805,-14.6994505,9.596143
G19_D05_K_87_Ofkeli_C3.wav,GRUP_19,0.06376395089285715,0.08342433719191956,0.13940288,0.075943366,2827.261490376577,3189.3265549937196,0.1681857421001329,0.0635898637781339,1601.7802,1242.077,-243.74297,59.826668,98.808815,52.631462,-22.880606,30.820269,24.221437,32.166737,-11.926186,22.32482,-6.680501,15.399217,-19.100233,17.910892,-3.0352407,16.602177,-16.69575,14.958163,-18.937675,13.762449,3.198734,9.346831,-5.3109856,13.831471,-13.054049,8.764293
G19_D06_E_46_Ofkeli_C3.wav,GRUP_19,0.04037222677831492,0.04625112843237538,0.14238675,0.1066912,2148.88630768751,3056.2104701467697,-0.2698311299907082,0.24539943572797757,1176.6776,1010.8771,-275.36096,102.569046,144.19022,50.737152,-2.2231011,30.390253,30.76064,17.901018,31.576555,17.967758,25.068785,22.731585,-0.47668558,14.225211,-2.4705992,14.982635,-0.54877925,11.98072,-13.941358,16.662107,-6.162313,11.66563,-5.483595,10.396818,-17.635742,12.859011
G19_D06_E_46_Saskin_C5.wav,GRUP_19,0.06124318777593819,0.07213204343229912,0.10524541,0.09222349,2652.8818420453313,3220.752940906524,0.029322118423858345,0.3721240153031142,1589.7139,1155.6786,-293.6903,96.30824,130.30193,59.156292,-7.6464424,34.148354,32.570217,20.773035,29.93396,22.067863,31.015259,25.216354,-1.9689133,13.761022,-2.1381361,12.131931,3.7264628,11.322209,-8.536342,11.722452,-9.255473,11.416404,-8.295367,11.464675,-12.927678,11.173903
G21_D01_C_11_Mutlu_C2.wav,GRUP_21,0.054874936995967745,0.06012601196711247,0.11198898,0.0906416,2420.860571431215,2779.673534342636,-0.22850937773644356,-0.18873780405671145,1600.6711,1191.1649,-305.01324,69.08503,103.07413,42.900063,-31.16504,31.342134,11.969421,30.304905,-13.425286,22.78388,-17.492039,23.22265,-30.913914,14.63626,-17.241081,18.717566,-2.3197832,11.76031,-21.841534,13.101386,-17.947859,11.483332,-3.4787767,13.518136,-19.975687,12.447225
G21_D01_C_11_Notr_C1.wav,GRUP_21,0.04806948668204698,0.04926784006901456,0.08729602,0.06736766,2154.0102041385594,2732.4827059342124,-0.16072728734895417,0.25111393080210914,1476.0046,1137.1875,-309.2746,71.35478,129.96945,40.823586,-13.76677,43.410267,19.426052,24.649765,10.06681,21.682049,-3.9430456,19.462885,-15.595076,17.104176,-14.626843,13.885779,-19.464909,14.193265,-21.04792,14.585595,-14.071892,13.440525,0.7919075,13.038484,-3.4388862,12.431674
G21_D01_C_11_Ofkeli_C3.wav,GRUP_21,0.06947989884118541,0.05825362752167432,0.1309925,0.0933763,2596.858358519947,2555.235161794915,0.23466654280818902,-0.018536506414354177,1604.1326,1071.5502,-258.16196,66.7496,105.713524,39.470875,-48.81517,32.595882,11.2021675,28.86484,-19.137524,21.611404,-18.748,20.02806,-19.921124,14.994512,-17.4215,17.174067,-11.774006,12.159549,-17.907612,14.813745,-12.522366,15.868041,-4.478107,12.096363,-14.903771,11.210442
G21_D02_K_21_Mutlu_C2.wav,GRUP_21,0.05274348958333333,0.059851777360643864,0.13431628,0.09643361,2194.983548240126,2524.9597435797655,-0.23144411048625008,-0.16177818290228246,1706.5103,1172.6765,-281.27853,68.38241,121.620384,40.43999,-34.717823,30.626139,14.579896,25.795664,10.127778,20.973915,-5.434453,18.152815,-23.58958,17.308441,-13.74332,16.451984,-8.739721,9.271045,-35.62122,18.093363,-13.278248,11.732235,5.483279,12.653304,-22.284431,11.277227
G21_D02_K_21_Notr_C1.wav,GRUP_21,0.05503141983695652,0.05290860150089063,0.10403201,0.079368204,2120.2869888125697,2467.159138675635,-0.3514198285348983,0.1728835800426729,1630.3196,1149.4861,-292.1865,74.51318,146.13594,44.326633,-32.8841,37.945164,10.9524765,26.843428,6.0973306,23.21734,-8.016592,18.9712,-16.073484,15.865527,-8.099391,15.204349,-7.5374036,11.295089,-28.373491,15.714057,-15.409321,11.501002,8.4099455,13.847477,-19.705711,12.327507
G21_D02_K_21_Ofkeli_C3.wav,GRUP_21,0.055498303865131576,0.06397032274060971,0.13935465,0.100005314,2161.4000050316295,2415.7708270749763,-0.09556158447937506,0.18887041812916713,1626.9259,1159.5281,-274.21146,80.274284,138.28752,47.949875,-32.159534,32.13298,6.8835406,27.06516,2.5623326,24.034157,-6.9572496,21.995956,-17.910986,16.480316,-8.928613,15.26153,-9.138341,10.482962,-31.588099,18.070534,-20.094881,13.445034,4.8218813,14.5349045,-20.4465,12.357074
G21_D03_E_50_Mutlu_C2.wav,GRUP_21,0.05403386896306818,0.05587183936672659,0.101647325,0.07542238,2338.1265420535765,2833.5591717868615,0.5372845525873107,0.5068552006184346,1487.1682,1147.2819,-279.63504,104.98505,149.847,57.737656,-21.674116,32.317284,34.76324,21.75732,15.509053,23.246365,11.899603,18.827526,15.881291,12.762337,-6.037244,14.274349,-22.997114,18.450014,7.552331,12.479141,-15.767922,12.689797,-4.247992,11.233531,-3.8024592,11.711927
G21_D03_E_50_Notr_C1.wav,GRUP_21,0.053800154320987656,0.053239385806370394,0.08910185,0.064173855,2269.364700567054,2978.691476124848,0.38381104846107034,0.5064911283198883,1309.3353,1133.2285,-271.39542,79.61377,157.19714,48.644215,-1.2078937,29.30629,43.295284,20.370815,1.8661039,20.345705,-2.1392887,18.786743,6.8987985,17.471928,0.6476849,14.29901,-8.22122,14.112736,9.19275,14.028551,-20.342058,16.240725,7.6701994,9.553652,-1.806105,10.563322
G21_D03_E_50_Ofkeli_C3.wav,GRUP_21,0.04548172842019544,0.04619006359162528,0.13276014,0.079441495,2196.9862072635383,2871.78261210836,0.39767441744465887,0.311355953974991,1391.8049,1149.0468,-243.11726,88.51869,149.6771,47.256306,-17.16583,30.585863,32.824036,20.032406,11.98848,20.647572,5.646299,20.880661,5.718664,13.416898,-8.001263,12.243376,-24.246916,17.618542,8.485404,12.74867,-19.289288,12.78794,-5.30305,11.689888,-11.634179,11.612467
G21_D04_C_13_Mutlu_C2.wav,GRUP_21,0.03547907101599526,0.03845612388863494,0.08090776,0.056477953,1673.7905888412636,1912.6487951870836,-0.34996390469808336,0.13826445743652407,1208.2113,1115.074,-370.98212,97.379585,137.59216,59.825413,-19.55924,42.61671,19.894999,39.198097,3.0024924,22.139494,-29.102264,21.64157,-15.029635,19.225004,-14.0634365,17.48745,-9.099777,13.007469,-18.508286,14.402773,-17.689869,15.365114,0.76090336,10.896419,-12.568651,11.412118
G21_D04_C_13_Ofkeli_C3.wav,GRUP_21,0.03784709149096385,0.039444591687081386,0.051499613,0.038416278,1737.3402100293017,2026.709729046065,-0.09318449695240906,0.17513023639455327,1106.8849,925.13306,-393.49417,93.44109,133.09608,50.60937,-17.354464,44.33748,18.94459,37.499935,7.820872,21.690434,-14.484842,20.76404,-7.1348658,18.77484,-19.376196,18.409725,-11.485029,14.480584,-12.29327,14.132795,-17.176708,14.423215,-3.8054235,9.195688,-10.204997,10.420687
G21_D04_C_13_Uzgun_C4.wav,GRUP_21,0.04388485863095238,0.05095583663345138,0.053178277,0.03983531,1946.9380149606943,2131.3219894946774,-0.28924819677685937,0.1887588872153277,1426.1423,1287.0248,-406.49445,96.62845,122.25047,56.65174,-11.294623,46.642906,39.64296,41.424778,14.407217,20.956568,-16.610455,20.751837,-14.405926,21.098938,-22.017782,19.901236,-3.0787034,12.953791,-15.090611,12.786655,-21.382416,14.648111,2.636118,12.085404,-11.847733,10.316069
G21_D05_K_21_Ofkeli_C3.wav,GRUP_21,0.051664070741033755,0.08517244136414406,0.06917084,0.05034693,2273.7648565929912,2910.9100183549745,-0.15616817474139572,0.562257163344667,1155.2393,982.84576,-376.21426,82.35896,131.71051,45.3321,13.922893,35.410564,22.09938,25.33428,-2.2722037,22.6777,3.5605438,17.978247,-10.767236,18.163784,6.371307,14.203013,-16.134428,13.352676,-20.322386,16.1429,-7.0777526,12.547946,-9.217468,10.381328,-12.031962,10.929163
G21_D05_K_21_Sask─▒n_C5.wav,GRUP_21,0.09391308989119433,0.11230353982404778,0.051023576,0.041808095,3287.9390649213124,3129.245547978204,-0.23106184993614715,0.5148580538295742,1296.002,1025.9377,-365.038,79.92817,112.37095,52.677887,-2.5849802,31.160358,23.10511,38.14327,-12.84705,27.59722,12.80351,18.493011,-7.1098123,15.576966,2.3459775,17.488205,-18.548164,13.512727,-15.557099,15.314915,-1.675961,11.693122,-7.413753,9.730231,-10.377959,12.453682
G21_D05_K_21_Uzgun_C4.wav,GRUP_21,0.07505693319838057,0.08676672448294792,0.03773266,0.03305212,3032.675579036019,3381.606674857419,0.4837639274072107,0.6614852507262924,1379.8198,1122.2726,-394.1472,83.49302,118.077286,50.4064,5.1930523,34.43556,36.03235,30.348995,2.5929444,20.602076,20.634907,13.055145,-4.658165,17.326836,1.449376,12.2498665,-20.753088,12.59489,-12.021332,13.079207,-5.255701,9.582482,-5.514259,9.136589,-7.1016545,9.657675
G21_D06_E_20_Mutlu_C2.wav,GRUP_21,0.02567927745165746,0.04244628035710482,0.0851768,0.0425935,1416.244630144673,2137.6243781105945,0.0005692392853085934,0.10854686472445267,1257.5837,1187.8131,-365.90222,67.203575,154.75839,46.299862,10.265246,35.985283,30.263683,20.360695,32.275036,19.683842,27.584917,20.587294,9.253279,14.208241,-2.8387356,14.354368,1.9974935,13.226652,-9.073445,12.261839,-17.014585,16.991247,10.242479,9.737495,-13.321656,8.749641
G21_D06_E_20_Ofkeli_C3.wav,GRUP_21,0.036266222677595626,0.054161698739286245,0.113975465,0.07982064,1943.1492591751166,2823.0325495039,-0.003057957675984887,0.40035397915167936,1104.0663,1128.4004,-329.56754,109.83487,139.64236,60.66265,17.490633,36.140854,37.01717,22.479368,25.056616,23.898289,27.53688,24.074642,0.28482106,14.463094,3.8406012,11.9234705,-1.2722424,12.486501,-5.8997583,13.521008,-15.834336,16.326714,11.077922,10.618232,-10.628216,9.980129
G21_D06_E_20_Sask─▒n_C5.wav,GRUP_21,0.05041908878850711,0.06441560084236024,0.09421152,0.071799256,2403.930819075187,2878.3139518965218,-0.21275939547607184,0.4049294767353091,1409.3125,1214.7563,-324.61026,119.03845,140.68549,61.87474,-6.269705,38.95235,31.111662,28.919899,8.588134,25.358353,12.845025,19.21838,2.2860358,17.07999,16.20098,9.8646555,3.4459918,14.84514,-3.3457158,12.389995,-10.814275,13.702869,9.155967,9.663879,-10.038866,10.406703
G23_D01_K_23_Mutlu_C2.wav,Grup_23,0.0837749313630491,0.09332959444015412,0.021076864,0.02303132,3786.432537570343,2909.218321860269,-0.639591453703881,0.21423340595749685,1871.7621,1187.9755,-496.29233,89.300835,96.11305,67.5911,5.13864,29.235548,23.144861,28.783619,12.598716,17.195799,-0.75775385,14.220145,-7.8860407,14.495773,-16.940456,14.308574,-0.98579293,11.647611,-3.8349736,9.777366,-7.9089694,11.043722,-3.1480672,8.550021,-13.310484,11.456701
G23_D01_K_23_Notr_C1.wav,Grup_23,0.0802757133871822,0.07928840554950063,0.016774159,0.020158665,3767.897976288664,3200.9193451225815,-0.5698958296045669,0.3346790729701349,1779.0659,1145.481,-514.6302,108.07119,100.61847,71.913475,-5.835888,31.524677,14.346277,23.780457,10.219405,18.119635,-2.900827,12.838571,0.2640686,12.184432,-13.805978,15.110938,-13.7852745,12.619202,-9.5261545,9.250878,-6.074526,8.246153,-0.9236865,8.55755,-10.794218,9.9454775
G23_D01_K_23_Uzgun_C4.wav,Grup_23,0.08214771095459518,0.07949376955744479,0.015266045,0.017331343,3682.9080080178196,3137.959595151175,-0.07268733248809538,0.4264869891699351,1677.338,1163.3333,-505.3461,107.55757,105.99651,68.369194,1.214258,35.210518,28.346931,33.962887,12.3436165,18.19541,-2.0670795,13.718819,-5.789543,14.780293,-22.984129,17.148056,-6.051553,12.464142,-2.7971427,8.397306,-8.604111,9.76296,-2.9195127,7.5100255,-9.777105,9.16925
G23_D02_K_24_Notr_C1.wav,Grup_23,0.050792539739884394,0.0652433088686273,0.025319282,0.01798065,2247.7051808868023,2094.3618685154215,0.034365156055822625,0.21842364781069482,1637.8555,1190.1794,-466.08792,83.71376,147.32507,61.088146,-6.019628,36.18832,14.196708,23.819717,8.889732,22.723814,-6.2387867,15.970604,2.1917186,16.469757,-1.9249283,14.117828,1.3845109,8.479638,-9.491993,10.176625,-8.0489025,8.767771,3.249511,11.621959,-14.28848,9.792453
G23_D02_K_24_Ofkeli_C3.wav,Grup_23,0.07710575996143959,0.08459377460198005,0.024034405,0.017555526,3521.0521918416885,2709.1166819027662,-0.7600388780080423,0.07317187166263162,1881.108,1190.8756,-486.4075,120.45598,127.99658,73.69375,-25.726707,40.01808,25.6089,29.53197,13.894107,21.84292,-9.504897,18.182417,1.5328752,14.279438,-4.8092575,14.953754,0.24587409,9.215073,-17.142973,14.632467,-13.303454,11.006869,11.571624,12.941892,-12.120325,10.28321
G23_D02_K_24_Saskin_C5.wav,Grup_23,0.10104196326879271,0.0914184570606789,0.019983001,0.01862668,3954.207829279335,2951.3329080677977,-0.3692740940801942,0.3305746473915017,1767.4868,1182.4785,-490.80365,119.8748,113.06323,71.6001,-25.095543,35.401176,31.85568,40.181698,-0.18287161,24.17041,-10.585048,18.92799,12.442156,17.770563,-8.67806,18.815416,0.980006,10.500621,-7.3488984,12.821557,-11.407201,10.910972,5.770183,10.229201,-13.71688,10.957112
G23_D03_E_23_Mutlu_C2.wav,Grup_23,0.07691851054152397,0.08430667392833092,0.020139169,0.020816835,3865.9084853402424,3192.268677039966,-0.5860721057087852,0.2846608054808379,1770.9875,1195.2115,-533.87354,129.071,119.43786,92.90143,8.001285,32.910694,28.805761,33.409122,15.500736,19.450544,1.9473714,15.403764,-0.043528516,14.896273,-13.7926035,19.241684,6.161,9.906725,2.4018528,10.36712,-18.789814,18.503141,-4.13361,9.848942,1.422062,8.297901
G23_D03_E_23_Notr_C1.wav,Grup_23,0.07475761894707207,0.08599106163524917,0.021908103,0.02191634,3672.6947101424244,2943.7282619006355,-0.14119796510776547,0.3895967733652711,1759.8267,1170.674,-506.2756,119.66272,131.48186,87.16946,10.971507,32.605225,23.354338,20.451353,14.733335,20.160246,6.7182255,19.761086,1.6989515,13.929946,-11.405273,15.28326,7.523481,10.878856,0.5211094,9.035169,-13.351844,14.571203,0.49572554,8.341273,-3.800089,7.838673
G23_D03_E_23_Ofkeli_C3.wav,Grup_23,0.09113621067356419,0.09194020627995966,0.019191302,0.022464493,4591.614918064622,3424.136935924297,-0.07552054026184837,0.5389730586029242,1859.1016,1164.0154,-530.01404,130.11429,107.21394,91.01652,2.830975,31.65836,24.333807,26.514677,13.036551,20.352976,0.38505915,15.472696,3.63395,13.828521,-6.4150405,13.963647,9.912919,11.525113,2.2595198,9.984939,-20.28333,20.270973,-1.6268142,7.949012,2.8038032,8.848162
G23_D04_E_24_Notr_C1.wav,Grup_23,0.08035181130573249,0.08699924494864701,0.021256417,0.019963918,3873.8489263286506,2987.995733549218,0.04679266075182019,0.37313689156785806,1775.9005,1165.9872,-508.47302,127.815735,132.87611,89.52744,6.958045,31.76102,26.738596,24.88194,6.685123,20.716576,-0.4308944,16.606665,5.630123,16.338282,-6.49622,13.090167,11.234906,12.119191,-3.8772037,10.423699,-18.743618,15.785735,5.241186,10.54036,-1.5136164,8.069875
G23_D04_E_24_Saskin_C5.wav,Grup_23,0.09983066502463055,0.09264124641953103,0.020631239,0.021646768,4300.753542578311,3142.760978789391,-0.26465181293273154,0.41108289466484865,1909.405,1168.6685,-489.1128,122.521,108.13149,81.520805,-5.6665,35.503582,30.967686,31.496588,11.060501,21.577923,-1.6496899,16.759804,5.0106506,15.23367,-11.0614195,14.254705,8.203323,12.174655,4.7894845,8.553074,-16.863398,16.476402,-4.939836,9.226817,0.3425495,9.564033
G23_D04_E_24_Uzgun_C4.wav,Grup_23,0.08551025390625,0.08856649377968356,0.020966496,0.023339694,4121.544064711261,3190.920093367384,0.09605532302724111,0.5173551644880647,1910.7523,1194.278,-504.35553,114.00891,103.616455,79.100716,4.0911603,34.924335,30.486158,29.170292,18.914913,20.095137,2.0336828,14.842595,6.8752418,13.7008095,-5.8020425,12.695847,4.9333973,9.704093,2.9695978,9.679428,-17.683132,16.718071,-5.030213,9.814515,0.8433152,7.472211
G23_D05_C_12_Mutlu_C2.wav,Grup_23,0.0787445142251816,0.08742337841188946,0.020408401,0.02121496,3898.438621235653,3087.19346674749,-0.6194882280218276,0.28828090880147034,1847.4023,1189.1674,-514.2005,92.52084,96.5927,70.616905,14.008351,27.969784,19.015047,23.671957,12.982545,17.069801,-2.3597584,14.202861,-6.951282,12.489224,-12.827978,13.895454,-9.492535,11.7596035,-9.314038,10.150402,-5.472232,9.523939,-3.0290856,7.7798066,-13.376638,10.669332
G23_D05_C_12_Notr_C1.wav,Grup_23,0.0764431423611111,0.07817477723476404,0.015467946,0.01569789,3647.198114592428,3059.2017292769356,-0.3288377639617347,0.2989841301386805,1716.2606,1138.955,-536.4271,125.54239,129.735,81.880714,-8.260162,31.824007,15.888,28.721483,5.618782,19.95285,-1.7302376,14.025434,-5.54689,15.630692,-19.602892,18.268978,1.0635335,9.205323,-7.193033,9.112267,-11.510667,11.087193,3.6926136,9.212176,-11.504564,10.635768
G23_D05_C_12_Saskin_C5.wav,Grup_23,0.09264768297283703,0.08974801896658312,0.019663291,0.021169977,3849.4964064274996,3029.5276339192433,-0.2660000369642283,0.40522150168151433,1752.879,1160.0636,-496.94394,109.81059,104.49485,69.953186,-8.91377,28.724371,26.465551,31.705484,8.41532,19.661085,-2.7477098,15.682548,0.8760932,13.197014,-20.466078,17.98484,-7.3439865,12.295006,-4.855897,10.720088,-9.327145,10.1402235,-2.426156,8.014111,-14.213999,11.143791
G23_D06_C_12_Mutlu_C2.wav,Grup_23,0.0748579322393216,0.06775708300265318,0.02262901,0.017599246,3307.14251501441,2740.2059947859843,-0.5108857979397572,0.01638189529964765,1712.7535,1138.9863,-457.81604,127.44148,135.7004,72.30842,-41.085526,40.750427,18.63192,28.226477,3.133248,19.483528,-17.728378,17.520966,-2.8058543,15.02611,-10.87317,16.194838,3.2280414,10.084798,-12.641438,14.230202,-15.292989,11.050043,5.784371,11.112415,-15.259863,10.70453
G23_D06_C_12_Ofkeli_C3.wav,Grup_23,0.08628627232142858,0.07516889933807216,0.021511447,0.0198637,3742.919830198641,2730.718853712033,-0.36556358966390107,0.15190138259625602,1835.4252,1141.857,-455.83957,125.33642,121.574265,68.76895,-50.4328,40.890385,18.095991,26.99269,-4.113337,21.61033,-28.16254,21.314545,-8.219295,14.601094,-18.79161,19.200953,-7.5777864,13.836177,-19.774965,14.311356,-19.903141,12.750438,1.8029227,11.175344,-16.676311,11.157172
G23_D06_C_12_Uzgun_C4.wav,Grup_23,0.08901038536658654,0.08150735556634502,0.01940929,0.016141703,3852.452828095648,2978.860285850432,-0.3074107869050275,0.23356813156944925,1831.4316,1157.1406,-485.88364,132.57872,121.30135,68.78915,-42.057743,43.873745,35.284885,35.30788,11.515375,22.821117,-11.784805,14.810455,0.42960387,15.5699215,-20.500582,16.84901,-3.4450166,10.930312,-10.337113,10.25003,-16.859404,11.877762,-1.4785006,7.733808,-17.807747,11.755012
